framework,strategy,mode,property,mutation,trial,status,tests,discards,shrinking_passed,shrinking_failed,shrinking_discarded,exec_time_pre,gen_time,time_shrinking,time_pre_failure,pre_size,cex_size,gt_size,pre_ted_to_gt,ted_to_gt
Quick,Quick,default,SinglePreserve,tshift_tvar_all,0,Failed,278,550579,0,0,0,0.325834994437173,0.2913290055003017,0.0005429999437183142,0.6171639999374747,71,71,19,72.0,72.0
Quick,Quick,default,SinglePreserve,tshift_tvar_all,1,Failed,471,959584,0,0,0,0.5430910186842084,0.48579198122024536,0.0009260000661015512,1.0288829999044538,68,68,19,67.0,67.0
Quick,Quick,default,SinglePreserve,tshift_tvar_all,2,Failed,110,214589,0,0,0,0.12176700122654438,0.11063599889166653,0.0005210000090301037,0.2324030001182109,46,46,19,38.0,38.0
Quick,Quick,default,SinglePreserve,tshift_tvar_all,3,Failed,335,748970,0,0,0,0.4344550031237304,0.3995389968622476,0.0004579999949783087,0.833993999985978,52,52,19,45.0,45.0
Quick,Quick,default,SinglePreserve,tshift_tvar_all,4,Failed,60,88596,0,0,0,0.0523169981315732,0.047609001863747835,0.0004420001059770584,0.09992599999532104,63,63,19,61.0,61.0
Quick,Quick,default,SinglePreserve,tshift_tvar_all,5,Failed,109,200381,0,0,0,0.11398501158691944,0.10145398834720253,0.0004330000374466181,0.21543899993412197,41,41,19,36.0,36.0
Quick,Quick,default,SinglePreserve,tshift_tvar_all,6,Failed,879,1825852,0,0,0,1.048393959645182,0.9456450403667984,0.0004489999264478683,1.9940390000119803,78,78,19,80.0,80.0
Quick,Quick,default,SinglePreserve,tshift_tvar_all,7,Failed,117,225256,0,0,0,0.1265639855992049,0.11474101431667807,0.00045199994929134846,0.24130499991588297,48,48,19,39.0,39.0
Quick,Quick,default,SinglePreserve,tshift_tvar_all,8,Failed,727,1554201,0,0,0,0.9080330117139964,0.8249209884088488,0.00027299998328089714,1.7329540001228452,70,70,19,69.0,69.0
Quick,Quick,default,SinglePreserve,tshift_tvar_all,9,Failed,310,698930,0,0,0,0.41472001606598496,0.3801739839836955,0.0004859999753534794,0.7948940000496805,36,36,19,26.0,26.0
Quick,Quick,default,MultiPreserve,tshift_tvar_all,0,Failed,48,90795,0,0,0,0.057889007264748216,0.05354899284429848,0.0002840000670403242,0.1114380001090467,34,34,19,20.0,20.0
Quick,Quick,default,MultiPreserve,tshift_tvar_all,1,Failed,624,1211280,0,0,0,0.7099580040667206,0.6496289959177375,0.00023799994960427284,1.359586999984458,37,37,19,31.0,31.0
Quick,Quick,default,MultiPreserve,tshift_tvar_all,2,Failed,1202,2489400,0,0,0,1.479493013350293,1.3436839864589274,0.00032700016163289547,2.8231769998092204,53,53,19,50.0,50.0
Quick,Quick,default,MultiPreserve,tshift_tvar_all,3,Failed,43,93545,0,0,0,0.0569230099208653,0.05269199004396796,0.000447999918833375,0.10961499996483326,46,46,19,40.0,40.0
Quick,Quick,default,MultiPreserve,tshift_tvar_all,4,Failed,140,321912,0,0,0,0.187842016806826,0.17430898314341903,0.0004539999645203352,0.362150999950245,51,51,19,43.0,43.0
Quick,Quick,default,MultiPreserve,tshift_tvar_all,5,Failed,225,511103,0,0,0,0.3002180012408644,0.2721969988197088,0.00042399996891617775,0.5724150000605732,43,43,19,37.0,37.0
Quick,Quick,default,MultiPreserve,tshift_tvar_all,6,Failed,197,382579,0,0,0,0.227941989665851,0.2098480104468763,0.000278000021353364,0.4377900001127273,57,57,19,57.0,57.0
Quick,Quick,default,MultiPreserve,tshift_tvar_all,7,Failed,40,101227,0,0,0,0.0601229986641556,0.05560200149193406,0.00044599990360438824,0.11572500015608966,48,48,19,39.0,39.0
Quick,Quick,default,MultiPreserve,tshift_tvar_all,8,Failed,313,618387,0,0,0,0.37312898761592805,0.3385030124336481,0.0004710000939667225,0.7116320000495762,75,75,19,75.0,75.0
Quick,Quick,default,MultiPreserve,tshift_tvar_all,9,Failed,283,559070,0,0,0,0.33346799528226256,0.30451100459322333,0.0004840001929551363,0.6379789998754859,66,66,19,64.0,64.0
Quick,Quick,default,SinglePreserve,tshift_tvar_no_incr,0,Failed,52,104471,0,0,0,0.07469899044372141,0.07248900947161019,0.0002880000974982977,0.1471879999153316,31,31,16,22.0,22.0
Quick,Quick,default,SinglePreserve,tshift_tvar_no_incr,1,Failed,69,162694,0,0,0,0.09613999188877642,0.08837500819936395,0.00045299995690584183,0.18451500008814037,33,33,16,24.0,24.0
Quick,Quick,default,SinglePreserve,tshift_tvar_no_incr,2,Failed,293,583440,0,0,0,0.3420449770055711,0.30858502304181457,0.0004489999264478683,0.6506300000473857,42,42,16,38.0,38.0
Quick,Quick,default,SinglePreserve,tshift_tvar_no_incr,3,Failed,48,106048,0,0,0,0.0630299870390445,0.05815801303833722,0.0004660000558942557,0.12118800007738172,75,75,16,83.0,83.0
Quick,Quick,default,SinglePreserve,tshift_tvar_no_incr,4,Failed,162,305637,0,0,0,0.18067397852428255,0.1650830216240138,0.00027900002896785736,0.34575700014829636,41,41,16,34.0,34.0
Quick,Quick,default,SinglePreserve,tshift_tvar_no_incr,5,Failed,8,9831,0,0,0,0.005658005364239216,0.006693994626402855,0.0002470000181347132,0.01235199999064207,33,33,16,23.0,23.0
Quick,Quick,default,SinglePreserve,tshift_tvar_no_incr,6,Failed,54,92431,0,0,0,0.055437000934034586,0.05140299908816813,0.0002569998614490032,0.10684000002220272,78,78,16,86.0,86.0
Quick,Quick,default,SinglePreserve,tshift_tvar_no_incr,7,Failed,11,11942,0,0,0,0.006781999487429857,0.007807000540196896,0.0002460000105202198,0.014589000027626753,25,25,16,12.0,12.0
Quick,Quick,default,SinglePreserve,tshift_tvar_no_incr,8,Failed,73,150571,0,0,0,0.0907469952944666,0.08176900469698013,0.0002620001323521137,0.17251599999144673,51,51,16,47.0,47.0
Quick,Quick,default,SinglePreserve,tshift_tvar_no_incr,9,Failed,46,86060,0,0,0,0.05098199844360352,0.047083001583814614,0.0003249999135732651,0.09806500002741814,36,36,16,29.0,29.0
Quick,Quick,default,MultiPreserve,tshift_tvar_no_incr,0,Failed,192,408856,0,0,0,0.24101899075321853,0.21566500910557806,0.0004180001560598612,0.4566839998587966,27,27,16,15.0,15.0
Quick,Quick,default,MultiPreserve,tshift_tvar_no_incr,1,Failed,9,5456,0,0,0,0.003733001183718443,0.0032789986580610275,0.0002870000898838043,0.0070119998417794704,40,40,16,37.0,37.0
Quick,Quick,default,MultiPreserve,tshift_tvar_no_incr,2,Failed,335,691408,0,0,0,0.4208220017608255,0.43639999837614596,0.00047399988397955894,0.8572220001369715,40,40,16,35.0,35.0
Quick,Quick,default,MultiPreserve,tshift_tvar_no_incr,3,Failed,95,151843,0,0,0,0.09005499514751136,0.08126700483262539,0.0004419998731464147,0.17132199998013675,28,28,16,16.0,16.0
Quick,Quick,default,MultiPreserve,tshift_tvar_no_incr,4,Failed,44,77373,0,0,0,0.046302992617711425,0.04247000743634999,0.000260000117123127,0.08877300005406141,74,74,16,78.0,78.0
Quick,Quick,default,MultiPreserve,tshift_tvar_no_incr,5,Failed,13,7042,0,0,0,0.004639000166207552,0.004427999956533313,0.00024800002574920654,0.009067000122740865,40,40,16,32.0,32.0
Quick,Quick,default,MultiPreserve,tshift_tvar_no_incr,6,Failed,46,103758,0,0,0,0.06263699871487916,0.05732400133274497,0.0004629998002201319,0.11996100004762413,28,28,16,16.0,16.0
Quick,Quick,default,MultiPreserve,tshift_tvar_no_incr,7,Failed,116,241975,0,0,0,0.14259400870651007,0.1315229912288487,0.0004430001135915518,0.27411699993535876,48,48,16,43.0,43.0
Quick,Quick,default,MultiPreserve,tshift_tvar_no_incr,8,Failed,109,233508,0,0,0,0.13925000466406345,0.1281819953583181,0.00045299995690584183,0.26743200002238154,25,25,16,15.0,15.0
Quick,Quick,default,MultiPreserve,tshift_tvar_no_incr,9,Failed,47,92667,0,0,0,0.05555600393563509,0.05141299613751471,0.00025200005620718,0.1069690000731498,37,37,16,29.0,29.0
Quick,Quick,default,SinglePreserve,tshift_all_no_incr,0,Failed,1255,2632272,0,0,0,1.5843600421212614,1.444662957917899,0.00032199989072978497,3.0290230000391603,61,61,19,58.0,58.0
Quick,Quick,default,SinglePreserve,tshift_all_no_incr,1,Failed,420,897522,0,0,0,0.5295849964022636,0.48768000374548137,0.00028300005942583084,1.017265000147745,75,75,19,79.0,79.0
Quick,Quick,default,SinglePreserve,tshift_all_no_incr,2,Failed,93,182014,0,0,0,0.11027499753981829,0.09889900241978467,0.00025599985383450985,0.20917399995960295,84,84,19,88.0,88.0
Quick,Quick,default,SinglePreserve,tshift_all_no_incr,3,Failed,676,1349919,0,0,0,0.8017519891727716,0.7361410108860582,0.00030499999411404133,1.5378930000588298,46,46,19,37.0,37.0
Quick,Quick,default,SinglePreserve,tshift_all_no_incr,4,Failed,36,67796,0,0,0,0.04168800497427583,0.03738399501889944,0.0002810000441968441,0.07907199999317527,55,55,19,52.0,52.0
Quick,Quick,default,SinglePreserve,tshift_all_no_incr,5,Failed,401,810564,0,0,0,0.4830110177863389,0.4391329821664839,0.0004539999645203352,0.9221439999528228,31,31,19,17.0,17.0
Quick,Quick,default,SinglePreserve,tshift_all_no_incr,6,Failed,22,22851,0,0,0,0.01393600134178996,0.013282998465001583,0.00024099997244775295,0.027218999806791544,70,70,19,72.0,72.0
Quick,Quick,default,SinglePreserve,tshift_all_no_incr,7,Failed,122,207977,0,0,0,0.12353899679146708,0.11186500312760471,0.000475000124424696,0.2354039999190718,70,70,19,70.0,70.0
Quick,Quick,default,SinglePreserve,tshift_all_no_incr,8,Failed,346,737801,0,0,0,0.43654301878996193,0.3922829811926931,0.00026899995282292366,0.828825999982655,91,91,19,98.0,98.0
Quick,Quick,default,SinglePreserve,tshift_all_no_incr,9,Failed,362,697165,0,0,0,0.4097120054066181,0.3681649947538972,0.0004619997926056385,0.7778770001605153,34,34,19,23.0,23.0
Quick,Quick,default,MultiPreserve,tshift_all_no_incr,0,Failed,79,189998,0,0,0,0.11629101098515092,0.10489698895253245,0.000467000063508749,0.22118799993768337,83,83,19,87.0,87.0
Quick,Quick,default,MultiPreserve,tshift_all_no_incr,1,Failed,4,14405,0,0,0,0.009042000863701103,0.008435999043285848,0.00028300005942583084,0.017477999906986952,77,77,19,79.0,79.0
Quick,Quick,default,MultiPreserve,tshift_all_no_incr,2,Failed,28,65931,0,0,0,0.04018499795347452,0.03696900187060237,0.0004590000025928021,0.07715399982407689,44,44,19,39.0,39.0
Quick,Quick,default,MultiPreserve,tshift_all_no_incr,3,Failed,38,65174,0,0,0,0.03910999326035381,0.03611500677652656,0.000467000063508749,0.07522500003688037,40,40,19,28.0,28.0
Quick,Quick,default,MultiPreserve,tshift_all_no_incr,4,Failed,824,1602921,0,0,0,0.9369290177710354,0.8460539821535349,0.0004590000025928021,1.7829829999245703,40,40,19,28.0,28.0
Quick,Quick,default,MultiPreserve,tshift_all_no_incr,5,Failed,154,294228,0,0,0,0.1766819895710796,0.16215101047419012,0.0004640000406652689,0.3388330000452697,64,64,19,61.0,61.0
Quick,Quick,default,MultiPreserve,tshift_all_no_incr,6,Failed,33,82840,0,0,0,0.050435992423444986,0.046043007634580135,0.000421999953687191,0.09647900005802512,62,62,19,58.0,58.0
Quick,Quick,default,MultiPreserve,tshift_all_no_incr,7,Failed,299,613918,0,0,0,0.35778900841251016,0.3234229914378375,0.0005290000699460506,0.6812119998503476,75,75,19,77.0,77.0
Quick,Quick,default,MultiPreserve,tshift_all_no_incr,8,Failed,988,2082409,0,0,0,1.2241219903808087,1.1072270097211003,0.00042399996891617775,2.331349000101909,60,60,19,59.0,59.0
Quick,Quick,default,MultiPreserve,tshift_all_no_incr,9,Failed,96,189990,0,0,0,0.11292200349271296,0.10070699639618401,0.0004650000482797622,0.21362899988889697,59,59,19,54.0,54.0
Quick,Quick,default,SinglePreserve,shift_var_all,0,Failed,54101,111351923,0,0,0,64.37094609602354,58.07207890390417,0.0005149999633431435,122.44302499992772,73,73,22,73.0,73.0
Quick,Quick,default,SinglePreserve,shift_var_all,1,Failed,2900,6129616,0,0,0,3.6343581383116543,3.306304861791432,0.00027600000612437725,6.940663000103086,49,49,22,39.0,39.0
Quick,Quick,default,SinglePreserve,shift_var_all,2,Failed,60315,123743947,0,0,0,71.81932428316213,64.73340671672486,0.0005370001308619976,136.552730999887,63,63,22,55.0,55.0
Quick,Quick,default,SinglePreserve,shift_var_all,3,Failed,13493,27680683,0,0,0,15.929691882338377,14.320259117754174,0.00046999985352158546,30.24995100009255,58,58,22,49.0,49.0
Quick,Quick,default,SinglePreserve,shift_var_all,4,Failed,70098,142913335,0,0,0,82.9841348612681,74.87954813870601,0.000297000166028738,157.86368299997412,41,41,22,26.0,26.0
Quick,Quick,default,SinglePreserve,shift_var_all,5,Failed,107199,219427220,0,0,0,128.22517665009946,116.38942934968512,0.0004740001168102026,244.61460599978457,40,40,22,24.0,24.0
Quick,Quick,default,SinglePreserve,shift_var_all,6,Failed,9943,20250147,0,0,0,11.665536997606978,10.500062002334744,0.0004900000058114529,22.16559899994172,46,46,22,32.0,32.0
Quick,Quick,default,SinglePreserve,shift_var_all,7,Failed,58646,120149341,0,0,0,69.77463655616157,63.16118844388984,0.0003349999897181988,132.9358250000514,59,59,22,54.0,54.0
Quick,Quick,default,SinglePreserve,shift_var_all,8,timed_out,,,,,,,0,,,0,0,22,,
Quick,Quick,default,MultiPreserve,shift_var_all,0,Failed,43415,88648588,0,0,0,51.32133505214006,46.38960394798778,0.0004969998262822628,97.71093900012784,61,61,22,55.0,55.0
Quick,Quick,default,MultiPreserve,shift_var_all,1,Failed,4047,8291545,0,0,0,4.735460881376639,4.227586118504405,0.0004869999829679728,8.963046999881044,58,58,22,51.0,51.0
Quick,Quick,default,MultiPreserve,shift_var_all,2,Failed,56673,116010764,0,0,0,66.79568528570235,60.32969371415675,0.00050400011241436,127.1253789998591,47,47,22,36.0,36.0
Quick,Quick,default,MultiPreserve,shift_var_all,3,Failed,51268,104776234,0,0,0,60.10873038112186,53.88454761891626,0.0004420001059770584,113.99327800003812,63,63,22,57.0,57.0
Quick,Quick,default,MultiPreserve,shift_var_all,4,Failed,26640,54597028,0,0,0,31.940636083250865,28.747778916731477,0.0004950000438839197,60.68841499998234,36,36,22,21.0,21.0
Quick,Quick,default,MultiPreserve,shift_var_all,5,Failed,4467,9068056,0,0,0,5.141825944650918,4.605527055449784,0.0004650000482797622,9.747353000100702,52,52,22,42.0,42.0
Quick,Quick,default,MultiPreserve,shift_var_all,6,Failed,42061,85289943,0,0,0,48.54975179512985,43.536692204652354,0.0004710000939667225,92.0864439997822,45,45,22,31.0,31.0
Quick,Quick,default,MultiPreserve,shift_var_all,7,Failed,10855,21879499,0,0,0,12.629015083424749,11.407809916650875,0.0004590000025928021,24.036825000075623,56,56,22,46.0,46.0
Quick,Quick,default,MultiPreserve,shift_var_all,8,Failed,54414,111599709,0,0,0,63.45547504606657,56.83825795399025,0.0002679999452084303,120.29373300005682,39,39,22,23.0,23.0
Quick,Quick,default,MultiPreserve,shift_var_all,9,Failed,42745,87008461,0,0,0,49.64924591593444,44.47335008392112,0.0004920000210404396,94.12259599985556,39,39,22,23.0,23.0
Quick,Quick,default,SinglePreserve,shift_var_no_incr,0,Failed,152977,312351931,0,0,0,180.2922342037782,163.85046279616654,0.0026809999253600836,344.14269699994475,44,44,22,30.0,30.0
Quick,Quick,default,SinglePreserve,shift_var_no_incr,1,timed_out,,,,,,,0,,,0,0,22,,
Quick,Quick,default,MultiPreserve,shift_var_no_incr,0,Failed,3602,7432218,0,0,0,4.393164965789765,4.096040034200996,0.0005200000014156103,8.489204999990761,72,72,22,69.0,69.0
Quick,Quick,default,MultiPreserve,shift_var_no_incr,1,timed_out,,,,,,,0,,,0,0,22,,
Quick,Quick,default,SinglePreserve,shift_abs_no_incr,0,Failed,34521,71242067,0,0,0,41.36986511480063,37.18707488523796,0.000530000077560544,78.5569400000386,43,43,22,28.0,28.0
Quick,Quick,default,SinglePreserve,shift_abs_no_incr,1,Failed,10866,22185805,0,0,0,12.926604161038997,11.730533838737754,0.0004710000939667225,24.65713799977675,46,46,22,36.0,36.0
Quick,Quick,default,SinglePreserve,shift_abs_no_incr,2,timed_out,,,,,,,0,,,0,0,22,,
Quick,Quick,default,MultiPreserve,shift_abs_no_incr,0,Failed,22839,46535128,0,0,0,27.32407702645287,24.66671697353013,0.00047600013203918934,51.990793999983,61,61,22,52.0,52.0
Quick,Quick,default,MultiPreserve,shift_abs_no_incr,1,Failed,71853,146595051,0,0,0,84.87065138597973,76.4957066141069,0.0005010000895708799,161.36635800008662,56,56,22,46.0,46.0
Quick,Quick,default,MultiPreserve,shift_abs_no_incr,2,Failed,41015,83781644,0,0,0,48.2916254112497,43.47335158870554,0.0005660001188516617,91.76497699995524,42,42,22,27.0,27.0
Quick,Quick,default,MultiPreserve,shift_abs_no_incr,3,Failed,1342,2746875,0,0,0,1.5940840407274663,1.4470959592144936,0.0005530000198632479,3.04117999994196,50,50,22,38.0,38.0
Quick,Quick,default,MultiPreserve,shift_abs_no_incr,4,Failed,34998,70941597,0,0,0,41.084587971679866,37.22220202838071,0.00048099993728101254,78.30679000006057,48,48,22,35.0,35.0
Quick,Quick,default,MultiPreserve,shift_abs_no_incr,5,Failed,2013,4175338,0,0,0,2.4396550266537815,2.222341973334551,0.0004780001472681761,4.661996999988332,40,40,22,24.0,24.0
Quick,Quick,default,MultiPreserve,shift_abs_no_incr,6,Failed,142383,291895627,0,0,0,171.2476493762806,155.22176562366076,0.0011609999928623438,326.46941499994136,42,42,22,30.0,30.0
Quick,Quick,default,MultiPreserve,shift_abs_no_incr,7,Failed,9071,18597615,0,0,0,10.761972986161709,9.708698013797402,0.0005570000503212214,20.47067099995911,63,63,22,56.0,56.0
Quick,Quick,default,MultiPreserve,shift_abs_no_incr,8,Failed,114698,235884217,0,0,0,137.36384822498076,124.47163777495734,0.0011100000701844692,261.8354859999381,51,51,22,41.0,41.0
Quick,Quick,default,MultiPreserve,shift_abs_no_incr,9,Failed,6908,14152214,0,0,0,8.323523008730263,7.581708991201593,0.0005110001657158136,15.905231999931855,42,42,22,30.0,30.0
Quick,Quick,default,SinglePreserve,shift_typ_tabs_no_incr,0,Failed,19409,39384450,0,0,0,23.060757802333683,20.969503197586164,0.0005280000623315573,44.03026099991985,59,59,27,45.0,45.0
Quick,Quick,default,SinglePreserve,shift_typ_tabs_no_incr,1,Failed,62977,128955495,0,0,0,75.36446898174472,68.34248001826927,0.0005229997914284468,143.706949000014,76,76,27,69.0,69.0
Quick,Quick,default,SinglePreserve,shift_typ_tabs_no_incr,2,Failed,137478,280375336,0,0,0,164.51940054493025,149.65231745503843,0.001316000008955598,314.1717179999687,89,89,27,87.0,87.0
Quick,Quick,default,SinglePreserve,shift_typ_tabs_no_incr,3,timed_out,,,,,,,0,,,0,0,27,,
Quick,Quick,default,MultiPreserve,shift_typ_tabs_no_incr,0,Failed,45947,93910381,0,0,0,53.46573589765467,47.721551102353246,0.0004920000210404396,101.18728700000791,57,57,27,43.0,43.0
Quick,Quick,default,MultiPreserve,shift_typ_tabs_no_incr,1,Failed,159578,326080162,0,0,0,186.72078103432432,166.77716496563517,0.0018820001278072596,353.4979459999595,50,50,27,31.0,31.0
Quick,Quick,default,MultiPreserve,shift_typ_tabs_no_incr,2,Failed,82441,168182130,0,0,0,96.5205830456689,86.10173395439051,0.0012000000569969416,182.6223170000594,48,48,27,28.0,28.0
Quick,Quick,default,MultiPreserve,shift_typ_tabs_no_incr,3,timed_out,,,,,,,0,,,0,0,27,,
Quick,Quick,default,SinglePreserve,tsubst_tvar_flip,0,Failed,43,81076,0,0,0,0.05983200133778155,0.052780998870730414,0.0004509999416768551,0.11261300020851196,43,43,16,39.0,39.0
Quick,Quick,default,SinglePreserve,tsubst_tvar_flip,1,Failed,17,29204,0,0,0,0.017575997859239578,0.017346002161502838,0.00033900002017617226,0.034922000020742416,16,16,16,12.0,12.0
Quick,Quick,default,SinglePreserve,tsubst_tvar_flip,2,Failed,5,8959,0,0,0,0.00597599963657558,0.006112000439316034,0.0002609998919069767,0.012088000075891614,28,28,16,24.0,24.0
Quick,Quick,default,SinglePreserve,tsubst_tvar_flip,3,Failed,24,35011,0,0,0,0.021487004356458783,0.02025399566628039,0.0004330000374466181,0.04174100002273917,75,75,16,82.0,82.0
Quick,Quick,default,SinglePreserve,tsubst_tvar_flip,4,Failed,28,29423,0,0,0,0.018077000742778185,0.01677099918015301,0.0002590001095086336,0.034847999922931194,39,39,16,32.0,32.0
Quick,Quick,default,SinglePreserve,tsubst_tvar_flip,5,Failed,20,22384,0,0,0,0.013587000081315637,0.013214999809861183,0.00026299990713596344,0.02680199989117682,27,27,16,18.0,18.0
Quick,Quick,default,SinglePreserve,tsubst_tvar_flip,6,Failed,30,62105,0,0,0,0.03681099764071405,0.03431500238366425,0.00043599982745945454,0.0711260000243783,57,57,16,55.0,55.0
Quick,Quick,default,SinglePreserve,tsubst_tvar_flip,7,Failed,83,156135,0,0,0,0.09430301119573414,0.08451398881152275,0.00045100017450749874,0.1788170000072569,39,39,16,35.0,35.0
Quick,Quick,default,SinglePreserve,tsubst_tvar_flip,8,Failed,29,65952,0,0,0,0.039340996416285634,0.035452003590762615,0.0004569999873638153,0.07479300000704825,55,55,16,53.0,53.0
Quick,Quick,default,SinglePreserve,tsubst_tvar_flip,9,Failed,14,16838,0,0,0,0.010298002744093536,0.010915997438132765,0.00030700000934302807,0.0212140001822263,67,67,16,71.0,71.0
Quick,Quick,default,MultiPreserve,tsubst_tvar_flip,0,Failed,6,7772,0,0,0,0.004859000211581588,0.004834999796003105,0.00019800011068582535,0.009694000007584693,57,57,16,57.0,57.0
Quick,Quick,default,MultiPreserve,tsubst_tvar_flip,1,Failed,25,35838,0,0,0,0.022865005303174257,0.020324994809925556,0.0004610000178217888,0.04319000011309981,48,48,16,45.0,45.0
Quick,Quick,default,MultiPreserve,tsubst_tvar_flip,2,Failed,15,21913,0,0,0,0.012862002244219184,0.013166997814550996,0.00026199989952147007,0.02602900005877018,68,68,16,70.0,70.0
Quick,Quick,default,MultiPreserve,tsubst_tvar_flip,3,Failed,16,26096,0,0,0,0.01669900119304657,0.014425998786464334,0.0002739999908953905,0.031124999979510903,55,55,16,55.0,55.0
Quick,Quick,default,MultiPreserve,tsubst_tvar_flip,4,Failed,2,3954,0,0,0,0.0026560015976428986,0.002838998334482312,0.0005610000807791948,0.005494999932125211,24,24,16,18.0,18.0
Quick,Quick,default,MultiPreserve,tsubst_tvar_flip,5,Failed,19,32348,0,0,0,0.020329000428318977,0.018532999558374286,0.0002590001095086336,0.03886199998669326,33,33,16,24.0,24.0
Quick,Quick,default,MultiPreserve,tsubst_tvar_flip,6,Failed,48,103916,0,0,0,0.06183700077235699,0.05491099925711751,0.0004569999873638153,0.1167480000294745,61,61,16,62.0,62.0
Quick,Quick,default,MultiPreserve,tsubst_tvar_flip,7,Failed,8,14968,0,0,0,0.009240000275895,0.008697999641299248,0.00024800002574920654,0.017937999917194247,45,45,16,39.0,39.0
Quick,Quick,default,MultiPreserve,tsubst_tvar_flip,8,Failed,3,8927,0,0,0,0.005613000364974141,0.0055229996796697396,0.0002530000638216734,0.01113600004464388,36,36,16,27.0,27.0
Quick,Quick,default,MultiPreserve,tsubst_tvar_flip,9,Failed,16,15074,0,0,0,0.010146998800337316,0.008767001330852507,0.00026999996043741703,0.018914000131189823,39,39,16,36.0,36.0
Quick,Quick,default,SinglePreserve,tsubst_tvar_no_shift,0,Failed,17,37859,0,0,0,0.0252240018453449,0.025015998166054487,0.00038599991239607334,0.05024000001139939,38,38,16,31.0,31.0
Quick,Quick,default,SinglePreserve,tsubst_tvar_no_shift,1,Failed,32,60879,0,0,0,0.03674400062300265,0.03197499946691096,0.0002749999985098839,0.0687190000899136,77,77,16,83.0,83.0
Quick,Quick,default,SinglePreserve,tsubst_tvar_no_shift,2,Failed,24,36192,0,0,0,0.02204099716618657,0.019658002769574523,0.00037800008431077,0.041698999935761094,66,66,16,67.0,67.0
Quick,Quick,default,SinglePreserve,tsubst_tvar_no_shift,3,Failed,15,26439,0,0,0,0.016488999128341675,0.014742000959813595,0.00038599991239607334,0.03123100008815527,33,33,16,24.0,24.0
Quick,Quick,default,SinglePreserve,tsubst_tvar_no_shift,4,Failed,117,245852,0,0,0,0.145222004968673,0.13171599502675235,0.0002630001399666071,0.27693799999542534,34,34,16,24.0,24.0
Quick,Quick,default,SinglePreserve,tsubst_tvar_no_shift,5,Failed,1,751,0,0,0,0.0006689999718219042,0.0005910000763833523,0.00021700002253055573,0.0012600000482052565,42,42,16,35.0,35.0
Quick,Quick,default,SinglePreserve,tsubst_tvar_no_shift,6,Failed,35,45079,0,0,0,0.026854993542656302,0.02493400638923049,0.00025999988429248333,0.05178899993188679,28,28,16,19.0,19.0
Quick,Quick,default,SinglePreserve,tsubst_tvar_no_shift,7,Failed,184,326192,0,0,0,0.18931302125565708,0.17041297885589302,0.0002870000898838043,0.3597260001115501,43,43,16,37.0,37.0
Quick,Quick,default,SinglePreserve,tsubst_tvar_no_shift,8,Failed,148,238705,0,0,0,0.13898000377230346,0.12280299630947411,0.00025999988429248333,0.2617830000817776,44,44,16,41.0,41.0
Quick,Quick,default,SinglePreserve,tsubst_tvar_no_shift,9,Failed,21,38268,0,0,0,0.0232690020930022,0.021232997765764594,0.00023300014436244965,0.044501999858766794,46,46,16,41.0,41.0
Quick,Quick,default,MultiPreserve,tsubst_tvar_no_shift,0,Failed,112,230462,0,0,0,0.13381098792888224,0.12195301218889654,0.0002739999908953905,0.2557640001177788,43,43,16,36.0,36.0
Quick,Quick,default,MultiPreserve,tsubst_tvar_no_shift,1,Failed,115,263241,0,0,0,0.16401198785752058,0.1473230121191591,0.00028000003658235073,0.3113349999766797,51,51,16,48.0,48.0
Quick,Quick,default,MultiPreserve,tsubst_tvar_no_shift,2,Failed,14,35720,0,0,0,0.02273999759927392,0.01930200238712132,0.00025500007905066013,0.04204199998639524,30,30,16,23.0,23.0
Quick,Quick,default,MultiPreserve,tsubst_tvar_no_shift,3,Failed,153,317453,0,0,0,0.19303201464936137,0.17583398544229567,0.00025599985383450985,0.36886600009165704,27,27,16,17.0,17.0
Quick,Quick,default,MultiPreserve,tsubst_tvar_no_shift,4,Failed,66,117944,0,0,0,0.07136800303123891,0.06411099690012634,0.0002850000746548176,0.13547899993136525,41,41,16,34.0,34.0
Quick,Quick,default,MultiPreserve,tsubst_tvar_no_shift,5,Failed,99,270902,0,0,0,0.15853799018077552,0.14278200967237353,0.000475000124424696,0.30131999985314906,82,82,16,90.0,90.0
Quick,Quick,default,MultiPreserve,tsubst_tvar_no_shift,6,Failed,60,119170,0,0,0,0.06936698849312961,0.0638840114697814,0.00045599997974932194,0.133250999962911,45,45,16,41.0,41.0
Quick,Quick,default,MultiPreserve,tsubst_tvar_no_shift,7,Failed,55,135969,0,0,0,0.0805489958729595,0.07218300411477685,0.0004560002125799656,0.15273199998773634,41,41,16,37.0,37.0
Quick,Quick,default,MultiPreserve,tsubst_tvar_no_shift,8,Failed,32,49290,0,0,0,0.029334994731470942,0.02642200537957251,0.00045499997213482857,0.05575700011104345,45,45,16,39.0,39.0
Quick,Quick,default,MultiPreserve,tsubst_tvar_no_shift,9,Failed,17,15685,0,0,0,0.009953998727723956,0.008835001150146127,0.00026500015519559383,0.018788999877870083,55,55,16,53.0,53.0
Quick,Quick,default,SinglePreserve,tsubst_tvar_over_shift,0,Failed,11,15554,0,0,0,0.018350998405367136,0.0188410016708076,0.000491999788209796,0.037192000076174736,59,59,16,61.0,61.0
Quick,Quick,default,SinglePreserve,tsubst_tvar_over_shift,1,Failed,7,21983,0,0,0,0.015389994950965049,0.013980005169287322,0.0002679999452084303,0.02937000012025237,58,58,16,61.0,61.0
Quick,Quick,default,SinglePreserve,tsubst_tvar_over_shift,2,Failed,29,66511,0,0,0,0.038379005854949355,0.03583999420516193,0.0004420001059770584,0.07421900006011128,33,33,16,24.0,24.0
Quick,Quick,default,SinglePreserve,tsubst_tvar_over_shift,3,Failed,3,5841,0,0,0,0.003607997903600335,0.0036360020749270916,0.00020500016398727897,0.007243999978527427,40,40,16,37.0,37.0
Quick,Quick,default,SinglePreserve,tsubst_tvar_over_shift,4,Failed,0,3213,0,0,0,0.0021619992330670357,0.0021590006072074175,0.00021500000730156896,0.004320999840274453,69,69,16,73.0,73.0
Quick,Quick,default,SinglePreserve,tsubst_tvar_over_shift,5,Failed,3,10018,0,0,0,0.00574700185097754,0.006357998121529818,0.00022000004537403584,0.012104999972507358,31,31,16,26.0,26.0
Quick,Quick,default,SinglePreserve,tsubst_tvar_over_shift,6,Failed,41,65934,0,0,0,0.038055995013564825,0.036519004963338375,0.0004560002125799656,0.0745749999769032,28,28,16,21.0,21.0
Quick,Quick,default,SinglePreserve,tsubst_tvar_over_shift,7,Failed,33,48781,0,0,0,0.02933300449512899,0.02629099553450942,0.0004509999416768551,0.05562400002963841,49,49,16,46.0,46.0
Quick,Quick,default,SinglePreserve,tsubst_tvar_over_shift,8,Failed,14,12129,0,0,0,0.007533997530117631,0.007136002415791154,0.00026899995282292366,0.014669999945908785,54,54,16,55.0,55.0
Quick,Quick,default,SinglePreserve,tsubst_tvar_over_shift,9,Failed,26,42987,0,0,0,0.025479005184024572,0.023315995000302785,0.00045299995690584183,0.04879500018432736,45,45,16,41.0,41.0
Quick,Quick,default,MultiPreserve,tsubst_tvar_over_shift,0,Failed,40,73281,0,0,0,0.04255400877445936,0.03980799112468958,0.0004370000679045915,0.08236199989914894,68,68,16,73.0,73.0
Quick,Quick,default,MultiPreserve,tsubst_tvar_over_shift,1,Failed,52,91305,0,0,0,0.05463398830033839,0.04849601164460181,0.00044000009074807167,0.1031299999449402,34,34,16,25.0,25.0
Quick,Quick,default,MultiPreserve,tsubst_tvar_over_shift,2,Failed,36,63687,0,0,0,0.038187004160135984,0.03335299575701356,0.00044499989598989487,0.07153999991714954,39,39,16,33.0,33.0
Quick,Quick,default,MultiPreserve,tsubst_tvar_over_shift,3,Failed,3,17,0,0,0,3.600027412176132e-05,0.0002969997003674507,0.00019599986262619495,0.00033299997448921204,16,16,16,12.0,12.0
Quick,Quick,default,MultiPreserve,tsubst_tvar_over_shift,4,Failed,50,86144,0,0,0,0.05087800160981715,0.046248998492956175,0.00045599997974932194,0.09712700010277332,68,68,16,72.0,72.0
Quick,Quick,default,MultiPreserve,tsubst_tvar_over_shift,5,Failed,6,5486,0,0,0,0.0033840015530586243,0.0036609983071684837,0.00032700016163289547,0.007044999860227108,33,33,16,24.0,24.0
Quick,Quick,default,MultiPreserve,tsubst_tvar_over_shift,6,Failed,33,64893,0,0,0,0.03805200452916324,0.033869995502755046,0.0004469999112188816,0.07192200003191829,48,48,16,46.0,46.0
Quick,Quick,default,MultiPreserve,tsubst_tvar_over_shift,7,Failed,6,6568,0,0,0,0.004236000357195735,0.003996999701485038,0.00022500008344650269,0.008233000058680773,61,61,16,63.0,63.0
Quick,Quick,default,MultiPreserve,tsubst_tvar_over_shift,8,Failed,40,90246,0,0,0,0.05388901545666158,0.048566984478384256,0.0004090000875294209,0.10245599993504584,34,34,16,24.0,24.0
Quick,Quick,default,MultiPreserve,tsubst_tvar_over_shift,9,Failed,38,54275,0,0,0,0.032417991664260626,0.029642008477821946,0.0004429998807609081,0.06206000014208257,62,62,16,66.0,66.0
Quick,Quick,default,SinglePreserve,tsubst_all_no_tshift,0,Failed,947,1983910,0,0,0,1.1392969724256543,1.024723027367145,0.0005250000394880772,2.1640199997927994,45,45,21,32.0,32.0
Quick,Quick,default,SinglePreserve,tsubst_all_no_tshift,1,Failed,27,47331,0,0,0,0.028124991105869412,0.026005008723586798,0.0004539999645203352,0.05412999982945621,33,33,21,17.0,17.0
Quick,Quick,default,SinglePreserve,tsubst_all_no_tshift,2,Failed,534,1058896,0,0,0,0.6028490101452917,0.5380799898412079,0.00045599997974932194,1.1409289999864995,96,96,21,103.0,103.0
Quick,Quick,default,SinglePreserve,tsubst_all_no_tshift,3,Failed,3969,8189566,0,0,0,4.630232935072854,4.150364064844325,0.0004749998915940523,8.78059699991718,45,45,21,32.0,32.0
Quick,Quick,default,SinglePreserve,tsubst_all_no_tshift,4,Failed,11952,24371551,0,0,0,13.809452965157108,12.347178034950042,0.0004910000134259462,26.15663100010715,56,56,21,48.0,48.0
Quick,Quick,default,SinglePreserve,tsubst_all_no_tshift,5,Failed,43,68182,0,0,0,0.04015399911440909,0.03567800088785589,0.0004660000558942557,0.07583200000226498,49,49,21,38.0,38.0
Quick,Quick,default,SinglePreserve,tsubst_all_no_tshift,6,Failed,1975,4128637,0,0,0,2.33227297058329,2.0819140293169767,0.0004770001396536827,4.4141869999002665,88,88,21,92.0,92.0
Quick,Quick,default,SinglePreserve,tsubst_all_no_tshift,7,Failed,3562,7293819,0,0,0,4.265078024938703,3.8022589748725295,0.0003760000690817833,8.067336999811232,43,43,21,30.0,30.0
Quick,Quick,default,SinglePreserve,tsubst_all_no_tshift,8,Failed,1040,2189530,0,0,0,1.266715987585485,1.1472020123619586,0.0004700000863522291,2.4139179999474436,39,39,21,24.0,24.0
Quick,Quick,default,SinglePreserve,tsubst_all_no_tshift,9,Failed,1947,3908401,0,0,0,2.2097210518550128,1.9816919481381774,0.00048099993728101254,4.19141299999319,36,36,21,21.0,21.0
Quick,Quick,default,MultiPreserve,tsubst_all_no_tshift,0,Failed,3351,6910892,0,0,0,3.881178037496284,3.4610469625331457,0.0004569999873638153,7.34222500002943,40,40,21,33.0,33.0
Quick,Quick,default,MultiPreserve,tsubst_all_no_tshift,1,Failed,2411,4936028,0,0,0,2.7854380342178047,2.486019965959713,0.0004979998338967562,5.2714580001775175,53,53,21,44.0,44.0
Quick,Quick,default,MultiPreserve,tsubst_all_no_tshift,2,Failed,3158,6537210,0,0,0,3.708193998783827,3.320477001136169,0.0005250000394880772,7.028670999919996,99,99,21,105.0,105.0
Quick,Quick,default,MultiPreserve,tsubst_all_no_tshift,3,Failed,19,36881,0,0,0,0.02152600046247244,0.02094199974089861,0.0005149999633431435,0.04246800020337105,58,58,21,50.0,50.0
Quick,Quick,default,MultiPreserve,tsubst_all_no_tshift,4,Failed,4027,7984097,0,0,0,4.595642992993817,4.151149007026106,0.00047699990682303905,8.746792000019923,67,67,21,62.0,62.0
Quick,Quick,default,MultiPreserve,tsubst_all_no_tshift,5,Failed,2496,5038703,0,0,0,2.9309540898539126,2.665499910246581,0.0004579999949783087,5.596454000100493,57,57,21,49.0,49.0
Quick,Quick,default,MultiPreserve,tsubst_all_no_tshift,6,Failed,6145,12437330,0,0,0,7.222521051764488,6.5532359483186156,0.00048399996012449265,13.775757000083104,54,54,21,46.0,46.0
Quick,Quick,default,MultiPreserve,tsubst_all_no_tshift,7,Failed,1638,3324725,0,0,0,1.9678189996629951,1.7760170004330578,0.00047399988397955894,3.743836000096053,33,33,21,16.0,16.0
Quick,Quick,default,MultiPreserve,tsubst_all_no_tshift,8,Failed,2062,4386573,0,0,0,2.5886480268090963,2.3561259731650352,0.0004700000863522291,4.944773999974132,33,33,21,16.0,16.0
Quick,Quick,default,MultiPreserve,tsubst_all_no_tshift,9,Failed,1926,3939994,0,0,0,2.3155059958808124,2.0977830041665584,0.00046200002543628216,4.413289000047371,49,49,21,38.0,38.0
Quick,Quick,default,SinglePreserve,subst_var_flip,0,Failed,31,52367,0,0,0,0.03986099548637867,0.03482300462201238,0.0002669999375939369,0.07468400010839105,25,25,13,18.0,18.0
Quick,Quick,default,SinglePreserve,subst_var_flip,1,Failed,67,154540,0,0,0,0.09063300141133368,0.081492998637259,0.00025100004859268665,0.1721260000485927,40,40,13,37.0,37.0
Quick,Quick,default,SinglePreserve,subst_var_flip,2,Failed,273,558126,0,0,0,0.3227610015310347,0.2912559984251857,0.00023699994198977947,0.6140169999562204,42,42,13,40.0,40.0
Quick,Quick,default,SinglePreserve,subst_var_flip,3,Failed,233,466122,0,0,0,0.27432101918384433,0.24873698083683848,0.00025400007143616676,0.5230580000206828,41,41,13,40.0,40.0
Quick,Quick,default,SinglePreserve,subst_var_flip,4,Failed,110,273696,0,0,0,0.16330799995921552,0.15179900010116398,0.0002889998722821474,0.3151070000603795,41,41,13,39.0,39.0
Quick,Quick,default,SinglePreserve,subst_var_flip,5,Failed,136,299654,0,0,0,0.183288011001423,0.1666429890319705,0.0002739999908953905,0.3499310000333935,33,33,13,27.0,27.0
Quick,Quick,default,SinglePreserve,subst_var_flip,6,Failed,8,7590,0,0,0,0.005112995160743594,0.005123004782944918,0.00025200005620718,0.010235999943688512,123,123,13,149.0,149.0
Quick,Quick,default,SinglePreserve,subst_var_flip,7,Failed,124,238269,0,0,0,0.1417149961926043,0.1258090038318187,0.0002770000137388706,0.267524000024423,40,40,13,37.0,37.0
Quick,Quick,default,SinglePreserve,subst_var_flip,8,Failed,34,57823,0,0,0,0.0342900026589632,0.03183199744671583,0.0004639998078346253,0.06612200010567904,70,70,13,79.0,79.0
Quick,Quick,default,SinglePreserve,subst_var_flip,9,Failed,104,206261,0,0,0,0.12040801346302032,0.11086098640225828,0.0004489999264478683,0.2312689998652786,19,19,13,9.0,9.0
Quick,Quick,default,MultiPreserve,subst_var_flip,0,Failed,59,127042,0,0,0,0.07438399665988982,0.06772800325416028,0.000449000159278512,0.1421119999140501,42,42,13,40.0,40.0
Quick,Quick,default,MultiPreserve,subst_var_flip,1,Failed,445,930756,0,0,0,0.5465560047887266,0.48819599533453584,0.0004509999416768551,1.0347520001232624,42,42,13,40.0,40.0
Quick,Quick,default,MultiPreserve,subst_var_flip,2,Failed,186,393142,0,0,0,0.2318810080178082,0.20841799187473953,0.0004640000406652689,0.4402989998925477,81,81,13,93.0,93.0
Quick,Quick,default,MultiPreserve,subst_var_flip,3,Failed,92,188628,0,0,0,0.11045401636511087,0.10093798348680136,0.00045499997213482857,0.21139199985191223,57,57,13,60.0,60.0
Quick,Quick,default,MultiPreserve,subst_var_flip,4,Failed,11,15548,0,0,0,0.009342000121250749,0.008958999766036868,0.0002530000638216734,0.018300999887287617,33,33,13,28.0,28.0
Quick,Quick,default,MultiPreserve,subst_var_flip,5,Failed,177,364045,0,0,0,0.21264100424014032,0.19395199581049383,0.0002399999648332596,0.40659300005063415,34,34,13,30.0,30.0
Quick,Quick,default,MultiPreserve,subst_var_flip,6,Failed,372,747552,0,0,0,0.43401500629261136,0.3935809936374426,0.00046200002543628216,0.827595999930054,60,60,13,64.0,64.0
Quick,Quick,default,MultiPreserve,subst_var_flip,7,Failed,21,26300,0,0,0,0.01573199895210564,0.015794001054018736,0.00026199989952147007,0.03152600000612438,64,64,13,70.0,70.0
Quick,Quick,default,MultiPreserve,subst_var_flip,8,Failed,115,198040,0,0,0,0.11470499611459672,0.11393400374799967,0.000438000075519085,0.2286389998625964,62,62,13,69.0,69.0
Quick,Quick,default,MultiPreserve,subst_var_flip,9,Failed,92,214341,0,0,0,0.1219860021956265,0.10912599763832986,0.00042200018651783466,0.23111199983395636,58,58,13,62.0,62.0
Quick,Quick,default,SinglePreserve,subst_var_no_decr,0,Failed,126,283305,0,0,0,0.16839800658635795,0.14748999360017478,0.0004689998459070921,0.31588800018653274,33,33,13,28.0,28.0
Quick,Quick,default,SinglePreserve,subst_var_no_decr,1,Failed,1094,2343331,0,0,0,1.3338970188051462,1.1933659811038524,0.0003919999580830336,2.5272629999089986,19,19,13,10.0,10.0
Quick,Quick,default,SinglePreserve,subst_var_no_decr,2,Failed,656,1267134,0,0,0,0.7184349824674428,0.6435970175080001,0.00046300003305077553,1.3620319999754429,31,31,13,26.0,26.0
Quick,Quick,default,SinglePreserve,subst_var_no_decr,3,Failed,1020,2118555,0,0,0,1.2680390384048223,1.099288961617276,0.0004970000591129065,2.3673280000220984,37,37,13,32.0,32.0
Quick,Quick,default,SinglePreserve,subst_var_no_decr,4,Failed,334,683543,0,0,0,0.3878390248864889,0.3453359752893448,0.00046200002543628216,0.7331750001758337,19,19,13,10.0,10.0
Quick,Quick,default,SinglePreserve,subst_var_no_decr,5,Failed,196,373266,0,0,0,0.21226198854856193,0.1891330115031451,0.0004499999340623617,0.40139500005170703,54,54,13,56.0,56.0
Quick,Quick,default,SinglePreserve,subst_var_no_decr,6,Failed,199,403782,0,0,0,0.2307329815812409,0.20905201858840883,0.0004689998459070921,0.4397850001696497,63,63,13,68.0,68.0
Quick,Quick,default,SinglePreserve,subst_var_no_decr,7,Failed,9,10078,0,0,0,0.006118999794125557,0.0061690001748502254,0.00020800018683075905,0.012287999968975782,27,27,13,19.0,19.0
Quick,Quick,default,SinglePreserve,subst_var_no_decr,8,Failed,2054,4194532,0,0,0,2.3718569434713572,2.12728605652228,0.00047600013203918934,4.499142999993637,70,70,13,77.0,77.0
Quick,Quick,default,SinglePreserve,subst_var_no_decr,9,Failed,333,651266,0,0,0,0.3685210128314793,0.326804987154901,0.00044700014404952526,0.6953259999863803,58,58,13,61.0,61.0
Quick,Quick,default,MultiPreserve,subst_var_no_decr,0,Failed,284,549323,0,0,0,0.3113119706977159,0.2768530291505158,0.00047200010158121586,0.5881649998482317,22,22,13,12.0,12.0
Quick,Quick,default,MultiPreserve,subst_var_no_decr,1,Failed,1033,2076001,0,0,0,1.1769289900548756,1.0451320097781718,0.00028300005942583084,2.2220609998330474,72,72,13,79.0,79.0
Quick,Quick,default,MultiPreserve,subst_var_no_decr,2,Failed,548,1079847,0,0,0,0.6233239774592221,0.5640340226236731,0.00026599992997944355,1.1873580000828952,42,42,13,39.0,39.0
Quick,Quick,default,MultiPreserve,subst_var_no_decr,3,Failed,1128,2328383,0,0,0,1.3232900022994727,1.1793989976868033,0.00046200002543628216,2.502688999986276,48,48,13,47.0,47.0
Quick,Quick,default,MultiPreserve,subst_var_no_decr,4,Failed,766,1531356,0,0,0,0.8692839739378542,0.7822810260113329,0.00045599997974932194,1.651564999949187,25,25,13,16.0,16.0
Quick,Quick,default,MultiPreserve,subst_var_no_decr,5,Failed,372,723843,0,0,0,0.4081999845802784,0.3647470152936876,0.00047600013203918934,0.772946999873966,59,59,13,63.0,63.0
Quick,Quick,default,MultiPreserve,subst_var_no_decr,6,Failed,522,1077984,0,0,0,0.6074480009265244,0.5409789991099387,0.0004920000210404396,1.1484270000364631,36,36,13,32.0,32.0
Quick,Quick,default,MultiPreserve,subst_var_no_decr,7,Failed,554,1083550,0,0,0,0.629175988258794,0.5678980117663741,0.00045499997213482857,1.197074000025168,37,37,13,33.0,33.0
Quick,Quick,default,MultiPreserve,subst_var_no_decr,8,Failed,66,149889,0,0,0,0.09212500578723848,0.08298599417321384,0.0004700000863522291,0.17511099996045232,87,87,13,100.0,100.0
Quick,Quick,default,MultiPreserve,subst_var_no_decr,9,Failed,1216,2548431,0,0,0,1.456684011267498,1.2913329887669536,0.0004920000210404396,2.7480170000344515,58,58,13,62.0,62.0
Quick,Quick,default,SinglePreserve,subst_abs_no_shift,0,Failed,53572,109441707,0,0,0,62.483153127133846,56.1174618729856,0.00045299995690584183,118.60061500011945,33,33,22,15.0,15.0
Quick,Quick,default,SinglePreserve,subst_abs_no_shift,1,timed_out,,,,,,,0,,,0,0,22,,
Quick,Quick,default,MultiPreserve,subst_abs_no_shift,0,timed_out,,,,,,,0,,,0,0,22,,
Quick,Quick,default,SinglePreserve,subst_abs_no_incr,0,Failed,19,27757,0,0,0,0.026400999166071415,0.027057000901550055,0.0005339998751878738,0.05345800006762147,48,48,19,40.0,40.0
Quick,Quick,default,SinglePreserve,subst_abs_no_incr,1,Failed,1555,3120612,0,0,0,1.8161000269465148,1.6582409730181098,0.000522000016644597,3.4743409999646246,58,58,19,56.0,56.0
Quick,Quick,default,SinglePreserve,subst_abs_no_incr,2,Failed,956,1933156,0,0,0,1.1332520223222673,1.0357709776144475,0.0004770001396536827,2.1690229999367148,64,64,19,61.0,61.0
Quick,Quick,default,SinglePreserve,subst_abs_no_incr,3,Failed,104,206777,0,0,0,0.1632059991825372,0.13986200070939958,0.0005230000242590904,0.3030679998919368,57,57,19,54.0,54.0
Quick,Quick,default,SinglePreserve,subst_abs_no_incr,4,Failed,182,353415,0,0,0,0.20649297907948497,0.19069402106106279,0.00048099993728101254,0.39718700014054775,36,36,19,23.0,23.0
Quick,Quick,default,SinglePreserve,subst_abs_no_incr,5,Failed,575,1129587,0,0,0,0.6590920023154467,0.5997059976216406,0.0004710000939667225,1.2587979999370873,54,54,19,47.0,47.0
Quick,Quick,default,SinglePreserve,subst_abs_no_incr,6,Failed,51,101285,0,0,0,0.0593389926943928,0.05536400736309588,0.00029699993319809437,0.11470300005748868,52,52,19,45.0,45.0
Quick,Quick,default,SinglePreserve,subst_abs_no_incr,7,Failed,74,144974,0,0,0,0.08580900589004159,0.07788199419155717,0.0004960000514984131,0.16369100008159876,27,27,19,15.0,15.0
Quick,Quick,default,SinglePreserve,subst_abs_no_incr,8,Failed,175,339803,0,0,0,0.1982599929906428,0.18273500702343878,0.0004859999753534794,0.3809950000140816,68,68,19,66.0,66.0
Quick,Quick,default,SinglePreserve,subst_abs_no_incr,9,Failed,850,1684230,0,0,0,0.984841037541628,0.8991379623766987,0.0004889999981969595,1.8839789999183267,59,59,19,54.0,54.0
Quick,Quick,default,MultiPreserve,subst_abs_no_incr,0,Failed,156,334531,0,0,0,0.1960029946640134,0.17871200526133177,0.0004700000863522291,0.3747149999253452,38,38,19,30.0,30.0
Quick,Quick,default,MultiPreserve,subst_abs_no_incr,1,Failed,462,864770,0,0,0,0.5038459836505353,0.45733501622453343,0.0004780001472681761,0.9611809998750688,47,47,19,42.0,42.0
Quick,Quick,default,MultiPreserve,subst_abs_no_incr,2,Failed,1340,2732124,0,0,0,1.594995035091415,1.4430169649422169,0.0004869999829679728,3.038012000033632,50,50,19,42.0,42.0
Quick,Quick,default,MultiPreserve,subst_abs_no_incr,3,Failed,79,171171,0,0,0,0.10133599792607129,0.09188600210472941,0.00044599990360438824,0.1932220000308007,45,45,19,36.0,36.0
Quick,Quick,default,MultiPreserve,subst_abs_no_incr,4,Failed,265,531472,0,0,0,0.3111580107361078,0.28255398920737207,0.00046300003305077553,0.5937119999434799,43,43,19,33.0,33.0
Quick,Quick,default,MultiPreserve,subst_abs_no_incr,5,Failed,226,449040,0,0,0,0.2628129767253995,0.2409080232027918,0.0002670001704245806,0.5037209999281913,39,39,19,32.0,32.0
Quick,Quick,default,MultiPreserve,subst_abs_no_incr,6,Failed,599,1230873,0,0,0,0.725142986048013,0.6581320140976459,0.0004929997958242893,1.3832750001456589,44,44,19,34.0,34.0
Quick,Quick,default,MultiPreserve,subst_abs_no_incr,7,Failed,213,489556,0,0,0,0.28092198935337365,0.2556010107509792,0.0004789999220520258,0.5365230001043528,69,69,19,68.0,68.0
Quick,Quick,default,MultiPreserve,subst_abs_no_incr,8,Failed,58,111162,0,0,0,0.0656500009354204,0.05998299899511039,0.0004660000558942557,0.1256329999305308,69,69,19,68.0,68.0
Quick,Quick,default,MultiPreserve,subst_abs_no_incr,9,Failed,461,923250,0,0,0,0.5437890246976167,0.49016997520811856,0.00045599997974932194,1.0339589999057353,34,34,19,21.0,21.0
Quick,Quick,default,SinglePreserve,subst_tabs_no_shift,0,Failed,57717,118345264,0,0,0,68.54956617462449,62.33751282538287,0.00046699983067810535,130.88707900000736,80,80,26,76.0,76.0
Quick,Quick,default,SinglePreserve,subst_tabs_no_shift,1,Failed,3232,6538287,0,0,0,3.679580956464634,3.3329370433930303,0.0005100001581013203,7.012517999857664,51,51,26,37.0,37.0
Quick,Quick,default,SinglePreserve,subst_tabs_no_shift,2,Failed,17365,35837530,0,0,0,20.165481117088348,18.138319883029908,0.0004910000134259462,38.303801000118256,42,42,26,27.0,27.0
Quick,Quick,default,SinglePreserve,subst_tabs_no_shift,3,Failed,159216,325720303,0,0,0,186.16774821165015,168.66319078835662,0.0004700000863522291,354.83093900000677,51,51,26,36.0,36.0
Quick,Quick,default,SinglePreserve,subst_tabs_no_shift,4,Failed,111710,229027759,0,0,0,131.22634756471962,118.95661943545565,0.00048399996012449265,250.18296700017527,36,36,26,20.0,20.0
Quick,Quick,default,SinglePreserve,subst_tabs_no_shift,5,Failed,60264,123104905,0,0,0,72.78521591518074,66.98832508479245,0.0012030000798404217,139.7735409999732,57,57,26,42.0,42.0
Quick,Quick,default,SinglePreserve,subst_tabs_no_shift,6,Failed,17462,35835241,0,0,0,20.772335996618494,18.952771003358066,0.0005010000895708799,39.72510699997656,73,73,26,65.0,65.0
Quick,Quick,default,SinglePreserve,subst_tabs_no_shift,7,Failed,3385,6988415,0,0,0,4.0357680537272245,3.670737946173176,0.00032800016924738884,7.706505999900401,38,38,26,21.0,21.0
Quick,Quick,default,SinglePreserve,subst_tabs_no_shift,8,Failed,75876,155240557,0,0,0,89.84588967124,81.79981432878412,0.001089000143110752,171.64570400002412,39,39,26,25.0,25.0
Quick,Quick,default,SinglePreserve,subst_tabs_no_shift,9,Failed,49238,100925587,0,0,0,58.57030220027082,53.24807379976846,0.000278000021353364,111.81837600003928,63,63,26,52.0,52.0
Quick,Quick,default,MultiPreserve,subst_tabs_no_shift,0,Failed,13654,27947364,0,0,0,16.134655952453613,14.678159047616646,0.0005179999861866236,30.81281500007026,58,58,26,45.0,45.0
Quick,Quick,default,MultiPreserve,subst_tabs_no_shift,1,Failed,59035,120446566,0,0,0,71.70178000815213,65.32347099180333,0.0031960001215338707,137.02525099995546,53,53,26,38.0,38.0
Quick,Quick,default,MultiPreserve,subst_tabs_no_shift,2,Failed,16768,34539563,0,0,0,20.011624810285863,18.174101189710203,0.0019570000004023314,38.185725999996066,38,38,26,23.0,23.0
Quick,Quick,default,MultiPreserve,subst_tabs_no_shift,3,Failed,20310,42172118,0,0,0,24.593983206665143,22.255371793406084,0.0005729999393224716,46.84935500007123,40,40,26,26.0,26.0
Quick,Quick,default,MultiPreserve,subst_tabs_no_shift,4,Failed,53610,108751905,0,0,0,62.95538684586063,57.04989415407181,0.000601000152528286,120.00528099993244,27,27,26,14.0,14.0
Quick,Quick,default,MultiPreserve,subst_tabs_no_shift,5,Failed,30109,61406692,0,0,0,35.633066057926044,32.27333094202913,0.0023250000085681677,67.90639699995518,38,38,26,24.0,24.0
Quick,Quick,default,MultiPreserve,subst_tabs_no_shift,6,Failed,57073,115780362,0,0,0,67.17669006343931,60.833439936628565,0.0016449999529868364,128.01013000006787,76,76,26,72.0,72.0
Quick,Quick,default,MultiPreserve,subst_tabs_no_shift,7,Failed,43538,89122992,0,0,0,51.71268793893978,46.86185206100346,0.0005620000883936882,98.57453999994324,42,42,26,26.0,26.0
Quick,Quick,default,MultiPreserve,subst_tabs_no_shift,8,Failed,81112,165448216,0,0,0,96.49794690147974,87.64800809859298,0.0012550000101327896,184.14595500007272,43,43,26,27.0,27.0
Quick,Quick,default,MultiPreserve,subst_tabs_no_shift,9,Failed,42505,86594156,0,0,0,50.402258878340945,45.6637431215495,0.00032800016924738884,96.06600199989045,47,47,26,28.0,28.0
Quick,Quick,default,SinglePreserve,subst_typ_tabs_no_incr,0,Failed,40,49994,0,0,0,0.04045500583015382,0.03601899417117238,0.0005419999361038208,0.0764740000013262,41,41,16,34.0,34.0
Quick,Quick,default,SinglePreserve,subst_typ_tabs_no_incr,1,Failed,68,171506,0,0,0,0.09948599874041976,0.09194800117984413,0.0005410001613199711,0.1914339999202639,41,41,16,34.0,34.0
Quick,Quick,default,SinglePreserve,subst_typ_tabs_no_incr,2,Failed,31,51326,0,0,0,0.030623997561633587,0.028010002337396145,0.0006299999076873064,0.05863399989902973,24,24,16,11.0,11.0
Quick,Quick,default,SinglePreserve,subst_typ_tabs_no_incr,3,Failed,157,335209,0,0,0,0.1952930020634085,0.1750059979967773,0.0005409999284893274,0.3702990000601858,51,51,16,48.0,48.0
Quick,Quick,default,SinglePreserve,subst_typ_tabs_no_incr,4,Failed,49,115152,0,0,0,0.06586601119488478,0.06301298877224326,0.0004819999448955059,0.12887899996712804,25,25,16,12.0,12.0
Quick,Quick,default,SinglePreserve,subst_typ_tabs_no_incr,5,Failed,49,77078,0,0,0,0.04531400161795318,0.04176299856044352,0.0005129999481141567,0.0870770001783967,56,56,16,54.0,54.0
Quick,Quick,default,SinglePreserve,subst_typ_tabs_no_incr,6,Failed,115,199479,0,0,0,0.11644899635575712,0.105996003607288,0.000556000042706728,0.22244499996304512,24,24,16,12.0,12.0
Quick,Quick,default,SinglePreserve,subst_typ_tabs_no_incr,7,Failed,155,321014,0,0,0,0.1890680061187595,0.17073499388061464,0.0005459999665617943,0.35980299999937415,26,26,16,16.0,16.0
Quick,Quick,default,SinglePreserve,subst_typ_tabs_no_incr,8,Failed,245,417971,0,0,0,0.2427649844903499,0.22019601543433964,0.0005210000090301037,0.46296099992468953,25,25,16,13.0,13.0
Quick,Quick,default,SinglePreserve,subst_typ_tabs_no_incr,9,Failed,96,186405,0,0,0,0.10757799167186022,0.09987600822933018,0.00050400011241436,0.2074539999011904,71,71,16,75.0,75.0
Quick,Quick,default,MultiPreserve,subst_typ_tabs_no_incr,0,Failed,150,274220,0,0,0,0.15972001920454204,0.14607398072257638,0.0005359998904168606,0.3057939999271184,80,80,16,87.0,87.0
Quick,Quick,default,MultiPreserve,subst_typ_tabs_no_incr,1,Failed,158,290937,0,0,0,0.17098800209350884,0.15413799788802862,0.0005359998904168606,0.32512599998153746,33,33,16,23.0,23.0
Quick,Quick,default,MultiPreserve,subst_typ_tabs_no_incr,2,Failed,44,95694,0,0,0,0.05610999674536288,0.0515470034442842,0.0005169999785721302,0.10765700018964708,38,38,16,30.0,30.0
Quick,Quick,default,MultiPreserve,subst_typ_tabs_no_incr,3,Failed,30,60246,0,0,0,0.03660800191573799,0.032041998114436865,0.0005469999741762877,0.06865000003017485,42,42,16,37.0,37.0
Quick,Quick,default,MultiPreserve,subst_typ_tabs_no_incr,4,Failed,153,278997,0,0,0,0.16478200838901105,0.15210599149577317,0.0005690001416951418,0.3168879998847842,72,72,16,76.0,76.0
Quick,Quick,default,MultiPreserve,subst_typ_tabs_no_incr,5,Failed,66,127854,0,0,0,0.07511699898168445,0.0680850010830909,0.000467000063508749,0.14320200006477535,39,39,16,31.0,31.0
Quick,Quick,default,MultiPreserve,subst_typ_tabs_no_incr,6,Failed,16,12512,0,0,0,0.007936998503282666,0.007559001445770264,0.00031100003980100155,0.01549599994905293,36,36,16,29.0,29.0
Quick,Quick,default,MultiPreserve,subst_typ_tabs_no_incr,7,Failed,23,28363,0,0,0,0.017168004997074604,0.01562099508009851,0.00029499991796910763,0.032789000077173114,61,61,16,61.0,61.0
Quick,Quick,default,MultiPreserve,subst_typ_tabs_no_incr,8,Failed,33,74862,0,0,0,0.04412199021317065,0.04168900987133384,0.0005129999481141567,0.08581100008450449,42,42,16,36.0,36.0
Quick,Quick,default,MultiPreserve,subst_typ_tabs_no_incr,9,Failed,72,161040,0,0,0,0.09464700543321668,0.08540999446995555,0.0005169999785721302,0.18005699990317223,34,34,16,24.0,24.0
Quick,Quick,default,SinglePreserve,subst_typ_tabs_no_shift,0,Failed,46892,96604972,0,0,0,56.173254903173074,50.856964096892625,0.0006019999273121357,107.0302190000657,101,101,21,109.0,109.0
Quick,Quick,default,SinglePreserve,subst_typ_tabs_no_shift,1,Failed,3744,7591466,0,0,0,4.429772935807705,4.019690064247698,0.0005650001112371683,8.449463000055403,83,83,21,85.0,85.0
Quick,Quick,default,SinglePreserve,subst_typ_tabs_no_shift,2,Failed,20065,40979297,0,0,0,23.806879127398133,21.56336987274699,0.0005359998904168606,45.37024900014512,45,45,21,32.0,32.0
Quick,Quick,default,SinglePreserve,subst_typ_tabs_no_shift,3,Failed,8895,18119946,0,0,0,10.548202952370048,9.534243047470223,0.0004170001484453678,20.08244599984027,78,78,21,78.0,78.0
Quick,Quick,default,SinglePreserve,subst_typ_tabs_no_shift,4,Failed,3857,7955547,0,0,0,4.6535700131207705,4.216301986947656,0.0005630000960081816,8.869872000068426,56,56,21,48.0,48.0
Quick,Quick,default,SinglePreserve,subst_typ_tabs_no_shift,5,Failed,55626,113585496,0,0,0,66.010561022209,59.776973977684975,0.0005740001797676086,125.78753499989398,57,57,21,49.0,49.0
Quick,Quick,default,SinglePreserve,subst_typ_tabs_no_shift,6,Failed,38732,78990614,0,0,0,46.07851907145232,41.68142692837864,0.0005690001416951418,87.75994599983096,30,30,21,13.0,13.0
Quick,Quick,default,SinglePreserve,subst_typ_tabs_no_shift,7,Failed,896,1934356,0,0,0,1.1268750284798443,1.0214029715862125,0.000475000124424696,2.148278000066057,60,60,21,54.0,54.0
Quick,Quick,default,SinglePreserve,subst_typ_tabs_no_shift,8,Failed,1422,2938225,0,0,0,1.7603200366720555,1.5847299634478988,0.0004779999144375324,3.3450500001199543,73,73,21,71.0,71.0
Quick,Quick,default,SinglePreserve,subst_typ_tabs_no_shift,9,Failed,834,1555575,0,0,0,0.9075559920165688,0.8199880081228912,0.000556000042706728,1.72754400013946,40,40,21,26.0,26.0
Quick,Quick,default,MultiPreserve,subst_typ_tabs_no_shift,0,Failed,24415,50290020,0,0,0,29.27940617408603,26.631035825936127,0.0005469999741762877,55.91044200002216,33,33,21,16.0,16.0
Quick,Quick,default,MultiPreserve,subst_typ_tabs_no_shift,1,Failed,11496,23616107,0,0,0,13.751335066976026,12.462264933157709,0.00051099993288517,26.213600000133734,54,54,21,47.0,47.0
Quick,Quick,default,MultiPreserve,subst_typ_tabs_no_shift,2,Failed,10298,21314412,0,0,0,12.76070897351019,11.73481702664867,0.0002539998386055231,24.49552600015886,76,76,21,75.0,75.0
Quick,Quick,default,MultiPreserve,subst_typ_tabs_no_shift,3,Failed,24311,50154176,0,0,0,2257.479826804716,2934.828262195224,0.0012580000329762695,5192.30808899994,54,54,21,44.0,44.0
Quick,Quick,default,MultiPreserve,subst_typ_tabs_no_shift,4,Failed,3829,7664301,0,0,0,6.418714032974094,5.826602966990322,0.0005200000014156103,12.245316999964416,57,57,21,48.0,48.0
Quick,Quick,default,MultiPreserve,subst_typ_tabs_no_shift,5,Failed,26220,53987868,0,0,0,1136.887503852835,36.04489514720626,0.002023999812081456,1172.9323990000412,32,32,21,15.0,15.0
Quick,Quick,default,MultiPreserve,subst_typ_tabs_no_shift,6,Failed,45342,92347025,0,0,0,8581.475988333812,5350.718930666102,0.0006500000599771738,13932.194918999914,43,43,21,31.0,31.0
Quick,Quick,default,MultiPreserve,subst_typ_tabs_no_shift,7,Failed,2255,4616279,0,0,0,1072.6731140012853,2.843090998707339,0.00027900002896785736,1075.5162049999926,44,44,21,31.0,31.0
Quick,Quick,default,MultiPreserve,subst_typ_tabs_no_shift,8,Failed,13683,28332877,0,0,0,16.234537140466273,14.791791859548539,0.0005879998207092285,31.02632900001481,30,30,21,13.0,13.0
Quick,Quick,default,MultiPreserve,subst_typ_tabs_no_shift,9,Failed,24734,50114226,0,0,0,28.67186699481681,25.932632005307823,0.0005860000383108854,54.60449900012463,53,53,21,45.0,45.0
Quick,Correct,default,SinglePreserve,tshift_tvar_all,0,Failed,34,0,16,6,19,0.001066999975591898,0.0006030001677572729,0.0008859999943524599,0.001670000143349171,93,24,19,105.0,10.0
Quick,Correct,default,SinglePreserve,tshift_tvar_all,1,Failed,587,7,12,2,7,0.012294002110138535,0.001344997901469469,0.00038199988193809986,0.013639000011608005,47,21,19,41.0,11.0
Quick,Correct,default,SinglePreserve,tshift_tvar_all,2,Failed,601,4,25,9,96,0.010127000277861953,0.0008589997887611389,0.0005129999481141567,0.010986000066623092,117,26,19,137.0,13.0
Quick,Correct,default,SinglePreserve,tshift_tvar_all,3,Failed,186,1,17,4,31,0.0029359993059188128,0.0006310006137937307,0.00029300013557076454,0.0035669999197125435,106,50,19,124.0,46.0
Quick,Correct,default,SinglePreserve,tshift_tvar_all,4,Failed,144,0,9,3,5,0.002116000046953559,0.0003179998602718115,0.0006220000796020031,0.0024339999072253704,94,21,19,104.0,11.0
Quick,Correct,default,SinglePreserve,tshift_tvar_all,5,Failed,403,7,13,4,19,0.005260000471025705,0.0004769996739923954,0.00043100002221763134,0.005737000145018101,59,24,19,58.0,10.0
Quick,Correct,default,SinglePreserve,tshift_tvar_all,6,Failed,743,5,38,12,158,0.01000300026498735,0.0008929998148232698,0.0006309999153017998,0.01089600007981062,163,32,19,201.0,21.0
Quick,Correct,default,SinglePreserve,tshift_tvar_all,7,Failed,608,7,34,7,69,0.007813001051545143,0.0006399988196790218,0.0004640000406652689,0.008452999871224165,93,40,19,104.0,33.0
Quick,Correct,default,SinglePreserve,tshift_tvar_all,8,Failed,104,0,29,13,51,0.0017000003717839718,0.0003029995132237673,0.0004730001091957092,0.002002999885007739,258,27,19,334.0,14.0
Quick,Correct,default,SinglePreserve,tshift_tvar_all,9,Failed,367,4,17,7,26,0.005638000322505832,0.0004869997501373291,0.00033599999733269215,0.006125000072643161,171,27,19,211.0,14.0
Quick,Correct,default,MultiPreserve,tshift_tvar_all,0,Failed,14,0,21,8,21,0.00026400014758110046,0.00022799987345933914,0.00037400005385279655,0.0004920000210404396,221,24,19,280.0,15.0
Quick,Correct,default,MultiPreserve,tshift_tvar_all,1,Failed,730,7,12,3,10,0.009490000316873193,0.000716999638825655,0.0003029999788850546,0.010206999955698848,41,21,19,33.0,5.0
Quick,Correct,default,MultiPreserve,tshift_tvar_all,2,Failed,1308,6,23,5,19,0.016586001496762037,0.0011489985045045614,0.00038100010715425014,0.0177350000012666,99,24,19,112.0,15.0
Quick,Correct,default,MultiPreserve,tshift_tvar_all,3,Failed,5,0,79,17,136,9.600003249943256e-05,0.00022700009867548943,0.0008139999117702246,0.000323000131174922,286,41,19,371.0,36.0
Quick,Correct,default,MultiPreserve,tshift_tvar_all,4,Failed,194,2,13,6,14,0.002889998722821474,0.0003840012941509485,0.00034200004301965237,0.0032740000169724226,127,21,19,150.0,5.0
Quick,Correct,default,MultiPreserve,tshift_tvar_all,5,Failed,1003,12,20,8,32,0.012664999347180128,0.0011730005498975515,0.0004000000189989805,0.01383799989707768,149,24,19,182.0,10.0
Quick,Correct,default,MultiPreserve,tshift_tvar_all,6,Failed,81,0,21,9,34,0.001225999789312482,0.00027700024656951406,0.0003659999929368496,0.0015030000358819962,209,24,19,263.0,10.0
Quick,Correct,default,MultiPreserve,tshift_tvar_all,7,Failed,323,8,46,13,57,0.004748999606817961,0.0004610004834830761,0.000565999886021018,0.005210000090301037,383,30,19,505.0,21.0
Quick,Correct,default,MultiPreserve,tshift_tvar_all,8,Failed,16,0,59,17,177,0.00022500008344650269,0.0002159997820854187,0.0007380000315606594,0.0004409998655319214,211,40,19,267.0,31.0
Quick,Correct,default,MultiPreserve,tshift_tvar_all,9,Failed,437,0,19,7,19,0.005774000659584999,0.0005769995041191578,0.00029499991796910763,0.006351000163704157,93,21,19,103.0,5.0
Quick,Correct,default,SinglePreserve,tshift_tvar_no_incr,0,Failed,88,2,1,0,15,0.0033399993553757668,0.0012380005791783333,0.0009500000160187484,0.0045779999345541,50,50,16,53.0,53.0
Quick,Correct,default,SinglePreserve,tshift_tvar_no_incr,1,Failed,53,0,1,2,10,0.0009339998941868544,0.0005780002102255821,0.0003199998755007982,0.0015120001044124365,91,30,16,107.0,26.0
Quick,Correct,default,SinglePreserve,tshift_tvar_no_incr,2,Failed,518,6,1,4,15,0.007839999860152602,0.0014060002285987139,0.00032199989072978497,0.009246000088751316,125,40,16,156.0,39.0
Quick,Correct,default,SinglePreserve,tshift_tvar_no_incr,3,Failed,18,0,1,2,10,0.00020199990831315515,0.0002480002585798502,0.00027600000612437725,0.00045000016689300537,75,30,16,86.0,26.0
Quick,Correct,default,SinglePreserve,tshift_tvar_no_incr,4,Failed,425,5,3,2,31,0.006020999513566494,0.0007780005689710379,0.000278000021353364,0.006799000082537532,50,40,16,53.0,39.0
Quick,Correct,default,SinglePreserve,tshift_tvar_no_incr,5,Failed,333,1,1,0,15,0.00480300048366189,0.0004249995108693838,0.0002669999375939369,0.005227999994531274,50,50,16,53.0,53.0
Quick,Correct,default,SinglePreserve,tshift_tvar_no_incr,6,Failed,98,0,1,0,7,0.0014599997084587812,0.00026700040325522444,0.0002679999452084303,0.0017270001117140057,30,30,16,26.0,26.0
Quick,Correct,default,SinglePreserve,tshift_tvar_no_incr,7,Failed,356,1,39,17,96,0.008193000219762325,0.0009669996798038483,0.0006780000403523445,0.009159999899566174,184,55,16,239.0,59.0
Quick,Correct,default,SinglePreserve,tshift_tvar_no_incr,8,Failed,317,3,16,9,46,0.00495699979364872,0.0004560002125799656,0.0003510001115500927,0.005413000006228685,91,35,16,107.0,30.0
Quick,Correct,default,SinglePreserve,tshift_tvar_no_incr,9,Failed,22,0,1,0,15,0.0006329999305307865,0.0006900001317262652,0.0005469999741762877,0.0013230000622570517,50,50,16,53.0,53.0
Quick,Correct,default,MultiPreserve,tshift_tvar_no_incr,0,Failed,67,1,1,0,15,0.0009439997375011444,0.00029400037601590157,0.00036099995486438274,0.001238000113517046,50,50,16,53.0,53.0
Quick,Correct,default,MultiPreserve,tshift_tvar_no_incr,1,Failed,447,5,10,7,67,0.006702000508084893,0.0006259996443986893,0.000439999857917428,0.0073280001524835825,79,16,16,89.0,0.0
Quick,Correct,default,MultiPreserve,tshift_tvar_no_incr,2,Failed,48,0,10,6,28,0.0006949999369680882,0.0002569998614490032,0.0003640002105385065,0.0009519997984170914,138,43,16,172.0,41.0
Quick,Correct,default,MultiPreserve,tshift_tvar_no_incr,3,Failed,39,0,5,4,28,0.0011469998862594366,0.000323000131174922,0.0006200000643730164,0.0014700000174343586,65,35,16,74.0,32.0
Quick,Correct,default,MultiPreserve,tshift_tvar_no_incr,4,Failed,13,0,4,3,22,0.00017399992793798447,0.00027199997566640377,0.00031400006264448166,0.00044599990360438824,80,35,16,94.0,32.0
Quick,Correct,default,MultiPreserve,tshift_tvar_no_incr,5,Failed,165,2,3,2,16,0.002832000143826008,0.00035799993202090263,0.0003969999961555004,0.0031900000758469105,56,33,16,58.0,28.0
Quick,Correct,default,MultiPreserve,tshift_tvar_no_incr,6,Failed,299,3,6,6,26,0.007626001490280032,0.0011629986111074686,0.0009969999082386494,0.0087890001013875,99,38,16,119.0,34.0
Quick,Correct,default,MultiPreserve,tshift_tvar_no_incr,7,Failed,43,2,1,1,7,0.0006829996127635241,0.00023400038480758678,0.00022900011390447617,0.0009169999975711108,79,30,16,91.0,26.0
Quick,Correct,default,MultiPreserve,tshift_tvar_no_incr,8,Failed,158,3,2,0,14,0.0023839990608394146,0.0004010009579360485,0.0004090000875294209,0.002785000018775463,50,50,16,52.0,52.0
Quick,Correct,default,MultiPreserve,tshift_tvar_no_incr,9,Failed,80,2,30,22,116,0.0016530000139027834,0.001356000080704689,0.001328999875113368,0.0030090000946074724,259,26,16,341.0,15.0
Quick,Correct,default,SinglePreserve,tshift_all_no_incr,0,Failed,19,0,24,7,34,0.0008200004231184721,0.0010179996024817228,0.0009349999018013476,0.001838000025600195,81,21,19,89.0,5.0
Quick,Correct,default,SinglePreserve,tshift_all_no_incr,1,Failed,242,2,22,7,29,0.005474000005051494,0.0005260000471025705,0.0005269998218864202,0.006000000052154064,348,37,19,457.0,30.0
Quick,Correct,default,SinglePreserve,tshift_all_no_incr,2,Failed,1,0,27,9,59,8.399994112551212e-05,0.0002560000866651535,0.0004489999264478683,0.0003400000277906656,215,45,19,274.0,40.0
Quick,Correct,default,SinglePreserve,tshift_all_no_incr,3,Failed,128,2,18,7,29,0.0020910005550831556,0.00033299950882792473,0.000358999939635396,0.0024240000639110804,119,24,19,139.0,10.0
Quick,Correct,default,SinglePreserve,tshift_all_no_incr,4,Failed,58,0,21,8,31,0.0007669997867196798,0.00026800017803907394,0.000376999843865633,0.0010349999647587538,228,34,19,291.0,25.0
Quick,Correct,default,SinglePreserve,tshift_all_no_incr,5,Failed,4,0,50,15,98,0.00012199976481497288,0.00022900011390447617,0.0005630000960081816,0.00035099987871944904,272,49,19,351.0,45.0
Quick,Correct,default,SinglePreserve,tshift_all_no_incr,6,Failed,4,0,23,5,20,8.79999715834856e-05,0.00022600009106099606,0.00034699984826147556,0.00031400006264448166,143,24,19,172.0,15.0
Quick,Correct,default,SinglePreserve,tshift_all_no_incr,7,Failed,43,0,16,6,20,0.000491999788209796,0.0002480002585798502,0.00031800009310245514,0.0007400000467896461,86,34,19,95.0,26.0
Quick,Correct,default,SinglePreserve,tshift_all_no_incr,8,Failed,16,0,38,9,136,0.0002510002814233303,0.00024199974723160267,0.0005749999545514584,0.000493000028654933,200,62,19,252.0,62.0
Quick,Correct,default,SinglePreserve,tshift_all_no_incr,9,Failed,50,0,19,6,29,0.0008199999574571848,0.0002950001507997513,0.0003179998602718115,0.001115000108256936,195,37,19,244.0,29.0
Quick,Correct,default,MultiPreserve,tshift_all_no_incr,0,Failed,97,0,20,5,35,0.0014330004341900349,0.0002699994947761297,0.0003349999897181988,0.0017029999289661646,122,43,19,143.0,36.0
Quick,Correct,default,MultiPreserve,tshift_all_no_incr,1,Failed,25,0,20,6,28,0.00028899963945150375,0.0002660001628100872,0.0003400000277906656,0.000554999802261591,158,34,19,194.0,25.0
Quick,Correct,default,MultiPreserve,tshift_all_no_incr,2,Failed,36,2,17,6,22,0.0005429997108876705,0.00021800026297569275,0.0003090000245720148,0.0007609999738633633,198,34,19,250.0,26.0
Quick,Correct,default,MultiPreserve,tshift_all_no_incr,3,Failed,67,2,12,5,14,0.0009759999811649324,0.00027900002896785725,0.0005419999361038208,0.0012550000101327896,348,31,19,457.0,21.0
Quick,Correct,default,MultiPreserve,tshift_all_no_incr,4,Failed,2,0,18,6,25,7.899990305304527e-05,0.00022600009106099606,0.00034600007347762585,0.00030499999411404133,322,37,19,420.0,30.0
Quick,Correct,default,MultiPreserve,tshift_all_no_incr,5,Failed,143,1,8,4,10,0.0017999995034188032,0.00030800048261880875,0.0002870000898838043,0.002107999986037612,178,31,19,222.0,21.0
Quick,Correct,default,MultiPreserve,tshift_all_no_incr,6,Failed,64,1,15,7,22,0.0007799998857080936,0.0016670001205056901,0.00036399997770786285,0.002447000006213784,331,24,19,433.0,10.0
Quick,Correct,default,MultiPreserve,tshift_all_no_incr,7,Failed,22,1,42,12,90,0.00033799977973103523,0.00022700033150613308,0.0005709999240934849,0.0005650001112371683,211,51,19,268.0,48.0
Quick,Correct,default,MultiPreserve,tshift_all_no_incr,8,Failed,43,1,60,15,118,0.0005770002026110888,0.0002439997624605894,0.0009629998821765184,0.0008209999650716782,371,54,19,490.0,53.0
Quick,Correct,default,MultiPreserve,tshift_all_no_incr,9,Failed,12,0,30,5,49,0.00012700026854872704,0.00019899988546967506,0.00035399990156292915,0.0003260001540184021,202,55,19,254.0,52.0
Quick,Correct,default,SinglePreserve,shift_var_all,0,Failed,4,0,19,8,31,0.0002620001323521137,0.0006599996704608203,0.0007510001305490732,0.000921999802812934,234,31,22,297.0,23.0
Quick,Correct,default,SinglePreserve,shift_var_all,1,Failed,5,0,19,8,31,0.00013399985618889332,0.00024399999529123306,0.0004070000723004341,0.0003779998514801264,175,31,22,213.0,23.0
Quick,Correct,default,SinglePreserve,shift_var_all,2,Failed,0,0,30,11,51,8.699996396899223e-05,0.0002560000866651535,0.0004700000863522291,0.00034300005063414574,436,37,22,575.0,29.0
Quick,Correct,default,SinglePreserve,shift_var_all,3,Failed,57,0,14,6,25,0.000995999900624156,0.00030200020410120487,0.00041799992322921753,0.0012980001047253609,258,36,22,329.0,30.0
Quick,Correct,default,SinglePreserve,shift_var_all,4,Failed,67,0,48,13,121,0.0009120001923292876,0.0002889998722821473,0.0009549998212605716,0.001201000064611435,486,67,22,646.0,65.0
Quick,Correct,default,SinglePreserve,shift_var_all,5,Failed,67,0,11,3,22,0.0008759999182075262,0.0003140002954751253,0.0007269999478012323,0.0011900002136826515,308,52,22,399.0,47.0
Quick,Correct,default,SinglePreserve,shift_var_all,6,Failed,88,0,11,4,52,0.0013010003603994846,0.00028599961660802386,0.00038599991239607334,0.0015869999770075085,129,53,22,154.0,52.0
Quick,Correct,default,SinglePreserve,shift_var_all,7,Failed,349,0,20,8,33,0.00517900031991303,0.0006929996889084578,0.00036399997770786285,0.005872000008821487,208,34,22,261.0,26.0
Quick,Correct,default,SinglePreserve,shift_var_all,8,Failed,21,0,29,11,68,0.0003670002333819866,0.0002229998353868723,0.0004829999525099993,0.0005900000687688589,173,44,22,213.0,39.0
Quick,Correct,default,SinglePreserve,shift_var_all,9,Failed,117,0,14,6,39,0.0016049996484071016,0.00030600023455917835,0.0003750000614672899,0.00191099988296628,200,31,22,248.0,23.0
Quick,Correct,default,MultiPreserve,shift_var_all,0,Failed,109,0,11,4,18,0.0016109999269247055,0.0008250002283602953,0.0006619999185204506,0.002436000155285001,135,35,22,166.0,31.0
Quick,Correct,default,MultiPreserve,shift_var_all,1,Failed,15,0,27,10,53,0.00023799994960427284,0.000297000166028738,0.0005510000046342611,0.0005350001156330109,174,40,22,213.0,33.0
Quick,Correct,default,MultiPreserve,shift_var_all,2,Failed,73,0,14,7,33,0.001267999643459916,0.000273000216111541,0.00034300005063414574,0.001540999859571457,182,33,22,226.0,27.0
Quick,Correct,default,MultiPreserve,shift_var_all,3,Failed,67,0,22,9,41,0.0009300000965595244,0.00028499984182417404,0.0005810000002384186,0.0012149999383836985,282,31,22,363.0,23.0
Quick,Correct,default,MultiPreserve,shift_var_all,4,Failed,82,0,17,6,31,0.0013349999208003285,0.000284000067040324,0.0004660000558942557,0.0016189999878406525,272,42,22,348.0,34.0
Quick,Correct,default,MultiPreserve,shift_var_all,5,Failed,128,0,23,9,42,0.002353999996557832,0.0003500001039355989,0.000645000021904707,0.002704000100493431,222,34,22,279.0,26.0
Quick,Correct,default,MultiPreserve,shift_var_all,6,Failed,70,0,39,14,73,0.0008690003305673599,0.00024899980053305626,0.0007849999237805605,0.0011180001311004162,443,40,22,587.0,33.0
Quick,Correct,default,MultiPreserve,shift_var_all,7,Failed,40,0,39,9,122,0.0005340003408491611,0.0003039997536689043,0.0009800000116229055,0.0008380000945180655,187,62,22,230.0,61.0
Quick,Correct,default,MultiPreserve,shift_var_all,8,Failed,29,0,43,14,84,0.0005339998751878738,0.00027900002896785736,0.0004650000482797622,0.0008129999041557312,585,37,22,782.0,29.0
Quick,Correct,default,MultiPreserve,shift_var_all,9,Failed,2,0,43,13,94,9.400001727044582e-05,0.0002280001062899828,0.0005579998251050711,0.0003220001235604286,387,46,22,508.0,38.0
Quick,Correct,default,SinglePreserve,shift_var_no_incr,0,Failed,11048,0,31,6,51,0.14989000116474926,0.009479998843744397,0.000719000119715929,0.15937000000849366,171,39,22,208.0,32.0
Quick,Correct,default,SinglePreserve,shift_var_no_incr,1,Failed,5753,0,26,7,35,0.0704690006095916,0.004531999584287405,0.0007149998564273119,0.07500100019387901,121,24,22,139.0,6.0
Quick,Correct,default,SinglePreserve,shift_var_no_incr,2,Failed,243,0,48,9,75,0.003362000221386552,0.0003789998590946193,0.0004900000058114529,0.003741000080481171,269,39,22,346.0,32.0
Quick,Correct,default,SinglePreserve,shift_var_no_incr,3,Failed,8859,0,9,1,7,0.10865999991074204,0.0070870001800358295,0.0005600000731647015,0.11574700009077787,105,40,22,125.0,35.0
Quick,Correct,default,SinglePreserve,shift_var_no_incr,4,Failed,4008,0,30,6,50,0.04788400256074965,0.003159997519105673,0.0007139998488128185,0.05104400007985532,103,39,22,116.0,32.0
Quick,Correct,default,SinglePreserve,shift_var_no_incr,5,Failed,2249,0,28,5,62,0.026713998056948185,0.0020410020370036364,0.0004749998915940523,0.02875500009395182,300,42,22,390.0,33.0
Quick,Correct,default,SinglePreserve,shift_var_no_incr,6,Failed,41,0,21,3,35,0.0005320000927895308,0.00023099989630281925,0.00030000018887221813,0.00076299998909235,72,36,22,75.0,28.0
Quick,Correct,default,SinglePreserve,shift_var_no_incr,7,Failed,12376,0,35,7,62,0.14934600004926324,0.00928799994289875,0.0006009999196976423,0.158633999992162,144,44,22,172.0,39.0
Quick,Correct,default,SinglePreserve,shift_var_no_incr,8,Failed,1839,0,11,3,13,0.023372000083327293,0.001446999842301011,0.0004259999841451645,0.024818999925628304,80,40,22,88.0,35.0
Quick,Correct,default,SinglePreserve,shift_var_no_incr,9,Failed,5057,0,15,3,17,0.06272599752992392,0.003797002602368593,0.00039599998854100704,0.06652300013229251,93,43,22,107.0,39.0
Quick,Correct,default,MultiPreserve,shift_var_no_incr,0,Failed,4405,0,10,3,17,0.05257800151593983,0.0037219985388219357,0.0005419999361038208,0.05630000005476177,172,36,22,209.0,28.0
Quick,Correct,default,MultiPreserve,shift_var_no_incr,1,Failed,101,0,10,4,32,0.0014479996170848608,0.000305000226944685,0.0002999999560415745,0.0017529998440295458,206,39,22,256.0,31.0
Quick,Correct,default,MultiPreserve,shift_var_no_incr,2,Failed,12843,0,19,9,40,0.15491199842654169,0.009744001552462578,0.0006279998924583197,0.16465599997900426,167,40,22,210.0,37.0
Quick,Correct,default,MultiPreserve,shift_var_no_incr,3,Failed,5772,0,16,4,31,0.0695289964787662,0.004281003726646304,0.0005229997914284468,0.07381000020541251,108,36,22,121.0,28.0
Quick,Correct,default,MultiPreserve,shift_var_no_incr,4,Failed,6202,0,14,5,43,0.0737349996343255,0.0051130002830177546,0.000582000007852912,0.07884799991734326,124,39,22,142.0,31.0
Quick,Correct,default,MultiPreserve,shift_var_no_incr,5,Failed,2711,0,74,11,119,0.03198299743235111,0.002314002485945821,0.0007740000728517771,0.03429699991829693,268,54,22,344.0,46.0
Quick,Correct,default,MultiPreserve,shift_var_no_incr,6,Failed,3035,0,10,3,17,0.038273004814982414,0.0028959952760487795,0.0005230000242590904,0.041169000091031194,130,36,22,153.0,28.0
Quick,Correct,default,MultiPreserve,shift_var_no_incr,7,Failed,10228,0,48,7,109,0.124167004134506,0.008546995930373655,0.000806999858468771,0.13271400006487966,130,54,22,153.0,50.0
Quick,Correct,default,MultiPreserve,shift_var_no_incr,8,Failed,4162,0,46,8,86,0.0503459966275841,0.0032130032777786255,0.0005910000763833523,0.053558999905362725,208,53,22,260.0,45.0
Quick,Correct,default,MultiPreserve,shift_var_no_incr,9,Failed,3489,0,10,3,17,0.0420190014410764,0.003059998620301485,0.0006130000110715628,0.04507900006137788,188,36,22,232.0,28.0
Quick,Correct,default,SinglePreserve,shift_abs_no_incr,0,Failed,18,0,29,11,52,0.0005359998904168606,0.0007440003100782635,0.0009609998669475316,0.001280000200495124,316,34,22,410.0,26.0
Quick,Correct,default,SinglePreserve,shift_abs_no_incr,1,Failed,2,0,42,13,90,9.700004011392592e-05,0.0002679999452084303,0.0006099999882280827,0.0003649999853223562,259,48,22,331.0,42.0
Quick,Correct,default,SinglePreserve,shift_abs_no_incr,2,Failed,53,0,10,5,16,0.0007550001610070467,0.00022499985061585881,0.0003209998831152916,0.0009800000116229055,183,31,22,227.0,23.0
Quick,Correct,default,SinglePreserve,shift_abs_no_incr,3,Failed,22,0,25,8,88,0.00036099995486438274,0.00025100004859268665,0.0005189999938011169,0.0006120000034570694,197,58,22,244.0,54.0
Quick,Correct,default,SinglePreserve,shift_abs_no_incr,4,Failed,64,0,11,5,19,0.0007970000151544809,0.00023699994198977947,0.0003029999788850546,0.0010339999571442604,189,34,22,234.0,26.0
Quick,Correct,default,SinglePreserve,shift_abs_no_incr,5,Failed,99,0,27,8,46,0.001664000330492854,0.00027999957092106364,0.0004200001712888479,0.0019439999014139175,329,37,22,429.0,29.0
Quick,Correct,default,SinglePreserve,shift_abs_no_incr,6,Failed,94,0,9,4,12,0.0016410001553595066,0.0002669997047632935,0.0003060000017285347,0.0019079998601228,506,31,22,674.0,23.0
Quick,Correct,default,SinglePreserve,shift_abs_no_incr,7,Failed,212,0,16,6,27,0.003521000267937779,0.0003679997753351931,0.00032899994403123856,0.003889000043272972,182,31,22,224.0,23.0
Quick,Correct,default,SinglePreserve,shift_abs_no_incr,8,Failed,20,0,23,9,40,0.0003459998406469822,0.0002180000301450491,0.00033599999733269215,0.0005639998707920313,456,34,22,603.0,26.0
Quick,Correct,default,SinglePreserve,shift_abs_no_incr,9,Failed,22,0,22,9,36,0.0003669997677206993,0.0002470002509653568,0.00035699992440640926,0.0006140000186860561,220,31,22,276.0,23.0
Quick,Correct,default,MultiPreserve,shift_abs_no_incr,0,Failed,25,0,7,3,12,0.00032300036400556564,0.00022499961778521538,0.0002940001431852579,0.000547999981790781,179,31,22,221.0,23.0
Quick,Correct,default,MultiPreserve,shift_abs_no_incr,1,Failed,47,0,49,12,171,0.0006859996356070042,0.00028300052508711826,0.00101899984292686,0.0009690001606941224,228,43,22,289.0,35.0
Quick,Correct,default,MultiPreserve,shift_abs_no_incr,2,Failed,8,0,31,10,96,0.00012199999764561652,0.00020399992354214191,0.0005700001493096352,0.00032599992118775845,354,46,22,464.0,39.0
Quick,Correct,default,MultiPreserve,shift_abs_no_incr,3,Failed,71,0,20,6,33,0.0013269996270537376,0.0002770002465695143,0.0003930001985281706,0.001603999873623252,208,40,22,266.0,36.0
Quick,Correct,default,MultiPreserve,shift_abs_no_incr,4,Failed,12,0,33,12,67,0.00017700018361210823,0.00023499969393014908,0.0004710000939667225,0.0004119998775422573,309,40,22,401.0,33.0
Quick,Correct,default,MultiPreserve,shift_abs_no_incr,5,Failed,24,0,10,5,19,0.0003440005239099264,0.00022199936211109161,0.00028900010511279106,0.000565999886021018,124,36,22,148.0,30.0
Quick,Correct,default,MultiPreserve,shift_abs_no_incr,6,Failed,70,0,55,12,141,0.000966999912634492,0.00024299998767673958,0.0008580000139772892,0.0012099999003112316,155,41,22,187.0,37.0
Quick,Correct,default,MultiPreserve,shift_abs_no_incr,7,Failed,33,0,105,20,364,0.000484999967738986,0.0032829998526722197,0.0024620001204311848,0.0037679998204112057,322,59,22,416.0,55.0
Quick,Correct,default,MultiPreserve,shift_abs_no_incr,8,Failed,9,0,21,7,47,0.0001279998105019331,0.00024000019766390324,0.0004070000723004341,0.00036800000816583633,95,55,22,111.0,55.0
Quick,Correct,default,MultiPreserve,shift_abs_no_incr,9,Failed,21,0,18,7,31,0.00026799971237778664,0.0002660001628100872,0.0003400000277906656,0.0005339998751878738,105,35,22,123.0,31.0
Quick,Correct,default,SinglePreserve,shift_typ_tabs_no_incr,0,Failed,324,0,18,7,22,0.008450000081211329,0.0013570000883191841,0.0007879999466240406,0.009807000169530513,170,31,27,201.0,20.0
Quick,Correct,default,SinglePreserve,shift_typ_tabs_no_incr,1,Failed,112,0,15,5,19,0.0016300007700920105,0.00032399920746684074,0.0003599999472498894,0.0019539999775588512,78,31,27,76.0,20.0
Quick,Correct,default,SinglePreserve,shift_typ_tabs_no_incr,2,Failed,11,0,13,6,23,0.00016300007700920105,0.00025799986906349654,0.0003029999788850546,0.0004209999460726976,80,31,27,80.0,20.0
Quick,Correct,default,SinglePreserve,shift_typ_tabs_no_incr,3,Failed,90,0,40,12,49,0.0013900003395974636,0.00031999964267015457,0.0005119999404996634,0.0017099999822676182,335,37,27,430.0,26.0
Quick,Correct,default,SinglePreserve,shift_typ_tabs_no_incr,4,Failed,57,0,13,3,24,0.0007499998901039362,0.0002590001095086336,0.0002999999560415745,0.0010089999996125698,64,36,27,57.0,26.0
Quick,Correct,default,SinglePreserve,shift_typ_tabs_no_incr,5,Failed,6,0,52,12,124,0.00011899997480213642,0.00023200013674795628,0.0006389999762177467,0.0003510001115500927,209,58,27,254.0,49.0
Quick,Correct,default,SinglePreserve,shift_typ_tabs_no_incr,6,Failed,109,0,34,9,44,0.0017019996885210276,0.00028500030748546124,0.00041099986992776394,0.001986999996006489,371,43,27,476.0,31.0
Quick,Correct,default,SinglePreserve,shift_typ_tabs_no_incr,7,Failed,74,0,16,6,21,0.0009089999366551638,0.00029300013557076454,0.0005540000274777412,0.0012020000722259283,192,34,27,230.0,23.0
Quick,Correct,default,SinglePreserve,shift_typ_tabs_no_incr,8,Failed,21,0,11,5,14,0.0002899998798966408,0.000260000117123127,0.00029699993319809437,0.0005499999970197678,154,31,27,181.0,20.0
Quick,Correct,default,SinglePreserve,shift_typ_tabs_no_incr,9,Failed,30,0,32,10,51,0.0004019998013973236,0.0021890001371502876,0.00045599997974932194,0.0025909999385476112,163,40,27,192.0,30.0
Quick,Correct,default,MultiPreserve,shift_typ_tabs_no_incr,0,Failed,220,0,29,9,35,0.0028909994289278984,0.00040600053034722805,0.0004149999003857374,0.0032969999592751265,294,34,27,374.0,23.0
Quick,Correct,default,MultiPreserve,shift_typ_tabs_no_incr,1,Failed,10,0,23,6,42,0.00017899996601045132,0.00022300006821751595,0.0003540001343935728,0.00040200003422796726,72,41,27,71.0,29.0
Quick,Correct,default,MultiPreserve,shift_typ_tabs_no_incr,2,Failed,36,0,20,7,26,0.0004840004257857799,0.00022199959494173532,0.0003580001648515463,0.0007060000207275152,172,34,27,204.0,23.0
Quick,Correct,default,MultiPreserve,shift_typ_tabs_no_incr,3,Failed,44,0,33,10,96,0.0006380006670951843,0.00025899941101670265,0.0008559999987483025,0.000897000078111887,138,49,27,156.0,38.0
Quick,Correct,default,MultiPreserve,shift_typ_tabs_no_incr,4,Failed,31,0,11,4,26,0.0005049996543675661,0.00021900027059018612,0.0003029999788850546,0.0007239999249577522,81,45,27,79.0,32.0
Quick,Correct,default,MultiPreserve,shift_typ_tabs_no_incr,5,Failed,79,0,23,9,51,0.0013240000698715448,0.00030099996365606807,0.0004229999613016844,0.001625000033527613,143,39,27,167.0,29.0
Quick,Correct,default,MultiPreserve,shift_typ_tabs_no_incr,6,Failed,46,0,30,8,81,0.0006140004843473434,0.00024299952201545238,0.0005159999709576368,0.0008570000063627958,204,63,27,251.0,56.0
Quick,Correct,default,MultiPreserve,shift_typ_tabs_no_incr,7,Failed,2,0,84,14,80,0.00012199999764561652,0.00023699994198977947,0.0007740000728517771,0.000358999939635396,428,62,27,557.0,52.0
Quick,Correct,default,MultiPreserve,shift_typ_tabs_no_incr,8,Failed,9,0,32,9,50,0.0001809997484087944,0.0002330001443624497,0.0005360001232475042,0.0004139998927712441,253,40,27,317.0,30.0
Quick,Correct,default,MultiPreserve,shift_typ_tabs_no_incr,9,Failed,18,0,45,13,106,0.00034600007347762585,0.00022200006060302258,0.0006239998620003462,0.0005680001340806484,381,53,27,494.0,44.0
Quick,Correct,default,SinglePreserve,tsubst_tvar_flip,0,Failed,5,13,44,15,123,0.0005150001961737871,0.0007459998596459627,0.0010999999940395355,0.0012610000558197498,189,16,16,241.0,12.0
Quick,Correct,default,SinglePreserve,tsubst_tvar_flip,1,Failed,2,4,16,10,91,0.00012199976481497288,0.00026500015519559383,0.0005260000471025705,0.0003869999200105667,228,24,16,296.0,17.0
Quick,Correct,default,SinglePreserve,tsubst_tvar_flip,2,Failed,2,1,19,7,25,6.299978122115135e-05,0.00023300014436244965,0.0003649999853223562,0.000295999925583601,159,24,16,200.0,17.0
Quick,Correct,default,SinglePreserve,tsubst_tvar_flip,3,Failed,3,3,3,0,1,9.400001727044582e-05,0.00022400007583200932,0.0002359999343752861,0.00031800009310245514,16,16,16,12.0,12.0
Quick,Correct,default,SinglePreserve,tsubst_tvar_flip,4,Failed,3,8,8,3,6,0.0001600002869963646,0.0002329996787011624,0.0002569998614490032,0.000392999965697527,108,16,16,131.0,12.0
Quick,Correct,default,SinglePreserve,tsubst_tvar_flip,5,Failed,2,9,16,10,21,0.00012899981811642647,0.00024399999529123306,0.00031800009310245514,0.00037299981340765953,153,18,16,192.0,11.0
Quick,Correct,default,SinglePreserve,tsubst_tvar_flip,6,Failed,1,1,5,4,7,7.100007496774197e-05,0.0001960000954568386,0.0002239998430013657,0.0002670001704245806,138,18,16,170.0,11.0
Quick,Correct,default,SinglePreserve,tsubst_tvar_flip,7,Failed,2,2,5,3,8,7.499987259507179e-05,0.00021900003775954247,0.00025800010189414024,0.00029399991035461426,56,18,16,60.0,11.0
Quick,Correct,default,SinglePreserve,tsubst_tvar_flip,8,Failed,11,11,38,16,65,0.00020700017921626568,0.0002429999876767397,0.0004759998992085457,0.00045000016689300537,224,24,16,290.0,17.0
Quick,Correct,default,SinglePreserve,tsubst_tvar_flip,9,Failed,1,0,32,12,121,4.5999884605407715e-05,0.00022600009106099606,0.0005189999938011169,0.00027199997566640377,168,16,16,213.0,12.0
Quick,Correct,default,MultiPreserve,tsubst_tvar_flip,0,Failed,2,1,20,9,68,6.3000014051795e-05,0.00019399984739720821,0.0004320000298321247,0.0002569998614490032,246,16,16,321.0,12.0
Quick,Correct,default,MultiPreserve,tsubst_tvar_flip,1,Failed,1,4,16,10,53,0.00011399993672966956,0.00022300006821751595,0.000358999939635396,0.0003370000049471855,140,24,16,173.0,17.0
Quick,Correct,default,MultiPreserve,tsubst_tvar_flip,2,Failed,9,5,2,0,2,0.00018400000408291817,0.00024000019766390324,0.00024999980814754963,0.0004240002017468214,18,18,16,11.0,11.0
Quick,Correct,default,MultiPreserve,tsubst_tvar_flip,3,Failed,8,12,3,0,1,0.0002099999692291021,0.0002460000105202198,0.0002500000409781933,0.00045599997974932194,16,16,16,12.0,12.0
Quick,Correct,default,MultiPreserve,tsubst_tvar_flip,4,Failed,0,1,22,7,6,4.5000109821558e-05,0.0002259998582303524,0.000295999925583601,0.0002709999680519104,79,18,16,90.0,11.0
Quick,Correct,default,MultiPreserve,tsubst_tvar_flip,5,Failed,5,7,7,4,6,0.00016600009985268116,0.00021399976685643196,0.000260000117123127,0.0003799998667091131,64,18,16,71.0,11.0
Quick,Correct,default,MultiPreserve,tsubst_tvar_flip,6,Failed,5,2,1,0,19,0.00011099991388618946,0.0002530000638216734,0.00029200012795627117,0.00036399997770786285,50,50,16,53.0,53.0
Quick,Correct,default,MultiPreserve,tsubst_tvar_flip,7,Failed,13,12,25,13,41,0.0002579998690634966,0.0002180000301450491,0.0004199999384582042,0.0004759998992085457,192,18,16,245.0,11.0
Quick,Correct,default,MultiPreserve,tsubst_tvar_flip,8,Failed,0,0,2,0,2,2.700020559132099e-05,0.00019499985501170156,0.00022799987345933911,0.00022200006060302255,18,18,16,11.0,11.0
Quick,Correct,default,MultiPreserve,tsubst_tvar_flip,9,Failed,4,4,9,4,8,0.0001000002957880497,0.0002159997820854187,0.00025500007905066013,0.0003160000778734684,109,16,16,132.0,12.0
Quick,Correct,default,SinglePreserve,tsubst_tvar_no_shift,0,Failed,2,0,2,1,7,0.00029799994081258774,0.0009719999507069586,0.0007990000303834677,0.0012699998915195463,43,30,16,42.0,25.0
Quick,Correct,default,SinglePreserve,tsubst_tvar_no_shift,1,Failed,40,3,6,5,55,0.0007229999173432589,0.0002709999680519104,0.0003899999428540468,0.0009939998853951693,91,33,16,106.0,26.0
Quick,Correct,default,SinglePreserve,tsubst_tvar_no_shift,2,Failed,4,0,2,0,3,5.5999960750341415e-05,0.00022000004537403584,0.0002709999680519104,0.00027600000612437725,20,20,16,11.0,11.0
Quick,Correct,default,SinglePreserve,tsubst_tvar_no_shift,3,Failed,40,7,2,1,15,0.0007209996692836285,0.0002710004337131977,0.000278000021353364,0.0009920001029968262,141,50,16,178.0,53.0
Quick,Correct,default,SinglePreserve,tsubst_tvar_no_shift,4,Failed,104,9,4,1,53,0.0016040003392845392,0.0002729997504502535,0.00032299989834427834,0.0018770000897347927,100,95,16,121.0,115.0
Quick,Correct,default,SinglePreserve,tsubst_tvar_no_shift,5,Failed,7,1,1,1,7,0.0001400001347064972,0.0002159997820854187,0.00024800002574920654,0.0003559999167919159,43,30,16,40.0,22.0
Quick,Correct,default,SinglePreserve,tsubst_tvar_no_shift,6,Failed,10,1,4,3,14,0.0001680001150816679,0.00022000004537403584,0.0002749999985098839,0.00038800016045570374,76,33,16,85.0,27.0
Quick,Correct,default,SinglePreserve,tsubst_tvar_no_shift,7,Failed,6,0,14,6,15,0.00013999990187585354,0.0002210000529885292,0.00026999996043741703,0.00036099995486438274,97,28,16,115.0,21.0
Quick,Correct,default,SinglePreserve,tsubst_tvar_no_shift,8,Failed,3,0,5,4,38,6.79998192936182e-05,0.00020800018683075905,0.00027299998328089714,0.00027600000612437725,91,31,16,106.0,23.0
Quick,Correct,default,SinglePreserve,tsubst_tvar_no_shift,9,Failed,27,5,2,2,29,0.0004199997056275606,0.0002720002084970474,0.00041300011798739433,0.000691999914124608,60,55,16,64.0,58.0
Quick,Correct,default,MultiPreserve,tsubst_tvar_no_shift,0,Failed,52,3,11,9,115,0.0006829998455941677,0.0002510002814233303,0.0007380000315606594,0.000934000127017498,243,90,16,319.0,109.0
Quick,Correct,default,MultiPreserve,tsubst_tvar_no_shift,1,Failed,9,0,9,2,14,0.00018400023691356185,0.00020799972116947177,0.00029399991035461426,0.0003919999580830336,55,25,16,56.0,18.0
Quick,Correct,default,MultiPreserve,tsubst_tvar_no_shift,2,Failed,6,1,1,1,7,8.900021202862263e-05,0.00023699994198977947,0.00023099989630281925,0.0003260001540184021,82,30,16,94.0,22.0
Quick,Correct,default,MultiPreserve,tsubst_tvar_no_shift,3,Failed,18,2,2,2,7,0.00022199982777237892,0.0002410002052783966,0.00027199997566640377,0.00046300003305077553,121,30,16,150.0,25.0
Quick,Correct,default,MultiPreserve,tsubst_tvar_no_shift,4,Failed,2,0,3,5,14,7.400009781122208e-05,0.00019299983978271484,0.0002429999876767397,0.0002669999375939369,152,30,16,192.0,25.0
Quick,Correct,default,MultiPreserve,tsubst_tvar_no_shift,5,Failed,55,7,3,3,58,0.0010590001475065949,0.00026999972760677316,0.0005450001917779446,0.001328999875113368,70,65,16,78.0,72.0
Quick,Correct,default,MultiPreserve,tsubst_tvar_no_shift,6,Failed,8,0,10,7,81,0.00013200030662119389,0.000250999815762043,0.0003939999733120203,0.0003830001223832369,101,63,16,121.0,69.0
Quick,Correct,default,MultiPreserve,tsubst_tvar_no_shift,7,Failed,75,11,2,0,23,0.0012689996510744097,0.00029400037601590135,0.00025800010189414024,0.001563000027090311,70,70,16,81.0,81.0
Quick,Correct,default,MultiPreserve,tsubst_tvar_no_shift,8,Failed,44,5,8,9,99,0.0006250001024454832,0.00025599985383450985,0.000447999918833375,0.0008809999562799931,177,68,16,227.0,75.0
Quick,Correct,default,MultiPreserve,tsubst_tvar_no_shift,9,Failed,21,0,5,2,33,0.00033599999733269215,0.00022199982777237892,0.00030399998649954796,0.0005579998251050711,43,43,16,41.0,41.0
Quick,Correct,default,SinglePreserve,tsubst_tvar_over_shift,0,Failed,3,18,10,8,13,0.00036099995486438274,0.0005370001308619976,0.0004600000102072954,0.0008980000857263803,181,18,16,234.0,11.0
Quick,Correct,default,SinglePreserve,tsubst_tvar_over_shift,1,Failed,0,1,7,4,6,5.0999922677874565e-05,0.0001860000193119049,0.00025500007905066013,0.00023699994198977947,68,18,16,77.0,11.0
Quick,Correct,default,SinglePreserve,tsubst_tvar_over_shift,2,Failed,0,0,2,2,2,3.400002606213093e-05,0.00029799994081258774,0.0002500000409781933,0.00033199996687471867,83,18,16,93.0,11.0
Quick,Correct,default,SinglePreserve,tsubst_tvar_over_shift,3,Failed,1,2,15,7,12,6.599980406463146e-05,0.00020100013352930546,0.00026899995282292366,0.0002669999375939369,205,18,16,265.0,11.0
Quick,Correct,default,SinglePreserve,tsubst_tvar_over_shift,4,Failed,4,1,22,5,57,0.00011199992150068284,0.00020100013352930546,0.00037199980579316616,0.0003130000550299883,96,53,16,114.0,57.0
Quick,Correct,default,SinglePreserve,tsubst_tvar_over_shift,5,Failed,1,1,4,1,2,4.5999884605407715e-05,0.00022900011390447617,0.0002490000333636999,0.0002749999985098839,31,16,16,25.0,12.0
Quick,Correct,default,SinglePreserve,tsubst_tvar_over_shift,6,Failed,3,6,27,7,11,0.00011599995195865632,0.0002180000301450491,0.0002829998265951872,0.0003339999821037054,107,18,16,130.0,13.0
Quick,Correct,default,SinglePreserve,tsubst_tvar_over_shift,7,Failed,0,0,6,4,13,3.50000336766243e-05,0.00022900011390447617,0.000278000021353364,0.00026400014758110046,33,18,16,29.0,11.0
Quick,Correct,default,SinglePreserve,tsubst_tvar_over_shift,8,Failed,3,3,12,5,6,0.00010499986819922924,0.0002410002052783966,0.000278000021353364,0.00034600007347762585,116,16,16,141.0,12.0
Quick,Correct,default,SinglePreserve,tsubst_tvar_over_shift,9,Failed,1,10,31,11,11,0.00019599986262619495,0.00022000004537403584,0.00032800016924738884,0.0004159999080002308,176,16,16,227.0,12.0
Quick,Correct,default,MultiPreserve,tsubst_tvar_over_shift,0,Failed,2,5,6,3,7,0.0001199999824166298,0.00022400007583200932,0.0002639999147504568,0.0003440000582486391,58,18,16,64.0,11.0
Quick,Correct,default,MultiPreserve,tsubst_tvar_over_shift,1,Failed,3,2,14,11,17,0.00010899989865720272,0.0002180000301450491,0.0003349999897181988,0.0003269999288022518,218,18,16,286.0,11.0
Quick,Correct,default,MultiPreserve,tsubst_tvar_over_shift,2,Failed,2,6,22,9,129,0.00012500002048909664,0.0002359999343752861,0.0005629998631775379,0.00036099995486438274,196,16,16,252.0,12.0
Quick,Correct,default,MultiPreserve,tsubst_tvar_over_shift,3,Failed,0,0,8,4,6,3.600004129111767e-05,0.00019100005738437178,0.0002469997853040695,0.00022700009867548945,76,18,16,88.0,11.0
Quick,Correct,default,MultiPreserve,tsubst_tvar_over_shift,4,Failed,0,0,3,1,3,3.700004890561104e-05,0.00022499985061585903,0.0002470000181347132,0.00026199989952147007,89,18,16,105.0,11.0
Quick,Correct,default,MultiPreserve,tsubst_tvar_over_shift,5,Failed,1,2,2,0,2,5.800020880997181e-05,0.00022299960255622864,0.00024099997244775295,0.00028099981136620045,18,18,16,11.0,11.0
Quick,Correct,default,MultiPreserve,tsubst_tvar_over_shift,6,Failed,2,3,27,14,214,0.0001059998758137226,0.00021700025536119938,0.0007700000423938036,0.000323000131174922,225,16,16,293.0,12.0
Quick,Correct,default,MultiPreserve,tsubst_tvar_over_shift,7,Failed,0,1,7,2,5,5.000014789402485e-05,0.00020399992354214191,0.0002649999223649502,0.00025400007143616676,85,16,16,99.0,12.0
Quick,Correct,default,MultiPreserve,tsubst_tvar_over_shift,8,Failed,0,0,28,10,110,2.6999972760677338e-05,0.00021600001491606236,0.0004980000667273998,0.0002429999876767397,165,16,16,209.0,12.0
Quick,Correct,default,MultiPreserve,tsubst_tvar_over_shift,9,Failed,0,0,5,2,3,3.200001083314419e-05,0.0002109999768435955,0.00024800002574920654,0.0002429999876767397,76,16,16,87.0,12.0
Quick,Correct,default,SinglePreserve,tsubst_all_no_tshift,0,Failed,236,2,22,9,28,0.008459999458864331,0.0013850005343556404,0.0009720001835376024,0.009844999993219972,128,35,21,151.0,23.0
Quick,Correct,default,SinglePreserve,tsubst_all_no_tshift,1,Failed,176,1,12,7,24,0.003850999753922224,0.00043200026266276836,0.00041799992322921753,0.004283000016584992,64,28,21,62.0,12.0
Quick,Correct,default,SinglePreserve,tsubst_all_no_tshift,2,Failed,491,1,26,9,21,0.007567999884486198,0.0005820002406835556,0.00040699983946979046,0.008150000125169754,124,25,21,146.0,10.0
Quick,Correct,default,SinglePreserve,tsubst_all_no_tshift,3,Failed,50,1,7,3,13,0.0007409998215734959,0.00027299998328089714,0.00028000003658235073,0.001013999804854393,51,33,21,44.0,19.0
Quick,Correct,default,SinglePreserve,tsubst_all_no_tshift,4,Failed,20,0,9,10,48,0.00029799994081258774,0.0002210000529885292,0.0003899999428540468,0.0005189999938011169,168,50,21,209.0,44.0
Quick,Correct,default,SinglePreserve,tsubst_all_no_tshift,5,Failed,1332,8,6,4,10,0.017521999077871442,0.0012190009001642466,0.00034200004301965237,0.01874099997803569,146,25,21,176.0,10.0
Quick,Correct,default,SinglePreserve,tsubst_all_no_tshift,6,Failed,17,0,9,5,9,0.00024800002574920654,0.00022200006060302258,0.0002870000898838043,0.0004700000863522291,68,25,21,69.0,10.0
Quick,Correct,default,SinglePreserve,tsubst_all_no_tshift,7,Failed,294,3,18,4,31,0.004193000262603164,0.00048799975775182247,0.0003470000810921192,0.004681000020354986,68,48,21,68.0,40.0
Quick,Correct,default,SinglePreserve,tsubst_all_no_tshift,8,Failed,677,5,32,10,30,0.009173000464215876,0.0007489996496587974,0.000522000016644597,0.009922000113874674,95,25,21,108.0,10.0
Quick,Correct,default,SinglePreserve,tsubst_all_no_tshift,9,Failed,94,1,44,4,7,0.0013959999196231363,0.00031000026501715205,0.0004339998122304678,0.0017060001846402884,73,48,21,76.0,41.0
Quick,Correct,default,MultiPreserve,tsubst_all_no_tshift,0,Failed,816,1,12,8,18,0.01040499983355403,0.0007450003176927567,0.00043100002221763134,0.011150000151246786,153,28,21,186.0,12.0
Quick,Correct,default,MultiPreserve,tsubst_all_no_tshift,1,Failed,34,0,10,5,9,0.000483000185340643,0.00022699986584484572,0.00027299998328089714,0.0007100000511854887,108,25,21,126.0,10.0
Quick,Correct,default,MultiPreserve,tsubst_all_no_tshift,2,Failed,29,0,18,7,15,0.00035900017246603966,0.00021999981254339218,0.0002789997961372137,0.0005789999850094318,137,25,21,166.0,10.0
Quick,Correct,default,MultiPreserve,tsubst_all_no_tshift,3,Failed,148,0,12,2,4,0.001805000239983201,0.00032599992118775845,0.00036399997770786285,0.0021310001611709595,49,31,21,43.0,18.0
Quick,Correct,default,MultiPreserve,tsubst_all_no_tshift,4,Failed,100,0,9,6,23,0.001362999668344855,0.00029800040647387526,0.0003339999821037054,0.0016610000748187304,73,25,21,77.0,10.0
Quick,Correct,default,MultiPreserve,tsubst_all_no_tshift,5,Failed,429,3,6,2,5,0.0062409990932792425,0.0005140008870512247,0.0003400000277906656,0.006754999980330467,55,25,21,52.0,10.0
Quick,Correct,default,MultiPreserve,tsubst_all_no_tshift,6,Failed,76,0,53,16,102,0.001401000190526247,0.0002699997276067734,0.0005920000839978456,0.0016709999181330204,235,45,21,303.0,37.0
Quick,Correct,default,MultiPreserve,tsubst_all_no_tshift,7,Failed,369,1,22,6,41,0.005011998815461993,0.000468001002445817,0.0003380000125616789,0.00547999981790781,103,45,21,118.0,37.0
Quick,Correct,default,MultiPreserve,tsubst_all_no_tshift,8,Failed,296,0,12,10,37,0.0036799991503357887,0.000496000749990344,0.00032299989834427834,0.004175999900326133,111,28,21,128.0,13.0
Quick,Correct,default,MultiPreserve,tsubst_all_no_tshift,9,Failed,318,4,7,4,56,0.003956999629735947,0.0007010004483163357,0.0005310000851750374,0.004658000078052282,158,83,21,193.0,89.0
Quick,Correct,default,SinglePreserve,subst_var_flip,0,Failed,1,0,22,11,120,0.00032400013878941536,0.0010549998842179775,0.0014619999565184116,0.0013790000230073929,180,70,13,234.0,83.0
Quick,Correct,default,SinglePreserve,subst_var_flip,1,Failed,0,0,23,8,14,6.600003689527512e-05,0.0002649999223649502,0.0003700000233948231,0.0003309999592602253,379,21,13,509.0,16.0
Quick,Correct,default,SinglePreserve,subst_var_flip,2,Failed,1,0,13,5,14,5.5999960750341415e-05,0.0002210000529885292,0.0003029999788850546,0.0002770000137388706,59,26,13,66.0,21.0
Quick,Correct,default,SinglePreserve,subst_var_flip,3,Failed,0,0,30,11,217,3.800005652010441e-05,0.00022799987345933914,0.0007589999586343765,0.00026599992997944355,116,85,13,145.0,104.0
Quick,Correct,default,SinglePreserve,subst_var_flip,4,Failed,0,0,21,12,17,5.000014789402485e-05,0.0002289998810738325,0.00032899994403123856,0.00027900002896785736,345,26,13,462.0,21.0
Quick,Correct,default,SinglePreserve,subst_var_flip,5,Failed,7,0,14,8,11,0.00013400008901953697,0.00020699994638562202,0.00026299990713596344,0.000341000035405159,275,26,13,363.0,21.0
Quick,Correct,default,SinglePreserve,subst_var_flip,6,Failed,0,0,49,17,262,3.50000336766243e-05,0.00020699994638562202,0.0009250000584870576,0.00024199998006224632,264,26,13,351.0,21.0
Quick,Correct,default,SinglePreserve,subst_var_flip,7,Failed,0,0,25,12,29,4.6999892219901085e-05,0.00019900011830031872,0.0003500001039355993,0.0002460000105202198,320,26,13,429.0,21.0
Quick,Correct,default,SinglePreserve,subst_var_flip,8,Failed,5,0,23,11,26,9.80000477284193e-05,0.00022500008344650269,0.00033599999733269215,0.000323000131174922,177,26,13,230.0,21.0
Quick,Correct,default,SinglePreserve,subst_var_flip,9,Failed,0,0,29,14,40,5.5999960750341415e-05,0.00022600009106099606,0.00037400005385279655,0.00028200005181133747,244,26,13,324.0,21.0
Quick,Correct,default,MultiPreserve,subst_var_flip,0,Failed,1,0,22,7,35,6.699981167912483e-05,0.00019900011830031872,0.00037400005385279655,0.00026599992997944355,154,26,13,199.0,21.0
Quick,Correct,default,MultiPreserve,subst_var_flip,1,Failed,2,0,33,13,102,7.900013588368893e-05,0.00021199998445808887,0.0005239997990429401,0.0002910001203417778,333,29,13,445.0,26.0
Quick,Correct,default,MultiPreserve,subst_var_flip,2,Failed,0,0,67,21,186,5.799997597932816e-05,0.00022500008344650269,0.001408000010997057,0.00028300005942583084,331,30,13,444.0,26.0
Quick,Correct,default,MultiPreserve,subst_var_flip,3,Failed,4,0,35,11,63,8.79999715834856e-05,0.0002130002249032259,0.0005039998795837164,0.0003010001964867115,129,29,13,163.0,26.0
Quick,Correct,default,MultiPreserve,subst_var_flip,4,Failed,0,0,12,7,11,4.100007936358452e-05,0.00020399992354214191,0.0002679999452084303,0.00024500000290572643,162,26,13,208.0,21.0
Quick,Correct,default,MultiPreserve,subst_var_flip,5,Failed,4,0,20,8,20,8.699996396899223e-05,0.0002470000181347132,0.0003309999592602253,0.0003339999821037054,128,31,13,162.0,29.0
Quick,Correct,default,MultiPreserve,subst_var_flip,6,Failed,4,0,5,3,10,0.0001010000705718994,0.00021299999207258224,0.00028300005942583084,0.00031400006264448166,115,30,13,144.0,27.0
Quick,Correct,default,MultiPreserve,subst_var_flip,7,Failed,1,0,33,15,74,6.600003689527512e-05,0.00019899988546967506,0.0004819999448955059,0.0002649999223649502,379,21,13,509.0,14.0
Quick,Correct,default,MultiPreserve,subst_var_flip,8,Failed,3,0,12,7,8,6.700004450976849e-05,0.00023399991914629936,0.00028099981136620045,0.00030099996365606785,275,26,13,364.0,21.0
Quick,Correct,default,MultiPreserve,subst_var_flip,9,Failed,4,0,33,16,48,0.00012400024570524693,0.00021499977447092533,0.0003990000113844871,0.00033900002017617226,167,26,13,217.0,21.0
Quick,Correct,default,SinglePreserve,subst_var_no_decr,0,Failed,125,0,3,4,15,0.0043629992287606,0.0012100008316338062,0.0009979999158531427,0.005573000060394406,109,50,13,136.0,54.0
Quick,Correct,default,SinglePreserve,subst_var_no_decr,1,Failed,11,0,7,5,11,0.0002999999560415745,0.00032100011594593525,0.00036700000055134296,0.0006210000719875097,116,13,13,143.0,0.0
Quick,Correct,default,SinglePreserve,subst_var_no_decr,2,Failed,55,0,8,3,19,0.0009250002913177012,0.0002729997504502536,0.0002950001507997513,0.0011980000417679548,70,30,13,82.0,26.0
Quick,Correct,default,SinglePreserve,subst_var_no_decr,3,Failed,334,0,16,7,26,0.005207000533118844,0.0005169995129108429,0.0004089998546987772,0.005724000046029687,72,13,13,82.0,0.0
Quick,Correct,default,SinglePreserve,subst_var_no_decr,4,Failed,39,0,40,15,51,0.000547999981790781,0.0002210000529885292,0.0003710000310093165,0.0007690000347793102,270,16,13,357.0,5.0
Quick,Correct,default,SinglePreserve,subst_var_no_decr,5,Failed,107,0,27,10,26,0.001443999819457531,0.0004400003235787153,0.0002989999484270811,0.0018840001430362463,262,16,13,346.0,5.0
Quick,Correct,default,SinglePreserve,subst_var_no_decr,6,Failed,86,0,5,4,9,0.0013310001231729984,0.0002899998798966408,0.00027299998328089714,0.0016210000030696392,123,13,13,153.0,0.0
Quick,Correct,default,SinglePreserve,subst_var_no_decr,7,Failed,1,0,8,3,21,2.7999980375170708e-05,0.00020199990831315517,0.00030800001695752144,0.00022999988868832588,70,35,13,83.0,34.0
Quick,Correct,default,SinglePreserve,subst_var_no_decr,8,Failed,2,0,6,2,49,4.8999907448887825e-05,0.00019400008022785187,0.00031400006264448166,0.0002429999876767397,80,70,13,96.0,82.0
Quick,Correct,default,SinglePreserve,subst_var_no_decr,9,Failed,77,0,3,0,9,0.0011920006945729256,0.0002749993000179529,0.00031700008548796177,0.0014669999945908785,40,40,13,40.0,40.0
Quick,Correct,default,MultiPreserve,subst_var_no_decr,0,Failed,46,0,7,3,14,0.0005129997152835131,0.00023100036196410656,0.0002929999027401209,0.0007440000772476196,75,30,13,90.0,26.0
Quick,Correct,default,MultiPreserve,subst_var_no_decr,1,Failed,33,0,6,2,12,0.0004960002843290567,0.00023499969393014908,0.0002570000942796469,0.0007309999782592058,95,30,13,116.0,26.0
Quick,Correct,default,MultiPreserve,subst_var_no_decr,2,Failed,559,0,9,2,58,0.007358000380918384,0.0007189996540546417,0.0003749998286366462,0.008077000034973025,70,65,13,82.0,75.0
Quick,Correct,default,MultiPreserve,subst_var_no_decr,3,Failed,37,0,8,4,22,0.00048600020818412304,0.00025599985383450985,0.00031700008548796177,0.0007420000620186329,100,35,13,125.0,34.0
Quick,Correct,default,MultiPreserve,subst_var_no_decr,4,Failed,21,0,6,1,24,0.00030399998649954796,0.00022000004537403584,0.00026299990713596344,0.0005240000318735838,50,45,13,54.0,47.0
Quick,Correct,default,MultiPreserve,subst_var_no_decr,5,Failed,143,0,29,12,73,0.0018700002692639828,0.0003069997765123844,0.0004889999981969595,0.002177000045776367,99,19,13,119.0,8.0
Quick,Correct,default,MultiPreserve,subst_var_no_decr,6,Failed,17,0,3,1,6,0.00023999973200261593,0.00022500031627714629,0.0002560000866651535,0.0004650000482797622,92,30,13,111.0,26.0
Quick,Correct,default,MultiPreserve,subst_var_no_decr,7,Failed,75,0,3,0,12,0.0008999998681247234,0.00027400022372603416,0.0002679999452084303,0.0011740000918507576,45,45,13,47.0,47.0
Quick,Correct,default,MultiPreserve,subst_var_no_decr,8,Failed,45,0,17,5,30,0.0006659999489784241,0.00023000012151896954,0.0003199998755007982,0.0008960000704973936,64,26,13,73.0,20.0
Quick,Correct,default,MultiPreserve,subst_var_no_decr,9,Failed,36,0,10,3,22,0.0004110003355890513,0.00025199959054589266,0.00027199997566640377,0.000662999926134944,56,33,13,61.0,30.0
Quick,Correct,default,SinglePreserve,subst_abs_no_shift,0,Failed,757,0,9,1,5,0.0203470007982105,0.0019499992486089468,0.0006909999065101147,0.02229700004681945,168,40,22,208.0,35.0
Quick,Correct,default,SinglePreserve,subst_abs_no_shift,1,Failed,1713,0,16,4,31,0.0246949999127537,0.001874000066891316,0.00036700000055134296,0.026568999979645017,104,36,22,115.0,28.0
Quick,Correct,default,SinglePreserve,subst_abs_no_shift,2,Failed,10300,0,19,5,50,0.1241059994790703,0.007569000590592623,0.0006079999729990959,0.13167500006966293,132,39,22,153.0,31.0
Quick,Correct,default,SinglePreserve,subst_abs_no_shift,3,Failed,528,0,16,7,61,0.007383000338450074,0.0005889995954930782,0.000547999981790781,0.007971999933943152,88,39,22,96.0,31.0
Quick,Correct,default,SinglePreserve,subst_abs_no_shift,4,Failed,1403,0,11,3,18,0.01699300156906247,0.0016759985592216253,0.00035699992440640926,0.018669000128284097,91,43,22,103.0,39.0
Quick,Correct,default,SinglePreserve,subst_abs_no_shift,5,Failed,8435,0,39,7,55,0.102688999613747,0.00620600045658648,0.000699999975040555,0.10889500007033348,267,39,22,345.0,32.0
Quick,Correct,default,SinglePreserve,subst_abs_no_shift,6,Failed,7083,0,20,5,35,0.08553600497543812,0.005235995166003704,0.0005629998631775379,0.09077200014144182,194,36,22,239.0,28.0
Quick,Correct,default,SinglePreserve,subst_abs_no_shift,7,Failed,507,0,9,1,7,0.0069450014270842075,0.0007909985724836588,0.00031100003980100155,0.007735999999567866,85,40,22,97.0,35.0
Quick,Correct,default,SinglePreserve,subst_abs_no_shift,8,Failed,5878,0,8,4,8,0.07049400079995394,0.0044739991426467896,0.0005459999665617943,0.07496799994260073,171,40,22,213.0,35.0
Quick,Correct,default,SinglePreserve,subst_abs_no_shift,9,Failed,7576,0,11,4,18,0.09095999575220048,0.005993004189804196,0.0005410001613199711,0.09695299994200468,63,33,22,64.0,24.0
Quick,Correct,default,MultiPreserve,subst_abs_no_shift,0,Failed,2216,0,8,5,10,0.02634500223211944,0.001940997783094648,0.0003120000474154949,0.02828600001521409,136,40,22,166.0,35.0
Quick,Correct,default,MultiPreserve,subst_abs_no_shift,1,Failed,2855,0,47,8,83,0.033469999907538295,0.002266000024974346,0.0004970000591129065,0.03573599993251264,227,36,22,287.0,28.0
Quick,Correct,default,MultiPreserve,subst_abs_no_shift,2,Failed,4827,0,19,5,40,0.05695000360719859,0.0033719963394105504,0.0006099999882280827,0.06032199994660914,164,36,22,200.0,28.0
Quick,Correct,default,MultiPreserve,subst_abs_no_shift,3,Failed,162,0,18,6,43,0.0024809997994452715,0.00032000034116208553,0.00037400005385279655,0.002801000140607357,75,40,22,82.0,37.0
Quick,Correct,default,MultiPreserve,subst_abs_no_shift,4,Failed,6806,0,9,3,12,0.08219100115820765,0.0050989987794309855,0.0005139999557286501,0.08728999993763864,115,33,22,135.0,24.0
Quick,Correct,default,MultiPreserve,subst_abs_no_shift,5,Failed,36116,0,9,5,15,0.4245119981933385,0.027398001868277788,0.0005709999240934849,0.4519100000616163,107,33,22,123.0,24.0
Quick,Correct,default,MultiPreserve,subst_abs_no_shift,6,Failed,503,0,6,0,6,0.00671100034378469,0.000545999500900507,0.000278000021353364,0.007256999844685197,38,38,22,31.0,31.0
Quick,Correct,default,MultiPreserve,subst_abs_no_shift,7,Failed,20540,0,27,7,53,0.23905600467696783,0.014863995369523791,0.0006590001285076141,0.2539200000464916,190,36,22,235.0,28.0
Quick,Correct,default,MultiPreserve,subst_abs_no_shift,8,Failed,7015,0,13,4,26,0.08182099810801446,0.005071001825854182,0.0005660001188516617,0.08689199993386865,136,36,22,160.0,28.0
Quick,Correct,default,MultiPreserve,subst_abs_no_shift,9,Failed,14136,0,25,6,66,0.1651059975847602,0.010978002334013581,0.0007810001261532307,0.17608399991877377,309,47,22,400.0,37.0
Quick,Correct,default,SinglePreserve,subst_abs_no_incr,0,Failed,4,0,28,8,36,0.00040699983946979046,0.000987000297755003,0.0009999999310821297,0.0013940001372247934,91,26,19,104.0,19.0
Quick,Correct,default,SinglePreserve,subst_abs_no_incr,1,Failed,2,0,22,11,50,8.999998681247234e-05,0.000278000021353364,0.0004600000102072954,0.00036800000816583633,136,30,19,167.0,22.0
Quick,Correct,default,SinglePreserve,subst_abs_no_incr,2,Failed,20,0,17,10,11,0.0003530003596097231,0.0002699997276067734,0.0003720000386238098,0.0006230000872164965,476,26,19,634.0,19.0
Quick,Correct,default,SinglePreserve,subst_abs_no_incr,3,Failed,4,0,17,10,10,0.0001449999399483204,0.00020899996161460876,0.00032800016924738884,0.00035399990156292915,359,26,19,473.0,19.0
Quick,Correct,default,SinglePreserve,subst_abs_no_incr,4,Failed,1,0,20,11,17,9.0000219643116e-05,0.00022199982777237892,0.0003299999516457319,0.0003120000474154949,110,26,19,128.0,19.0
Quick,Correct,default,SinglePreserve,subst_abs_no_incr,5,Failed,3,0,17,10,22,9.200023487210274e-05,0.00022499985061585903,0.00033299997448921204,0.00031700008548796177,382,26,19,506.0,19.0
Quick,Correct,default,SinglePreserve,subst_abs_no_incr,6,Failed,1,0,18,7,41,5.799997597932816e-05,0.0001979998778551817,0.0003260001540184021,0.00025599985383450985,61,40,19,63.0,36.0
Quick,Correct,default,SinglePreserve,subst_abs_no_incr,7,Failed,0,0,19,10,52,4.5000109821558e-05,0.00021600001491606236,0.00038899993523955345,0.00026100012473762035,68,30,19,72.0,22.0
Quick,Correct,default,SinglePreserve,subst_abs_no_incr,8,Failed,0,0,3,0,16,2.700020559132099e-05,0.00020799995400011542,0.00028399983420968056,0.0002350001595914364,60,60,19,63.0,63.0
Quick,Correct,default,SinglePreserve,subst_abs_no_incr,9,Failed,2,0,14,6,65,4.900014027953148e-05,0.00021499977447092533,0.00038400012999773026,0.0002639999147504568,86,55,19,97.0,56.0
Quick,Correct,default,MultiPreserve,subst_abs_no_incr,0,Failed,1,0,44,18,157,9.400001727044582e-05,0.00020299991592764854,0.0007720000576227903,0.00029699993319809437,369,26,19,489.0,19.0
Quick,Correct,default,MultiPreserve,subst_abs_no_incr,1,Failed,0,0,5,7,13,5.799997597932816e-05,0.00018500001169741154,0.00025800010189414024,0.0002429999876767397,235,30,19,303.0,22.0
Quick,Correct,default,MultiPreserve,subst_abs_no_incr,2,Failed,1,0,30,14,23,6.999983452260494e-05,0.00023600016720592976,0.00036399997770786285,0.0003060000017285347,235,21,19,302.0,12.0
Quick,Correct,default,MultiPreserve,subst_abs_no_incr,3,Failed,0,0,29,13,29,6.0999998822808266e-05,0.00022500008344650269,0.0004229999613016844,0.00028600008226931095,323,26,19,424.0,19.0
Quick,Correct,default,MultiPreserve,subst_abs_no_incr,4,Failed,1,0,19,11,18,4.5999884605407715e-05,0.00019100005738437176,0.0002999999560415745,0.00023699994198977947,204,26,19,257.0,19.0
Quick,Correct,default,MultiPreserve,subst_abs_no_incr,5,Failed,0,0,29,16,45,7.00000673532486e-05,0.00020299991592764854,0.0005099999252706766,0.00027299998328089714,369,26,19,489.0,19.0
Quick,Correct,default,MultiPreserve,subst_abs_no_incr,6,Failed,0,0,17,8,26,5.000014789402485e-05,0.00022200006060302258,0.0003489998634904623,0.0002720002084970474,73,26,19,80.0,19.0
Quick,Correct,default,MultiPreserve,subst_abs_no_incr,7,Failed,1,0,28,10,26,5.799997597932816e-05,0.0002180000301450491,0.00032599992118775845,0.00027600000612437725,145,21,19,177.0,12.0
Quick,Correct,default,MultiPreserve,subst_abs_no_incr,8,Failed,1,0,28,11,90,6.0999998822808266e-05,0.00019100005738437176,0.0004799999296665192,0.00025200005620718,129,32,19,156.0,25.0
Quick,Correct,default,MultiPreserve,subst_abs_no_incr,9,Failed,1,0,40,16,94,8.299993351101875e-05,0.00021399999968707561,0.0005799999926239252,0.00029699993319809437,550,26,19,737.0,19.0
Quick,Correct,default,SinglePreserve,subst_tabs_no_shift,0,Failed,77,0,12,5,23,0.0017170007340610027,0.0010859994217753415,0.001055999891832471,0.002803000155836344,121,33,26,134.0,12.0
Quick,Correct,default,SinglePreserve,subst_tabs_no_shift,1,Failed,324,0,6,5,12,0.006803001742810011,0.000561998225748539,0.00041300011798739433,0.00736499996855855,327,28,26,418.0,4.0
Quick,Correct,default,SinglePreserve,subst_tabs_no_shift,2,Failed,33,0,32,16,93,0.0005059998948127031,0.0007280001882463694,0.0007929999846965075,0.0012340000830590725,176,33,26,211.0,12.0
Quick,Correct,default,SinglePreserve,subst_tabs_no_shift,3,Failed,76,0,6,3,11,0.0012789997272193432,0.000260000117123127,0.0003029999788850546,0.0015389998443424702,137,28,26,155.0,4.0
Quick,Correct,default,SinglePreserve,subst_tabs_no_shift,4,Failed,659,0,10,4,14,0.008749999571591616,0.0006750002503395081,0.0003720000386238098,0.009424999821931124,214,30,26,263.0,8.0
Quick,Correct,default,SinglePreserve,subst_tabs_no_shift,5,Failed,66,0,18,7,49,0.0009120001923292876,0.00027099973522126685,0.0006430000066757202,0.0011829999275505545,100,60,26,107.0,51.0
Quick,Correct,default,SinglePreserve,subst_tabs_no_shift,6,Failed,367,0,15,9,41,0.004592999815940857,0.001023000106215477,0.0004249999765306711,0.005615999922156334,219,40,26,271.0,23.0
Quick,Correct,default,SinglePreserve,subst_tabs_no_shift,7,Failed,201,0,8,4,19,0.0030089998617768288,0.00039700022898614407,0.00032599992118775845,0.003406000090762973,73,28,26,67.0,4.0
Quick,Correct,default,SinglePreserve,subst_tabs_no_shift,8,Failed,241,0,11,4,52,0.0035199997946619987,0.0003580001648515463,0.0003339999821037054,0.003877999959513545,108,73,26,117.0,68.0
Quick,Correct,default,SinglePreserve,subst_tabs_no_shift,9,Failed,1047,0,18,8,40,0.013141000643372536,0.0014069995377212763,0.0003939999733120203,0.014548000181093812,85,40,26,86.0,23.0
Quick,Correct,default,MultiPreserve,subst_tabs_no_shift,0,Failed,253,0,11,6,104,0.0034480004105716944,0.0003769996110349898,0.0005069999024271965,0.003825000021606684,189,128,26,231.0,146.0
Quick,Correct,default,MultiPreserve,subst_tabs_no_shift,1,Failed,23,0,7,4,12,0.0003939999733120203,0.0002609998919069767,0.0002850000746548176,0.000654999865218997,90,30,26,92.0,8.0
Quick,Correct,default,MultiPreserve,subst_tabs_no_shift,2,Failed,359,0,13,5,22,0.0050099994987249374,0.00048100040294229984,0.0003120000474154949,0.005490999901667237,114,33,26,124.0,12.0
Quick,Correct,default,MultiPreserve,subst_tabs_no_shift,3,Failed,292,0,9,3,15,0.003952000522986054,0.0005859995726495981,0.0002669999375939369,0.0045380000956356525,95,30,26,99.0,8.0
Quick,Correct,default,MultiPreserve,subst_tabs_no_shift,4,Failed,216,0,15,5,126,0.0029659997671842575,0.0003740002866834402,0.0007070000283420086,0.0033400000538676977,148,68,26,173.0,61.0
Quick,Correct,default,MultiPreserve,subst_tabs_no_shift,5,Failed,142,0,6,2,17,0.001981000183150172,0.0003159996122121815,0.0003300001844763756,0.0022969997953623533,75,50,26,72.0,37.0
Quick,Correct,default,MultiPreserve,subst_tabs_no_shift,6,Failed,109,0,9,3,41,0.001517000375315547,0.0002629996743053198,0.0003790000919252634,0.0017800000496208668,121,68,26,136.0,62.0
Quick,Correct,default,MultiPreserve,subst_tabs_no_shift,7,Failed,9,0,6,2,10,0.00015700003132224083,0.00020199990831315517,0.0002649999223649502,0.000358999939635396,71,28,26,64.0,4.0
Quick,Correct,default,MultiPreserve,subst_tabs_no_shift,8,Failed,263,0,11,5,24,0.003815999254584312,0.00040900078602135225,0.0003649999853223562,0.004225000040605664,179,35,26,214.0,16.0
Quick,Correct,default,MultiPreserve,subst_tabs_no_shift,9,Failed,157,0,7,1,32,0.0020429997239261866,0.0003170003183186054,0.0006299999076873064,0.002360000042244792,78,78,26,75.0,75.0
Quick,Correct,default,SinglePreserve,subst_typ_tabs_no_incr,0,Failed,0,0,29,18,79,0.0002530000638216734,0.0009570000693202019,0.001666999887675047,0.0012100001331418753,273,16,16,357.0,0.0
Quick,Correct,default,SinglePreserve,subst_typ_tabs_no_incr,1,Failed,0,0,18,5,8,6.400002166628838e-05,0.00022300006821751595,0.0003249999135732651,0.0002870000898838043,36,16,16,29.0,0.0
Quick,Correct,default,SinglePreserve,subst_typ_tabs_no_incr,2,Failed,1,0,24,11,36,5.3999945521354675e-05,0.00023799994960427284,0.0004600000102072954,0.0002919998951256275,210,16,16,269.0,0.0
Quick,Correct,default,SinglePreserve,subst_typ_tabs_no_incr,3,Failed,0,0,12,9,13,4.6999892219901085e-05,0.00022300006821751595,0.0003120000474154949,0.00026999996043741703,183,21,16,232.0,8.0
Quick,Correct,default,SinglePreserve,subst_typ_tabs_no_incr,4,Failed,0,0,22,11,10,5.4999953135848045e-05,0.00019699987024068832,0.00031700008548796177,0.00025199982337653637,347,16,16,460.0,0.0
Quick,Correct,default,SinglePreserve,subst_typ_tabs_no_incr,5,Failed,0,0,8,7,11,4.1999854147434235e-05,0.0002100002020597458,0.00027600000612437725,0.00025200005620718,193,18,16,246.0,4.0
Quick,Correct,default,SinglePreserve,subst_typ_tabs_no_incr,6,Failed,0,0,11,6,9,3.300001844763756e-05,0.0001960000954568386,0.0002679999452084303,0.00022900011390447617,102,16,16,121.0,0.0
Quick,Correct,default,SinglePreserve,subst_typ_tabs_no_incr,7,Failed,0,0,14,10,26,4.6999892219901085e-05,0.00023700017482042313,0.0003510001115500927,0.0002840000670403242,116,18,16,139.0,4.0
Quick,Correct,default,SinglePreserve,subst_typ_tabs_no_incr,8,Failed,1,0,10,4,5,4.700035788118839e-05,0.0002339996863156557,0.00026899995282292366,0.0002810000441968441,86,16,16,98.0,0.0
Quick,Correct,default,SinglePreserve,subst_typ_tabs_no_incr,9,Failed,1,0,3,0,1,2.899998798966408e-05,0.00021399999968707561,0.00022600009106099608,0.0002429999876767397,16,16,16,0.0,0.0
Quick,Correct,default,MultiPreserve,subst_typ_tabs_no_incr,0,Failed,1,0,11,11,11,7.200008258223534e-05,0.00021600001491606236,0.0003309999592602253,0.0002880000974982977,430,18,16,574.0,4.0
Quick,Correct,default,MultiPreserve,subst_typ_tabs_no_incr,1,Failed,3,0,26,11,47,8.299993351101875e-05,0.0002079999540001154,0.0004360000602900982,0.00029099988751113415,250,32,16,325.0,22.0
Quick,Correct,default,MultiPreserve,subst_typ_tabs_no_incr,2,Failed,0,0,5,3,5,3.900006413459778e-05,0.00020699994638562202,0.00025899987667798996,0.0002460000105202198,46,18,16,43.0,4.0
Quick,Correct,default,MultiPreserve,subst_typ_tabs_no_incr,3,Failed,3,0,10,10,15,9.199976921081544e-05,0.00022600009106099606,0.0003540001343935728,0.0003179998602718115,336,18,16,445.0,4.0
Quick,Correct,default,MultiPreserve,subst_typ_tabs_no_incr,4,Failed,0,0,26,16,115,5.6999968364834785e-05,0.00019699987024068832,0.0006480000447481871,0.0002539998386055231,260,16,16,339.0,0.0
Quick,Correct,default,MultiPreserve,subst_typ_tabs_no_incr,5,Failed,0,0,8,2,2,2.6999972760677338e-05,0.00022000004537403584,0.00024800002574920654,0.0002470000181347132,66,16,16,70.0,0.0
Quick,Correct,default,MultiPreserve,subst_typ_tabs_no_incr,6,Failed,7,0,5,4,32,0.00011100014671683311,0.00019599986262619495,0.0003200001083314419,0.00030700000934302807,98,55,16,116.0,58.0
Quick,Correct,default,MultiPreserve,subst_typ_tabs_no_incr,7,Failed,6,0,13,8,44,0.00010600010864436626,0.00020199990831315517,0.00032899994403123856,0.00030800001695752144,75,35,16,86.0,30.0
Quick,Correct,default,MultiPreserve,subst_typ_tabs_no_incr,8,Failed,1,0,3,4,3,4.8999907448887825e-05,0.00019400008022785187,0.00025500007905066013,0.0002429999876767397,83,18,16,93.0,4.0
Quick,Correct,default,MultiPreserve,subst_typ_tabs_no_incr,9,Failed,0,0,25,9,100,3.200001083314419e-05,0.00021600001491606236,0.0005689999088644981,0.00024800002574920654,179,16,16,227.0,0.0
Quick,Correct,default,SinglePreserve,subst_typ_tabs_no_shift,0,Failed,196,0,10,2,4,0.008425999199971557,0.001232000766322015,0.0006790000479668379,0.009657999966293572,53,23,21,46.0,4.0
Quick,Correct,default,SinglePreserve,subst_typ_tabs_no_shift,1,Failed,97,0,9,4,8,0.0016449994873255491,0.0005410006269812584,0.0003659999929368496,0.0021860001143068075,60,30,21,58.0,16.0
Quick,Correct,default,SinglePreserve,subst_typ_tabs_no_shift,2,Failed,593,0,8,8,16,0.008285999996587634,0.0007960000075399876,0.00038599991239607334,0.009082000004127622,133,23,21,158.0,4.0
Quick,Correct,default,SinglePreserve,subst_typ_tabs_no_shift,3,Failed,507,0,19,7,30,0.007088000420480967,0.0005919996183365583,0.0003269999288022518,0.007680000038817525,88,38,21,96.0,26.0
Quick,Correct,default,SinglePreserve,subst_typ_tabs_no_shift,4,Failed,179,0,15,9,21,0.0029089993331581354,0.00037000072188675404,0.0003519998863339424,0.0032790000550448895,292,28,21,379.0,12.0
Quick,Correct,default,SinglePreserve,subst_typ_tabs_no_shift,5,Failed,5,0,7,4,6,0.00011799996718764304,0.00020700017921626568,0.0002460000105202198,0.00032500014640390873,106,25,21,120.0,8.0
Quick,Correct,default,SinglePreserve,subst_typ_tabs_no_shift,6,Failed,66,0,20,6,9,0.0008049998432397842,0.0002560000866651533,0.00033299997448921204,0.0010609999299049375,100,30,21,114.0,16.0
Quick,Correct,default,SinglePreserve,subst_typ_tabs_no_shift,7,Failed,96,0,13,8,25,0.0014019999653100967,0.00030399998649954796,0.0003480000887066126,0.0017059999518096447,160,30,21,197.0,16.0
Quick,Correct,default,SinglePreserve,subst_typ_tabs_no_shift,8,Failed,308,0,10,5,13,0.004311999073252082,0.0003980009350925684,0.0002870000898838043,0.00471000000834465,155,25,21,190.0,8.0
Quick,Correct,default,SinglePreserve,subst_typ_tabs_no_shift,9,Failed,1341,0,12,5,13,0.016585999634116888,0.001213000388815999,0.00035600014962255955,0.017799000022932887,86,30,21,92.0,16.0
Quick,Correct,default,MultiPreserve,subst_typ_tabs_no_shift,0,Failed,154,0,7,4,5,0.0019519999623298645,0.0003029999788850546,0.00030800001695752144,0.002254999941214919,36,25,21,22.0,8.0
Quick,Correct,default,MultiPreserve,subst_typ_tabs_no_shift,1,Failed,367,0,13,8,92,0.005051000043749809,0.0004900000058114529,0.000536999898031354,0.005541000049561262,179,100,21,223.0,113.0
Quick,Correct,default,MultiPreserve,subst_typ_tabs_no_shift,2,Failed,82,0,24,5,38,0.0009599996265023948,0.00027300044894218434,0.000593000091612339,0.0012330000754445791,86,53,21,92.0,46.0
Quick,Correct,default,MultiPreserve,subst_typ_tabs_no_shift,3,Failed,95,0,14,9,19,0.0013689997140318155,0.0002670001704245806,0.00034200004301965237,0.001635999884456396,145,33,21,174.0,19.0
Quick,Correct,default,MultiPreserve,subst_typ_tabs_no_shift,4,Failed,43,0,13,3,12,0.0006089997477829456,0.0002670001704245806,0.00030700000934302807,0.0008759999182075262,63,37,21,58.0,22.0
Quick,Correct,default,MultiPreserve,subst_typ_tabs_no_shift,5,Failed,180,0,29,7,19,0.0030159992165863514,0.0003460007719695568,0.000341000035405159,0.003361999988555908,65,29,21,62.0,11.0
Quick,Correct,default,MultiPreserve,subst_typ_tabs_no_shift,6,Failed,46,0,8,3,7,0.0005519995465874672,0.0002200002782046795,0.00027299998328089714,0.0007719998247921467,80,25,21,85.0,8.0
Quick,Correct,default,MultiPreserve,subst_typ_tabs_no_shift,7,Failed,181,0,6,3,5,0.0028910005930811167,0.00034099933691322803,0.0003090000245720148,0.0032319999299943447,73,28,21,75.0,12.0
Quick,Correct,default,MultiPreserve,subst_typ_tabs_no_shift,8,Failed,245,0,11,5,9,0.003396999556571245,0.00042800046503543897,0.00035200011916458607,0.003825000021606684,68,30,21,69.0,16.0
Quick,Correct,default,MultiPreserve,subst_typ_tabs_no_shift,9,Failed,18,0,6,4,5,0.00025400007143616676,0.00021199998445808893,0.00027199997566640377,0.0004660000558942557,79,25,21,83.0,8.0
Hedgehog,Hedgehog,default,SinglePreserve,tshift_tvar_all,0,Failed,164,226367,11,2,17,0.0001320007722824812,3.9361419992055744,0.0006830000784248114,3.936273999977857,25,21,19,8.0,5.0
Hedgehog,Hedgehog,default,SinglePreserve,tshift_tvar_all,1,Failed,33,50191,10,2,11,1.600012183189392e-05,0.8548039998859167,0.0005810000002384186,0.8548200000077486,24,19,19,8.0,6.0
Hedgehog,Hedgehog,default,SinglePreserve,tshift_tvar_all,2,Failed,542,918584,12,1,12,0.00038100057281553745,16.151884999359027,0.0005399999208748341,16.152265999931842,22,21,19,5.0,6.0
Hedgehog,Hedgehog,default,SinglePreserve,tshift_tvar_all,3,Failed,784,1368136,8,3,8,0.0005500002298504114,24.474730999674648,0.0005370001308619976,24.4752809999045,31,17,19,16.0,4.0
Hedgehog,Hedgehog,default,SinglePreserve,tshift_tvar_all,4,Failed,135,236785,10,3,6,9.899982251226902e-05,4.098673000000417,0.0005470002070069313,4.0987719998229295,34,17,19,27.0,7.0
Hedgehog,Hedgehog,default,SinglePreserve,tshift_tvar_all,5,Failed,750,1354068,7,1,9,0.0005429997108876705,24.491334000369534,0.0005689999088644981,24.49187700008042,35,19,19,25.0,6.0
Hedgehog,Hedgehog,default,SinglePreserve,tshift_tvar_all,6,Failed,126,208596,9,2,10,8.499994874000549e-05,3.6154819999355823,0.0006600001361221075,3.6155669998843223,27,24,19,13.0,9.0
Hedgehog,Hedgehog,default,SinglePreserve,tshift_tvar_all,7,Failed,317,579107,10,2,11,0.0002039994578808546,10.289303000550717,0.0006389999762177467,10.289507000008598,24,19,19,8.0,6.0
Hedgehog,Hedgehog,default,SinglePreserve,tshift_tvar_all,8,Failed,71,101572,15,6,21,4.79996670037508e-05,1.7350050003733486,0.0006989999674260616,1.7350530000403523,40,20,19,29.0,4.0
Hedgehog,Hedgehog,default,SinglePreserve,tshift_tvar_all,9,Failed,882,1592542,12,2,9,0.0006510000675916672,28.764238000148907,0.0008379998616874218,28.7648890002165,24,19,19,9.0,6.0
Hedgehog,Hedgehog,default,MultiPreserve,tshift_tvar_all,0,Failed,780,1312837,8,1,7,0.001219998113811016,23.57961500203237,0.0005119999404996634,23.58083500014618,25,21,19,8.0,6.0
Hedgehog,Hedgehog,default,MultiPreserve,tshift_tvar_all,1,Failed,483,827537,11,2,6,0.0006750025786459446,14.803885997505859,0.0005389999132603407,14.804561000084504,22,21,19,12.0,11.0
Hedgehog,Hedgehog,default,MultiPreserve,tshift_tvar_all,2,Failed,369,625051,8,3,8,0.0005190006922930479,11.122617999324575,0.0006389999762177467,11.123137000016868,34,17,19,25.0,10.0
Hedgehog,Hedgehog,default,MultiPreserve,tshift_tvar_all,3,Failed,36,44886,8,2,11,5.300017073750496e-05,0.7660049998667091,0.0006230000872164965,0.7660580000374466,28,24,19,12.0,8.0
Hedgehog,Hedgehog,default,MultiPreserve,tshift_tvar_all,4,Failed,312,531514,11,3,11,0.0004480008501559496,9.561977999052033,0.0005520000122487545,9.562425999902189,25,21,19,9.0,6.0
Hedgehog,Hedgehog,default,MultiPreserve,tshift_tvar_all,5,Failed,394,714339,7,1,24,0.0005829986184835434,12.638181001180783,0.0005630000960081816,12.638763999799266,31,21,19,16.0,6.0
Hedgehog,Hedgehog,default,MultiPreserve,tshift_tvar_all,6,Failed,384,600545,10,3,15,0.0005839988589286804,10.81639200123027,0.0005869998130947351,10.816976000089198,31,21,19,17.0,6.0
Hedgehog,Hedgehog,default,MultiPreserve,tshift_tvar_all,7,Failed,854,1433675,10,3,15,0.0012479978613555431,26.1333410020452,0.0006140000186860561,26.134588999906555,40,21,19,29.0,6.0
Hedgehog,Hedgehog,default,MultiPreserve,tshift_tvar_all,8,Failed,49,63276,11,4,9,4.700012505054474e-05,1.0722550000064075,0.0005459999665617943,1.072302000131458,28,17,19,13.0,4.0
Hedgehog,Hedgehog,default,MultiPreserve,tshift_tvar_all,9,Failed,147,214185,14,7,10,0.0001820006873458624,3.681983999442309,0.000662999926134944,3.682166000129655,40,20,19,29.0,4.0
Hedgehog,Hedgehog,default,SinglePreserve,tshift_tvar_no_incr,0,Failed,45,44979,10,2,11,4.900014027953148e-05,0.7842639998998493,0.0006760000251233578,0.7843130000401288,22,18,16,13.0,8.0
Hedgehog,Hedgehog,default,SinglePreserve,tshift_tvar_no_incr,1,Failed,40,69677,7,1,8,3.1999778002500534e-05,1.1799440002068877,0.00048099993728101254,1.1799759999848902,25,18,16,17.0,8.0
Hedgehog,Hedgehog,default,SinglePreserve,tshift_tvar_no_incr,2,Failed,579,1029936,4,0,10,0.0003570006228983402,18.48070699931122,0.0004600000102072954,18.48106399993412,19,18,16,9.0,8.0
Hedgehog,Hedgehog,default,SinglePreserve,tshift_tvar_no_incr,3,Failed,109,146213,9,1,11,7.800036109983921e-05,2.5092389995697886,0.0004970000591129065,2.5093169999308884,19,18,16,9.0,8.0
Hedgehog,Hedgehog,default,SinglePreserve,tshift_tvar_no_incr,4,Failed,193,301730,9,2,11,0.00015199999324977398,5.285264000063762,0.000556000042706728,5.285416000057012,33,18,16,26.0,8.0
Hedgehog,Hedgehog,default,SinglePreserve,tshift_tvar_no_incr,5,Failed,233,356984,7,1,8,0.00015400047414004803,6.309553999686614,0.0006829998455941677,6.309708000160754,25,18,16,17.0,8.0
Hedgehog,Hedgehog,default,SinglePreserve,tshift_tvar_no_incr,6,Failed,114,182699,4,0,8,7.600011304020882e-05,3.1319169998168945,0.0004640000406652689,3.1319929999299347,16,18,16,0.0,5.0
Hedgehog,Hedgehog,default,SinglePreserve,tshift_tvar_no_incr,7,Failed,171,314545,4,1,10,0.0001279993448406458,5.502572000492364,0.00047200010158121586,5.502699999837205,29,18,16,21.0,8.0
Hedgehog,Hedgehog,default,SinglePreserve,tshift_tvar_no_incr,8,Failed,84,140633,7,1,8,6.499956361949444e-05,2.3980080005712807,0.000484999967738986,2.3980730001349,25,18,16,17.0,8.0
Hedgehog,Hedgehog,default,SinglePreserve,tshift_tvar_no_incr,9,Failed,128,215587,4,0,10,8.600018918514252e-05,3.732419999781996,0.00041900016367435455,3.732505999971181,19,18,16,9.0,8.0
Hedgehog,Hedgehog,default,MultiPreserve,tshift_tvar_no_incr,0,Failed,572,953252,10,2,11,0.0007319992873817682,17.16001700051129,0.0005440001841634512,17.16074899979867,25,18,16,17.0,8.0
Hedgehog,Hedgehog,default,MultiPreserve,tshift_tvar_no_incr,1,Failed,131,228585,6,1,8,0.0001960000954568386,3.984508999856189,0.0004840001929551363,3.9847049999516457,37,18,16,31.0,8.0
Hedgehog,Hedgehog,default,MultiPreserve,tshift_tvar_no_incr,2,Failed,72,97052,10,2,11,8.600042201578617e-05,1.6494179994333533,0.0005440001841634512,1.649503999855369,25,18,16,17.0,8.0
Hedgehog,Hedgehog,default,MultiPreserve,tshift_tvar_no_incr,3,Failed,92,159032,8,2,13,0.00013900012709200382,2.724519999930635,0.0005389999132603407,2.724659000057727,25,18,16,17.0,8.0
Hedgehog,Hedgehog,default,MultiPreserve,tshift_tvar_no_incr,4,Failed,36,57880,4,1,10,4.3999869376420975e-05,0.975647000130266,0.0005050001200288534,0.9756909999996424,24,18,16,14.0,8.0
Hedgehog,Hedgehog,default,MultiPreserve,tshift_tvar_no_incr,5,Failed,25,15992,7,1,8,3.79995908588171e-05,0.27483300026506186,0.0005280000623315573,0.2748709998559207,22,18,16,13.0,8.0
Hedgehog,Hedgehog,default,MultiPreserve,tshift_tvar_no_incr,6,Failed,1442,2547482,10,2,11,0.0021450023632496595,46.20814699749462,0.0006670001894235611,46.21029199985787,25,18,16,17.0,8.0
Hedgehog,Hedgehog,default,MultiPreserve,tshift_tvar_no_incr,7,Failed,419,667097,4,1,10,0.0005710008554160595,11.939742999151347,0.0004940000362694263,11.940314000006763,36,18,16,30.0,8.0
Hedgehog,Hedgehog,default,MultiPreserve,tshift_tvar_no_incr,8,Failed,291,446933,10,2,11,0.000386000145226717,7.925888999830931,0.0005570000503212214,7.926274999976158,24,18,16,16.0,8.0
Hedgehog,Hedgehog,default,MultiPreserve,tshift_tvar_no_incr,9,Failed,109,179114,7,2,13,0.00015699956566095352,3.082686000270769,0.000538000138476491,3.08284299983643,33,18,16,26.0,8.0
Hedgehog,Hedgehog,default,SinglePreserve,tshift_all_no_incr,0,Failed,927,1556112,11,2,25,0.0008530004415661097,28.841364999534562,0.0007380000315606594,28.84221799997613,28,21,19,12.0,6.0
Hedgehog,Hedgehog,default,SinglePreserve,tshift_all_no_incr,1,Failed,965,1590967,11,3,17,0.0008679977618157864,29.42262700223364,0.0006149997934699059,29.423494999995455,28,17,19,12.0,10.0
Hedgehog,Hedgehog,default,SinglePreserve,tshift_all_no_incr,2,Failed,97,122130,10,2,14,6.400025449693203e-05,2.0784339997917414,0.0005200000014156103,2.0784980000462383,38,21,19,27.0,6.0
Hedgehog,Hedgehog,default,SinglePreserve,tshift_all_no_incr,3,Failed,1017,1754904,7,2,11,0.0008299993351101875,31.926166000775993,0.0005449999589473009,31.926996000111103,31,24,19,16.0,8.0
Hedgehog,Hedgehog,default,SinglePreserve,tshift_all_no_incr,4,Failed,38,52780,8,2,7,2.9999995604157448e-05,0.8889260001014918,0.0005069999024271965,0.888956000097096,34,21,19,20.0,6.0
Hedgehog,Hedgehog,default,SinglePreserve,tshift_all_no_incr,5,Failed,643,1041979,8,4,9,0.0004630007315427065,18.74399699922651,0.0006760000251233578,18.744459999958053,34,17,19,20.0,4.0
Hedgehog,Hedgehog,default,SinglePreserve,tshift_all_no_incr,6,Failed,550,927277,10,5,11,0.000437999377027154,16.60476200049743,0.0005860000383108854,16.605199999874458,34,17,19,21.0,4.0
Hedgehog,Hedgehog,default,SinglePreserve,tshift_all_no_incr,7,Failed,194,359422,6,0,9,0.00015200022608041763,6.352982999756932,0.00045299995690584183,6.353134999983013,22,21,19,4.0,6.0
Hedgehog,Hedgehog,default,SinglePreserve,tshift_all_no_incr,8,Failed,426,698493,11,2,5,0.0002840005327016115,12.371465999400243,0.0006520000752061605,12.371749999932945,25,17,19,15.0,7.0
Hedgehog,Hedgehog,default,SinglePreserve,tshift_all_no_incr,9,Failed,174,244650,12,3,8,0.00011499994434416294,4.196079000132158,0.0005649998784065247,4.196194000076503,38,22,19,29.0,10.0
Hedgehog,Hedgehog,default,MultiPreserve,tshift_all_no_incr,0,Failed,13,13403,8,0,7,1.2999400496482847e-05,0.22745700040832162,0.00046300003305077553,0.2274699998088181,22,21,19,4.0,6.0
Hedgehog,Hedgehog,default,MultiPreserve,tshift_all_no_incr,1,Failed,623,1098293,7,0,8,0.0009390017949044704,19.9365909982007,0.000719000119715929,19.937529999995604,22,21,19,4.0,6.0
Hedgehog,Hedgehog,default,MultiPreserve,tshift_all_no_incr,2,Failed,282,483844,12,1,12,0.00042400043457746506,8.633813999593258,0.000536999898031354,8.634238000027835,22,21,19,5.0,6.0
Hedgehog,Hedgehog,default,MultiPreserve,tshift_all_no_incr,3,Failed,261,431369,11,3,15,0.0003749998286366462,7.732728000031784,0.0005850000306963921,7.733102999860421,28,17,19,12.0,4.0
Hedgehog,Hedgehog,default,MultiPreserve,tshift_all_no_incr,4,Failed,37,40781,7,1,9,4.7999899834394455e-05,0.6915950002148747,0.0004879999905824661,0.6916430001147091,24,19,19,10.0,6.0
Hedgehog,Hedgehog,default,MultiPreserve,tshift_all_no_incr,5,Failed,499,823824,8,3,11,0.0006609971169382334,14.845869002863767,0.0005379999056458473,14.846529999980705,37,21,19,24.0,11.0
Hedgehog,Hedgehog,default,MultiPreserve,tshift_all_no_incr,6,Failed,88,125637,9,2,13,0.0001269988715648651,2.1331470012664795,0.0006389999762177467,2.1332740001380444,25,18,19,8.0,3.0
Hedgehog,Hedgehog,default,MultiPreserve,tshift_all_no_incr,7,Failed,1253,2220776,12,3,13,0.0019389991648495195,41.039488000795245,0.000582000007852912,41.041426999960095,34,21,19,21.0,6.0
Hedgehog,Hedgehog,default,MultiPreserve,tshift_all_no_incr,8,Failed,45,58280,12,3,9,6.0999998822808266e-05,0.9891250000800936,0.0005559998098760843,0.9891860000789164,42,19,19,33.0,6.0
Hedgehog,Hedgehog,default,MultiPreserve,tshift_all_no_incr,9,Failed,282,482350,12,3,16,0.00037600076757371426,8.654005999211222,0.0005769999697804451,8.654381999978796,25,18,19,9.0,3.0
Hedgehog,Hedgehog,default,SinglePreserve,shift_var_all,0,timed_out,,,,,,,0,,,0,0,22,,
Hedgehog,Hedgehog,default,MultiPreserve,shift_var_all,0,timed_out,,,,,,,0,,,0,0,22,,
Hedgehog,Hedgehog,default,SinglePreserve,shift_var_no_incr,0,timed_out,,,,,,,0,,,0,0,22,,
Hedgehog,Hedgehog,default,MultiPreserve,shift_var_no_incr,0,timed_out,,,,,,,0,,,0,0,22,,
Hedgehog,Hedgehog,default,SinglePreserve,shift_abs_no_incr,0,timed_out,,,,,,,0,,,0,0,22,,
Hedgehog,Hedgehog,default,MultiPreserve,shift_abs_no_incr,0,timed_out,,,,,,,0,,,0,0,22,,
Hedgehog,Hedgehog,default,SinglePreserve,shift_typ_tabs_no_incr,0,timed_out,,,,,,,0,,,0,0,27,,
Hedgehog,Hedgehog,default,MultiPreserve,shift_typ_tabs_no_incr,0,timed_out,,,,,,,0,,,0,0,27,,
Hedgehog,Hedgehog,default,SinglePreserve,tsubst_tvar_flip,0,Failed,177,289636,3,0,9,0.00014400016516447067,5.0813939999789,0.000565999886021018,5.081538000144064,16,18,16,6.0,11.0
Hedgehog,Hedgehog,default,SinglePreserve,tsubst_tvar_flip,1,Failed,111,158115,10,4,11,8.100015111267567e-05,2.6996129998005927,0.0005620000883936882,2.6996939999517053,43,21,16,36.0,9.0
Hedgehog,Hedgehog,default,SinglePreserve,tsubst_tvar_flip,2,Failed,78,96046,11,3,9,4.600035026669502e-05,1.6397499996237457,0.0005870000459253788,1.6397959999740124,37,21,16,28.0,9.0
Hedgehog,Hedgehog,default,SinglePreserve,tsubst_tvar_flip,3,Failed,14,18206,4,2,13,9.999843314290048e-06,0.31697300006635487,0.0004650000482797622,0.31698299990966916,25,18,16,14.0,11.0
Hedgehog,Hedgehog,default,SinglePreserve,tsubst_tvar_flip,4,Failed,141,250883,9,1,13,0.00012099975720047952,4.3426230000332,0.0005320000927895308,4.3427439997904,22,21,16,8.0,9.0
Hedgehog,Hedgehog,default,SinglePreserve,tsubst_tvar_flip,5,Failed,119,189799,6,2,9,8.999998681247234e-05,3.2605089999269694,0.0006059999577701092,3.260598999913782,27,17,16,15.0,4.0
Hedgehog,Hedgehog,default,SinglePreserve,tsubst_tvar_flip,6,Failed,222,413796,5,1,11,0.00016900035552680492,7.426748999627307,0.0005279998295009136,7.426917999982834,18,18,16,10.0,11.0
Hedgehog,Hedgehog,default,SinglePreserve,tsubst_tvar_flip,7,Failed,44,66272,4,2,9,3.300025127828121e-05,1.1328599997796118,0.00047900015488266945,1.13289300003089,22,18,16,9.0,11.0
Hedgehog,Hedgehog,default,SinglePreserve,tsubst_tvar_flip,8,Failed,153,237561,5,0,8,0.00010599964298307896,4.116183000383899,0.00044800015166401863,4.116289000026882,19,21,16,4.0,9.0
Hedgehog,Hedgehog,default,SinglePreserve,tsubst_tvar_flip,9,Failed,86,156934,6,2,11,7.200031541287899e-05,2.6933229996357113,0.0005079999100416899,2.693394999951124,25,18,16,12.0,11.0
Hedgehog,Hedgehog,default,MultiPreserve,tsubst_tvar_flip,0,Failed,80,157338,4,1,12,0.00013400055468082428,2.679084999486804,0.0004859999753534794,2.679219000041485,19,18,16,10.0,11.0
Hedgehog,Hedgehog,default,MultiPreserve,tsubst_tvar_flip,1,Failed,105,173715,5,2,12,0.00015799980610609057,2.9857260000426322,0.000493000028654933,2.9858839998487383,22,18,16,9.0,11.0
Hedgehog,Hedgehog,default,MultiPreserve,tsubst_tvar_flip,2,Failed,357,622661,5,1,11,0.0004800006281584501,11.173308999277651,0.0004889999981969595,11.17378899990581,19,18,16,10.0,11.0
Hedgehog,Hedgehog,default,MultiPreserve,tsubst_tvar_flip,3,Failed,50,77771,6,3,11,6.700004450976849e-05,1.3252870000433177,0.0005429999437183142,1.3253540000878274,43,18,16,37.0,11.0
Hedgehog,Hedgehog,default,MultiPreserve,tsubst_tvar_flip,4,Failed,62,92762,11,3,9,7.099984213709831e-05,1.5759400001261383,0.0005110001657158136,1.5760109999682754,34,21,16,24.0,9.0
Hedgehog,Hedgehog,default,MultiPreserve,tsubst_tvar_flip,5,Failed,255,396166,6,3,11,0.00031999964267015457,7.054042000323534,0.0005210000090301037,7.054361999966204,28,18,16,16.0,11.0
Hedgehog,Hedgehog,default,MultiPreserve,tsubst_tvar_flip,6,Failed,161,285553,5,1,7,0.00032399920746684074,4.999371000798419,0.0004829999525099993,4.999695000005886,19,33,16,12.0,24.0
Hedgehog,Hedgehog,default,MultiPreserve,tsubst_tvar_flip,7,Failed,28,45686,5,1,7,3.900029696524143e-05,0.7778409996535629,0.0004579999949783087,0.7778799999505281,19,18,16,12.0,10.0
Hedgehog,Hedgehog,default,MultiPreserve,tsubst_tvar_flip,8,Failed,12,7410,3,2,14,2.00001522898674e-05,0.12631899979896843,0.0005890000611543655,0.1263389999512583,25,21,16,12.0,9.0
Hedgehog,Hedgehog,default,MultiPreserve,tsubst_tvar_flip,9,Failed,49,83476,10,3,11,7.100030779838562e-05,1.4681939997244626,0.000573999946936965,1.468265000032261,39,21,16,31.0,9.0
Hedgehog,Hedgehog,default,SinglePreserve,tsubst_tvar_no_shift,0,Failed,36,57784,6,2,11,3.700004890561104e-05,0.9974029997829348,0.0007550001610070467,0.9974399998318404,23,18,16,11.0,5.0
Hedgehog,Hedgehog,default,SinglePreserve,tsubst_tvar_no_shift,1,Failed,124,169695,5,2,11,8.79995059221983e-05,2.9291680005844682,0.0004989998415112495,2.9292560000903904,33,18,16,23.0,5.0
Hedgehog,Hedgehog,default,SinglePreserve,tsubst_tvar_no_shift,2,Failed,31,51385,5,2,8,2.100015990436077e-05,0.8779849999118596,0.0004979998338967562,0.878006000071764,43,18,16,36.0,5.0
Hedgehog,Hedgehog,default,SinglePreserve,tsubst_tvar_no_shift,3,Failed,7,4907,2,1,10,1.300009898841381e-05,0.08693299978040159,0.0004430001135915518,0.08694599987939,30,18,16,19.0,5.0
Hedgehog,Hedgehog,default,SinglePreserve,tsubst_tvar_no_shift,4,Failed,63,95853,5,2,8,3.9999838918447495e-05,1.6376060002949087,0.0005139999557286501,1.637646000133827,25,18,16,12.0,5.0
Hedgehog,Hedgehog,default,SinglePreserve,tsubst_tvar_no_shift,5,Failed,24,30095,5,2,11,1.900014467537403e-05,0.5090059998910874,0.0004920000210404396,0.5090250000357628,24,18,16,11.0,5.0
Hedgehog,Hedgehog,default,SinglePreserve,tsubst_tvar_no_shift,6,Failed,62,111251,3,0,9,4.79996670037508e-05,1.939303000457585,0.0004039998166263103,1.9393510001245888,16,18,16,0.0,5.0
Hedgehog,Hedgehog,default,SinglePreserve,tsubst_tvar_no_shift,7,Failed,439,761379,5,1,11,0.000295999925583601,13.561074000084773,0.000447999918833375,13.561370000010356,18,18,16,4.0,5.0
Hedgehog,Hedgehog,default,SinglePreserve,tsubst_tvar_no_shift,8,Failed,974,1606545,5,2,11,0.0006569996476173401,29.365037000272423,0.0005020000971853733,29.36569399992004,36,18,16,27.0,5.0
Hedgehog,Hedgehog,default,SinglePreserve,tsubst_tvar_no_shift,9,Failed,61,92558,5,2,11,5.5999960750341415e-05,1.5900449999608102,0.0004980000667273998,1.5901009999215605,31,18,16,20.0,5.0
Hedgehog,Hedgehog,default,MultiPreserve,tsubst_tvar_no_shift,0,Failed,188,333932,4,2,13,0.0004080005455762148,5.897949999431148,0.000484999967738986,5.898357999976724,24,18,16,11.0,5.0
Hedgehog,Hedgehog,default,MultiPreserve,tsubst_tvar_no_shift,1,Failed,159,308856,3,1,10,0.0002540007699280977,5.4468169992323965,0.0004869999829679728,5.447071000002325,19,18,16,4.0,5.0
Hedgehog,Hedgehog,default,MultiPreserve,tsubst_tvar_no_shift,2,Failed,148,224968,4,2,9,0.0001949998550117016,3.91402000025846,0.0004829999525099993,3.914215000113472,28,18,16,16.0,5.0
Hedgehog,Hedgehog,default,MultiPreserve,tsubst_tvar_no_shift,3,Failed,358,663761,5,2,11,0.0005280007608234882,11.969330999068916,0.0005210000090301037,11.96985899982974,24,18,16,11.0,5.0
Hedgehog,Hedgehog,default,MultiPreserve,tsubst_tvar_no_shift,4,Failed,393,650122,4,1,9,0.0006020013242959976,11.560754998819904,0.0005200000014156103,11.5613570001442,22,18,16,8.0,5.0
Hedgehog,Hedgehog,default,MultiPreserve,tsubst_tvar_no_shift,5,Failed,198,319620,3,1,13,0.0004290007054805755,5.6936429992783815,0.0004650000482797622,5.694071999983862,19,18,16,4.0,5.0
Hedgehog,Hedgehog,default,MultiPreserve,tsubst_tvar_no_shift,6,Failed,162,283156,5,1,11,0.0002480002585798502,4.964891999727115,0.0006200000643730164,4.965139999985695,19,18,16,4.0,5.0
Hedgehog,Hedgehog,default,MultiPreserve,tsubst_tvar_no_shift,7,Failed,528,987692,6,2,11,0.0008040028624236584,17.971849997062236,0.0004789999220520258,17.97265399992466,24,18,16,12.0,5.0
Hedgehog,Hedgehog,default,MultiPreserve,tsubst_tvar_no_shift,8,Failed,531,961887,5,1,11,0.00072900066152215,17.403702999465168,0.0005049998871982098,17.40443200012669,19,18,16,4.0,5.0
Hedgehog,Hedgehog,default,MultiPreserve,tsubst_tvar_no_shift,9,Failed,78,117743,5,3,12,0.00010100030340254308,2.0125499998684973,0.00051099993288517,2.0126510001719,38,18,16,30.0,5.0
Hedgehog,Hedgehog,default,SinglePreserve,tsubst_tvar_over_shift,0,Failed,109,177413,10,2,9,0.00010200007818639278,3.049655999755487,0.0006810000631958246,3.0497579998336732,24,21,16,12.0,9.0
Hedgehog,Hedgehog,default,SinglePreserve,tsubst_tvar_over_shift,1,Failed,380,653435,7,1,6,0.00028299959376454353,12.09382400056347,0.0004689998459070921,12.094107000157235,22,21,16,8.0,9.0
Hedgehog,Hedgehog,default,SinglePreserve,tsubst_tvar_over_shift,2,Failed,460,841864,11,3,9,0.0003359997645020485,15.011227000271901,0.000582000007852912,15.011563000036404,31,21,16,20.0,9.0
Hedgehog,Hedgehog,default,SinglePreserve,tsubst_tvar_over_shift,3,Failed,374,656250,13,1,9,0.0002889998722821474,11.724163000006229,0.0005440001841634512,11.72445199987851,21,21,16,8.0,9.0
Hedgehog,Hedgehog,default,SinglePreserve,tsubst_tvar_over_shift,4,Failed,421,738596,8,1,7,0.00033000041730701923,12.878189999377355,0.0005110001657158136,12.878519999794662,24,21,16,11.0,9.0
Hedgehog,Hedgehog,default,SinglePreserve,tsubst_tvar_over_shift,5,Failed,255,404762,7,2,7,0.00016100076027214527,6.978495999239385,0.0004770001396536827,6.978656999999657,22,21,16,8.0,9.0
Hedgehog,Hedgehog,default,SinglePreserve,tsubst_tvar_over_shift,6,Failed,150,279166,7,2,6,9.80005133897066e-05,4.855501999380067,0.0004710000939667225,4.855599999893457,25,18,16,12.0,5.0
Hedgehog,Hedgehog,default,SinglePreserve,tsubst_tvar_over_shift,7,Failed,46,47383,10,4,14,2.7999747544527057e-05,0.8008870000485331,0.000601000152528286,0.8009149997960776,37,17,16,28.0,4.0
Hedgehog,Hedgehog,default,SinglePreserve,tsubst_tvar_over_shift,8,Failed,78,108046,11,3,9,5.199969746172428e-05,1.8583080002572387,0.0007289999630302191,1.8583599999547005,37,21,16,28.0,9.0
Hedgehog,Hedgehog,default,SinglePreserve,tsubst_tvar_over_shift,9,Failed,544,891679,10,3,9,0.0003839991986751557,15.8891330009792,0.0005799999926239252,15.889517000177875,35,21,16,27.0,9.0
Hedgehog,Hedgehog,default,MultiPreserve,tsubst_tvar_over_shift,0,Failed,524,871790,7,0,6,0.0007590001914650202,15.432422999758273,0.0004520001821219921,15.433181999949738,19,21,16,4.0,9.0
Hedgehog,Hedgehog,default,MultiPreserve,tsubst_tvar_over_shift,1,Failed,165,311559,9,1,13,0.0002460000105202198,5.613265999825671,0.0005240000318735838,5.6135119998361915,22,21,16,8.0,9.0
Hedgehog,Hedgehog,default,MultiPreserve,tsubst_tvar_over_shift,2,Failed,417,715504,7,3,10,0.0005789999850094318,12.859255000017583,0.0005059998948127031,12.859834000002593,28,21,16,16.0,9.0
Hedgehog,Hedgehog,default,MultiPreserve,tsubst_tvar_over_shift,3,Failed,1226,2159193,6,2,10,0.0018040034919977188,39.11030899640173,0.000538000138476491,39.112112999893725,24,21,16,11.0,8.0
Hedgehog,Hedgehog,default,MultiPreserve,tsubst_tvar_over_shift,4,Failed,27,26990,7,2,7,3.300001844763756e-05,0.45566400000825524,0.0005020000971853733,0.4556970000267029,22,21,16,8.0,9.0
Hedgehog,Hedgehog,default,MultiPreserve,tsubst_tvar_over_shift,5,Failed,120,197602,8,2,11,0.00018499977886676788,3.4084600002970546,0.0005499999970197678,3.4086450000759214,24,21,16,12.0,9.0
Hedgehog,Hedgehog,default,MultiPreserve,tsubst_tvar_over_shift,6,Failed,21,15497,7,3,7,1.800013706088066e-05,0.26214300002902746,0.0006679999642074108,0.26216100016608834,31,14,16,20.0,4.0
Hedgehog,Hedgehog,default,MultiPreserve,tsubst_tvar_over_shift,7,Failed,116,169506,10,2,9,0.0001479994971305132,2.8959990004077554,0.000522000016644597,2.896146999904886,24,21,16,12.0,9.0
Hedgehog,Hedgehog,default,MultiPreserve,tsubst_tvar_over_shift,8,Failed,107,179215,10,5,6,0.00012500048615038395,3.0766249995213,0.0005270000547170639,3.0767500000074506,37,14,16,28.0,4.0
Hedgehog,Hedgehog,default,MultiPreserve,tsubst_tvar_over_shift,9,Failed,119,182307,12,3,10,0.00016599963419139385,3.1345460002776235,0.0006170000415295362,3.134711999911815,37,24,16,28.0,13.0
Hedgehog,Hedgehog,default,SinglePreserve,tsubst_all_no_tshift,0,timed_out,,,,,,,0,,,0,0,21,,
Hedgehog,Hedgehog,default,MultiPreserve,tsubst_all_no_tshift,0,timed_out,,,,,,,0,,,0,0,21,,
Hedgehog,Hedgehog,default,SinglePreserve,subst_var_flip,0,Failed,201,397310,3,2,5,0.0001700003631412983,7.148264999734238,0.0005769999697804451,7.148435000097379,25,13,13,18.0,1.0
Hedgehog,Hedgehog,default,SinglePreserve,subst_var_flip,1,Failed,67,134143,2,3,4,5.200016312301159e-05,2.29717699973844,0.0005449999589473009,2.297228999901563,22,13,13,14.0,7.0
Hedgehog,Hedgehog,default,SinglePreserve,subst_var_flip,2,Failed,272,539940,3,3,5,0.00020700087770819664,9.809677999000996,0.000421999953687191,9.809884999878705,22,13,13,14.0,1.0
Hedgehog,Hedgehog,default,SinglePreserve,subst_var_flip,3,Failed,107,174000,2,1,3,8.500018157064915e-05,2.9878539997152984,0.0003980000037699938,2.987938999896869,26,13,13,19.0,1.0
Hedgehog,Hedgehog,default,SinglePreserve,subst_var_flip,4,Failed,291,508118,3,1,4,0.0002189998049288988,8.947672000154853,0.0003829998895525932,8.947890999959782,25,13,13,17.0,1.0
Hedgehog,Hedgehog,default,SinglePreserve,subst_var_flip,5,Failed,31,41978,2,3,3,2.400018274784088e-05,0.7132489997893572,0.0003919999580830336,0.713272999972105,28,16,13,23.0,9.0
Hedgehog,Hedgehog,default,SinglePreserve,subst_var_flip,6,Failed,73,116334,2,1,3,6.000022403895855e-05,2.0499029997736216,0.00036399997770786285,2.0499629999976605,19,13,13,10.0,7.0
Hedgehog,Hedgehog,default,SinglePreserve,subst_var_flip,7,Failed,258,385653,3,2,5,0.00015400000847876072,6.813357000006363,0.0004110001027584076,6.813511000014842,25,13,13,18.0,1.0
Hedgehog,Hedgehog,default,SinglePreserve,subst_var_flip,8,Failed,286,496624,3,3,3,0.0002779995556920767,8.886201000306755,0.0004189999308437109,8.886478999862447,34,13,13,29.0,1.0
Hedgehog,Hedgehog,default,SinglePreserve,subst_var_flip,9,Failed,174,286437,3,2,5,0.00012199999764561652,4.978607000084594,0.0004279999993741512,4.9787290000822395,22,13,13,14.0,1.0
Hedgehog,Hedgehog,default,MultiPreserve,subst_var_flip,0,Failed,222,395387,3,1,4,0.00031599984504282475,6.976432000286877,0.0003939999733120203,6.97674800013192,27,13,13,20.0,1.0
Hedgehog,Hedgehog,default,MultiPreserve,subst_var_flip,1,Failed,272,466437,1,3,4,0.0003749998286366462,8.341260000364855,0.0004259999841451645,8.341635000193492,33,16,13,28.0,9.0
Hedgehog,Hedgehog,default,MultiPreserve,subst_var_flip,2,Failed,137,212177,2,4,7,0.0001880007330328226,3.6830189991742373,0.00046900007873773575,3.68320699990727,33,19,13,29.0,13.0
Hedgehog,Hedgehog,default,MultiPreserve,subst_var_flip,3,Failed,21,29990,2,4,4,2.700020559132099e-05,0.504881999688223,0.0004160001408308744,0.5049089998938143,37,16,13,35.0,9.0
Hedgehog,Hedgehog,default,MultiPreserve,subst_var_flip,4,Failed,115,199196,2,2,6,0.0001650000922381878,3.450141000095755,0.00041799992322921753,3.450306000187993,27,16,13,20.0,5.0
Hedgehog,Hedgehog,default,MultiPreserve,subst_var_flip,5,Failed,92,182215,3,1,2,0.00013299984857439995,3.1412430002819747,0.0003969999961555004,3.141376000130549,34,13,13,29.0,1.0
Hedgehog,Hedgehog,default,MultiPreserve,subst_var_flip,6,Failed,18,24293,3,4,3,2.4999724701046944e-05,0.41819800017401576,0.0004600000102072954,0.4182229998987168,31,16,13,26.0,9.0
Hedgehog,Hedgehog,default,MultiPreserve,subst_var_flip,7,Failed,124,182989,1,4,7,0.00017000059597194195,3.148809999227524,0.00044700014404952526,3.1489799998234957,36,19,13,34.0,13.0
Hedgehog,Hedgehog,default,MultiPreserve,subst_var_flip,8,Failed,19,18191,1,4,4,2.3999949917197227e-05,0.308445000089705,0.0004149999003857374,0.3084690000396222,34,16,13,31.0,9.0
Hedgehog,Hedgehog,default,MultiPreserve,subst_var_flip,9,Failed,155,288352,3,1,2,0.00024199928157031536,5.050916000735015,0.00036399997770786285,5.051158000016585,32,13,13,27.0,1.0
Hedgehog,Hedgehog,default,SinglePreserve,subst_var_no_decr,0,Failed,1790,3069120,2,0,6,0.0013320017606019974,56.68988899816759,0.000934000127017498,56.69122099992819,16,16,13,4.0,5.0
Hedgehog,Hedgehog,default,SinglePreserve,subst_var_no_decr,1,Failed,5900,10155324,6,3,13,0.0044369990937411785,187.94659100100398,0.000851999968290329,187.95102800009772,25,22,13,17.0,13.0
Hedgehog,Hedgehog,default,SinglePreserve,subst_var_no_decr,2,Failed,8369,14560145,5,2,5,0.00634200032800436,269.8245189997833,0.00045199994929134846,269.8308610001113,28,16,13,22.0,4.0
Hedgehog,Hedgehog,default,SinglePreserve,subst_var_no_decr,3,timed_out,,,,,,,0,,,0,0,13,,
Hedgehog,Hedgehog,default,MultiPreserve,subst_var_no_decr,0,Failed,8767,15260852,3,4,9,0.013443995267152786,282.90921000461094,0.0005499999970197678,282.9226539998781,28,22,13,21.0,13.0
Hedgehog,Hedgehog,default,MultiPreserve,subst_var_no_decr,1,Failed,1503,2513718,4,2,7,0.002211997751146555,46.127813002094626,0.0004520001821219921,46.13002499984577,22,19,13,14.0,8.0
Hedgehog,Hedgehog,default,MultiPreserve,subst_var_no_decr,2,Failed,10347,17772364,2,1,6,0.015135001158341764,329.1622849989217,0.0004379998426884413,329.17742000008,19,16,13,8.0,5.0
Hedgehog,Hedgehog,default,MultiPreserve,subst_var_no_decr,3,Failed,8144,14146767,2,0,7,0.011573996860533953,262.2473610031884,0.0007119998335838318,262.25893500004895,19,16,13,8.0,5.0
Hedgehog,Hedgehog,default,MultiPreserve,subst_var_no_decr,4,Failed,620,1022502,10,3,7,0.000825999304652214,18.418708000564948,0.0005370001308619976,18.4195339998696,34,22,13,30.0,12.0
Hedgehog,Hedgehog,default,MultiPreserve,subst_var_no_decr,5,Failed,226,356995,4,5,10,0.0003059995360672474,6.2629500003531575,0.0007340000011026859,6.263255999889225,28,22,13,21.0,13.0
Hedgehog,Hedgehog,default,MultiPreserve,subst_var_no_decr,6,timed_out,,,,,,,0,,,0,0,13,,
Hedgehog,Hedgehog,default,SinglePreserve,subst_abs_no_shift,0,timed_out,,,,,,,0,,,0,0,22,,
Hedgehog,Hedgehog,default,MultiPreserve,subst_abs_no_shift,0,timed_out,,,,,,,0,,,0,0,22,,
Hedgehog,Hedgehog,default,SinglePreserve,subst_abs_no_incr,0,Failed,212,348014,9,3,13,0.00014799903146922588,6.0554800007957965,0.0007000002078711987,6.055627999827266,33,21,19,23.0,13.0
Hedgehog,Hedgehog,default,SinglePreserve,subst_abs_no_incr,1,Failed,563,970354,5,2,9,0.0003519994206726551,17.35192700056359,0.000475000124424696,17.352278999984264,28,21,19,18.0,13.0
Hedgehog,Hedgehog,default,SinglePreserve,subst_abs_no_incr,2,Failed,1044,1875283,9,5,12,0.0006980001926422119,34.514753999887034,0.0009079999290406704,34.51545200007968,34,21,19,24.0,13.0
Hedgehog,Hedgehog,default,SinglePreserve,subst_abs_no_incr,3,Failed,443,795184,7,5,14,0.0003179982304573059,14.244835001649335,0.0005729999393224716,14.245152999879792,39,21,19,31.0,13.0
Hedgehog,Hedgehog,default,SinglePreserve,subst_abs_no_incr,4,Failed,1635,2823687,7,3,11,0.0011219996958971024,52.17212600028142,0.0005129999481141567,52.17324799997732,34,21,19,26.0,9.0
Hedgehog,Hedgehog,default,SinglePreserve,subst_abs_no_incr,5,Failed,2287,3879332,6,3,9,0.0017890024464577436,71.6877929973416,0.0004960000514984131,71.68958199978806,34,21,19,26.0,13.0
Hedgehog,Hedgehog,default,SinglePreserve,subst_abs_no_incr,6,Failed,1118,2006009,8,5,13,0.0007889987900853157,36.7987530012615,0.0005810000002384186,36.79954200005159,34,21,19,27.0,13.0
Hedgehog,Hedgehog,default,SinglePreserve,subst_abs_no_incr,7,Failed,2320,4052604,9,4,10,0.00194900156930089,74.69246299844235,0.0005699999164789915,74.69441200001165,28,21,19,19.0,13.0
Hedgehog,Hedgehog,default,SinglePreserve,subst_abs_no_incr,8,Failed,157,234667,7,4,12,0.0001189990434795618,4.079180001048371,0.0006599999032914639,4.079299000091851,33,21,19,24.0,13.0
Hedgehog,Hedgehog,default,SinglePreserve,subst_abs_no_incr,9,Failed,1616,2811108,8,4,11,0.0011629993095993996,51.690732000628486,0.000567000126466155,51.691894999938086,31,21,19,21.0,13.0
Hedgehog,Hedgehog,default,MultiPreserve,subst_abs_no_incr,0,Failed,5748,10386569,4,2,10,0.008104002103209496,191.838505998021,0.0005249998066574335,191.8466100001242,30,21,19,21.0,13.0
Hedgehog,Hedgehog,default,MultiPreserve,subst_abs_no_incr,1,Failed,259,437459,5,3,9,0.0003330016043037176,7.615174998296424,0.0004499999340623617,7.615507999900728,37,19,19,28.0,6.0
Hedgehog,Hedgehog,default,MultiPreserve,subst_abs_no_incr,2,Failed,2463,4292375,14,5,18,0.003476003417745233,79.10173999657854,0.00063699996098876,79.10521599999629,37,21,19,30.0,13.0
Hedgehog,Hedgehog,default,MultiPreserve,subst_abs_no_incr,3,Failed,350,610577,9,5,12,0.0005070008337497711,10.836050999118013,0.0005540000274777412,10.836557999951763,37,21,19,30.0,13.0
Hedgehog,Hedgehog,default,MultiPreserve,subst_abs_no_incr,4,Failed,2081,3658439,7,2,10,0.0030070000793784857,67.64673399995081,0.0004990000743418932,67.64974100003019,34,21,19,26.0,13.0
Hedgehog,Hedgehog,default,MultiPreserve,subst_abs_no_incr,5,Failed,1418,2404712,12,5,12,0.0018980037420988085,44.21810799627565,0.0006059999577701092,44.22000600001775,37,21,19,28.0,13.0
Hedgehog,Hedgehog,default,MultiPreserve,subst_abs_no_incr,6,Failed,2457,4292763,7,3,9,0.003924999386072159,78.36578700062819,0.0005230000242590904,78.36971200001426,34,21,19,24.0,13.0
Hedgehog,Hedgehog,default,MultiPreserve,subst_abs_no_incr,7,Failed,1940,3381387,11,3,12,0.0027469999622553587,62.39540800009854,0.0005749999545514584,62.3981550000608,34,21,19,26.0,13.0
Hedgehog,Hedgehog,default,MultiPreserve,subst_abs_no_incr,8,Failed,3794,6908423,5,2,9,0.005261003039777279,128.25321499700658,0.0004779999144375324,128.25847600004636,25,19,19,15.0,6.0
Hedgehog,Hedgehog,default,MultiPreserve,subst_abs_no_incr,9,Failed,470,830543,5,1,6,0.0006119993049651384,14.788500000722706,0.0004430001135915518,14.789112000027671,22,16,19,11.0,5.0
Hedgehog,Hedgehog,default,SinglePreserve,subst_tabs_no_shift,0,timed_out,,,,,,,0,,,0,0,26,,
Hedgehog,Hedgehog,default,MultiPreserve,subst_tabs_no_shift,0,timed_out,,,,,,,0,,,0,0,26,,
Hedgehog,Hedgehog,default,SinglePreserve,subst_typ_tabs_no_incr,0,timed_out,,,,,,,0,,,0,0,16,,
Hedgehog,Hedgehog,default,MultiPreserve,subst_typ_tabs_no_incr,0,timed_out,,,,,,,0,,,0,0,16,,
Hedgehog,Hedgehog,default,SinglePreserve,subst_typ_tabs_no_shift,0,timed_out,,,,,,,0,,,0,0,21,,
Hedgehog,Hedgehog,default,MultiPreserve,subst_typ_tabs_no_shift,0,timed_out,,,,,,,0,,,0,0,21,,
Hedgehog,HedgehogCBC,default,SinglePreserve,tshift_tvar_all,0,Failed,69,0,8,6,0,0.0005699994508177042,0.012863000389188528,0.005563000217080116,0.013432999840006232,144,107,19,174.0,122.0
Hedgehog,HedgehogCBC,default,SinglePreserve,tshift_tvar_all,1,Failed,56,0,20,18,0,0.00013600033707916737,0.0018269997090101242,0.004784999880939722,0.0019630000460892916,270,166,19,349.0,203.0
Hedgehog,HedgehogCBC,default,SinglePreserve,tshift_tvar_all,2,Failed,32,0,8,6,0,0.00011499971151351927,0.0014820003416389227,0.0034920000471174717,0.001597000053152442,402,77,19,533.0,81.0
Hedgehog,HedgehogCBC,default,SinglePreserve,tshift_tvar_all,3,Failed,409,0,0,0,0,0.001953001134097576,0.02798899868503213,0,0.029941999819129705,0,199,19,,249.0
Hedgehog,HedgehogCBC,default,SinglePreserve,tshift_tvar_all,4,Failed,99,0,12,7,0,0.00040799914859235287,0.0069170009810477495,0.0035359999164938927,0.007325000129640102,336,127,19,440.0,149.0
Hedgehog,HedgehogCBC,default,SinglePreserve,tshift_tvar_all,5,Failed,82,0,8,10,0,0.0003040002193301916,0.0045819999650120735,0.0024579998571425676,0.004886000184342265,214,85,19,271.0,92.0
Hedgehog,HedgehogCBC,default,SinglePreserve,tshift_tvar_all,6,Failed,159,0,15,3,0,0.000969000393524766,0.010770999593660234,0.0012280000373721125,0.011739999987185,64,91,19,66.0,101.0
Hedgehog,HedgehogCBC,default,SinglePreserve,tshift_tvar_all,7,Failed,45,0,0,0,0,8.499971590936184e-05,0.004174000350758433,0,0.004259000066667795,0,127,19,,150.0
Hedgehog,HedgehogCBC,default,SinglePreserve,tshift_tvar_all,8,Failed,248,0,16,13,0,0.0016750008799135685,0.015370999230071902,0.0020520000252872705,0.01704600010998547,223,145,19,283.0,175.0
Hedgehog,HedgehogCBC,default,SinglePreserve,tshift_tvar_all,9,Failed,46,0,12,7,0,0.00010499916970729828,0.0015050007496029136,0.003725999966263771,0.001609999919310212,168,121,19,209.0,141.0
Hedgehog,HedgehogCBC,default,MultiPreserve,tshift_tvar_all,0,Failed,45,0,0,0,0,7.00000673532486e-05,0.003949999809265137,0,0.004019999876618385,0,104,19,,118.0
Hedgehog,HedgehogCBC,default,MultiPreserve,tshift_tvar_all,1,Failed,25,0,0,0,0,2.5999965146183968e-05,0.0035360001493245363,0,0.0035620001144707203,0,75,19,,78.0
Hedgehog,HedgehogCBC,default,MultiPreserve,tshift_tvar_all,2,Failed,81,0,0,0,0,0.00030199973843991756,0.0068540002685040236,0,0.007156000006943941,0,153,19,,185.0
Hedgehog,HedgehogCBC,default,MultiPreserve,tshift_tvar_all,3,Failed,89,0,10,3,0,0.0004870002157986164,0.00497899972833693,0.0009270000737160444,0.005465999944135547,70,55,19,73.0,52.0
Hedgehog,HedgehogCBC,default,MultiPreserve,tshift_tvar_all,4,Failed,25,0,14,3,0,1.5999889001250267e-05,0.00025400007143616676,0.0011390000581741333,0.00026999996043741703,137,115,19,165.0,134.0
Hedgehog,HedgehogCBC,default,MultiPreserve,tshift_tvar_all,5,Failed,55,0,0,0,0,0.0001650000922381878,0.005984999937936664,0,0.006150000030174851,0,192,19,,240.0
Hedgehog,HedgehogCBC,default,MultiPreserve,tshift_tvar_all,6,Failed,513,0,0,0,0,0.002429999876767397,0.03768200008198619,0,0.040111999958753586,0,205,19,,257.0
Hedgehog,HedgehogCBC,default,MultiPreserve,tshift_tvar_all,7,Failed,41,0,15,13,0,7.500010542571545e-05,0.0009289998561143875,0.0027260000351816416,0.001003999961540103,168,135,19,209.0,162.0
Hedgehog,HedgehogCBC,default,MultiPreserve,tshift_tvar_all,8,Failed,368,0,0,0,0,0.0018429995980113745,0.025811000494286418,0,0.027654000092297792,0,153,19,,186.0
Hedgehog,HedgehogCBC,default,MultiPreserve,tshift_tvar_all,9,Failed,29,0,0,0,0,7.000030018389225e-05,0.00344699970446527,0,0.0035170000046491623,0,77,19,,81.0
Hedgehog,HedgehogCBC,default,SinglePreserve,tshift_tvar_no_incr,0,Failed,60,0,0,0,0,0.0004929997958242893,0.016017000190913677,0,0.016509999986737967,0,92,16,,106.0
Hedgehog,HedgehogCBC,default,SinglePreserve,tshift_tvar_no_incr,1,Failed,82,0,11,18,0,0.00045499950647354126,0.006718000629916787,0.0037109998520463705,0.007173000136390328,168,86,16,215.0,98.0
Hedgehog,HedgehogCBC,default,SinglePreserve,tshift_tvar_no_incr,2,Failed,124,0,0,0,0,0.0006679994985461235,0.010044000344350934,0,0.010711999842897058,0,86,16,,99.0
Hedgehog,HedgehogCBC,default,SinglePreserve,tshift_tvar_no_incr,3,Failed,60,0,0,0,0,0.000805999618023634,0.005101000424474478,0,0.005907000042498112,0,59,16,,64.0
Hedgehog,HedgehogCBC,default,SinglePreserve,tshift_tvar_no_incr,4,Failed,90,0,12,7,0,0.00076299998909235,0.004176999907940626,0.0016360001172870398,0.004939999897032976,195,100,16,251.0,118.0
Hedgehog,HedgehogCBC,default,SinglePreserve,tshift_tvar_no_incr,5,Failed,38,0,9,8,0,0.00013999990187585354,0.0018029999919235704,0.0008320000488311052,0.001942999893799424,79,49,16,91.0,49.0
Hedgehog,HedgehogCBC,default,SinglePreserve,tshift_tvar_no_incr,6,Failed,85,0,10,7,0,0.000530000077560544,0.0050830000545829535,0.001988000003620982,0.0056130001321434975,104,92,16,124.0,106.0
Hedgehog,HedgehogCBC,default,SinglePreserve,tshift_tvar_no_incr,7,Failed,36,0,8,3,0,4.100007936358452e-05,0.001870999811217189,0.0011140001006424427,0.0019119998905807736,227,67,16,294.0,72.0
Hedgehog,HedgehogCBC,default,SinglePreserve,tshift_tvar_no_incr,8,Failed,37,0,0,0,0,0.00011499994434416294,0.00419300002977252,0,0.004307999974116683,0,93,16,,108.0
Hedgehog,HedgehogCBC,default,SinglePreserve,tshift_tvar_no_incr,9,Failed,169,0,7,7,0,0.0007870001718401909,0.010231999680399895,0.0021200000774115324,0.011018999852240086,120,55,16,150.0,56.0
Hedgehog,HedgehogCBC,default,MultiPreserve,tshift_tvar_no_incr,0,Failed,24,0,11,0,0,5.999975837767124e-05,0.0007710002828389406,0.0010609999299049375,0.0008310000412166119,36,60,16,32.0,67.0
Hedgehog,HedgehogCBC,default,MultiPreserve,tshift_tvar_no_incr,1,Failed,42,0,0,0,0,0.0005669996608048677,0.003462000284343958,0,0.004028999945148826,0,102,16,,120.0
Hedgehog,HedgehogCBC,default,MultiPreserve,tshift_tvar_no_incr,2,Failed,163,0,0,0,0,0.0006989999674260616,0.013257000129669905,0,0.013956000097095966,0,69,16,,74.0
Hedgehog,HedgehogCBC,default,MultiPreserve,tshift_tvar_no_incr,3,Failed,67,0,6,4,0,0.00034099887125194073,0.004764001118019223,0.0005890000611543655,0.005104999989271164,60,36,16,67.0,32.0
Hedgehog,HedgehogCBC,default,MultiPreserve,tshift_tvar_no_incr,4,Failed,30,0,0,0,0,4.600011743605137e-05,0.0029339997563511133,0,0.0029799998737871647,0,81,16,,92.0
Hedgehog,HedgehogCBC,default,MultiPreserve,tshift_tvar_no_incr,5,Failed,32,0,7,5,0,0.00011699949391186236,0.0017140004783868788,0.0007389998063445091,0.0018309999722987411,70,36,16,81.0,32.0
Hedgehog,HedgehogCBC,default,MultiPreserve,tshift_tvar_no_incr,6,Failed,73,0,7,4,0,0.00031899986788630486,0.004901000298559666,0.0005349998828023672,0.0052200001664459705,40,36,16,39.0,32.0
Hedgehog,HedgehogCBC,default,MultiPreserve,tshift_tvar_no_incr,7,Failed,36,0,0,0,0,3.500026650726795e-05,0.0030159996822476387,0,0.0030509999487549067,0,92,16,,106.0
Hedgehog,HedgehogCBC,default,MultiPreserve,tshift_tvar_no_incr,8,Failed,161,0,7,1,0,0.0009470002260059118,0.013067999854683876,0.000547999981790781,0.014015000080689788,36,36,16,32.0,32.0
Hedgehog,HedgehogCBC,default,MultiPreserve,tshift_tvar_no_incr,9,Failed,31,0,0,0,0,4.900014027953148e-05,0.003575999988242984,0,0.0036250001285225153,0,71,16,,78.0
Hedgehog,HedgehogCBC,default,SinglePreserve,tshift_all_no_incr,0,Failed,33,0,13,7,0,0.00010200007818639278,0.002783999778330326,0.0062500000931322575,0.002885999856516719,86,124,19,94.0,146.0
Hedgehog,HedgehogCBC,default,SinglePreserve,tshift_all_no_incr,1,Failed,124,0,17,7,0,0.000662999227643013,0.00961400056257844,0.006501000141724944,0.010276999790221453,339,160,19,444.0,195.0
Hedgehog,HedgehogCBC,default,SinglePreserve,tshift_all_no_incr,2,Failed,25,0,11,8,0,2.700020559132099e-05,0.0005079996772110462,0.0010649999603629112,0.0005349998828023672,79,81,19,85.0,87.0
Hedgehog,HedgehogCBC,default,SinglePreserve,tshift_all_no_incr,3,Failed,42,0,11,12,0,0.00011400016956031322,0.0021799998357892036,0.002339000115171075,0.002294000005349517,161,101,19,198.0,114.0
Hedgehog,HedgehogCBC,default,SinglePreserve,tshift_all_no_incr,4,Failed,94,0,0,0,0,0.0004199992399662733,0.009287000866606832,0,0.009707000106573105,0,133,19,,158.0
Hedgehog,HedgehogCBC,default,SinglePreserve,tshift_all_no_incr,5,Failed,114,0,13,18,0,0.0010179991368204355,0.006569000892341137,0.002828999888151884,0.0075870000291615725,284,105,19,369.0,119.0
Hedgehog,HedgehogCBC,default,SinglePreserve,tshift_all_no_incr,6,Failed,68,0,8,9,0,0.00029299966990947723,0.0042580002918839455,0.0015010000206530094,0.004550999961793423,149,50,19,181.0,45.0
Hedgehog,HedgehogCBC,default,SinglePreserve,tshift_all_no_incr,7,Failed,48,0,15,20,0,0.00010799989104270936,0.001446000300347805,0.0038609998300671577,0.0015540001913905144,262,130,19,339.0,154.0
Hedgehog,HedgehogCBC,default,SinglePreserve,tshift_all_no_incr,8,Failed,34,0,0,0,0,3.200024366378784e-05,0.00523399980738759,0,0.005266000051051378,0,107,19,,122.0
Hedgehog,HedgehogCBC,default,SinglePreserve,tshift_all_no_incr,9,Failed,189,0,12,14,0,0.001012999564409256,0.012468000408262014,0.0017019999213516712,0.01348099997267127,156,98,19,190.0,111.0
Hedgehog,HedgehogCBC,default,MultiPreserve,tshift_all_no_incr,0,Failed,60,0,0,0,0,0.00014199945144355297,0.003971000434830785,0,0.004112999886274338,0,111,19,,128.0
Hedgehog,HedgehogCBC,default,MultiPreserve,tshift_all_no_incr,1,Failed,66,0,14,20,0,0.00018499977886676788,0.0028429999947547913,0.004532000049948692,0.003027999773621559,174,147,19,217.0,178.0
Hedgehog,HedgehogCBC,default,MultiPreserve,tshift_all_no_incr,2,Failed,94,0,15,25,0,0.00032500061206519604,0.004662999417632818,0.004625000059604645,0.004988000029698014,196,159,19,247.0,194.0
Hedgehog,HedgehogCBC,default,MultiPreserve,tshift_all_no_incr,3,Failed,100,0,0,0,0,0.0003559999167919159,0.0075789999682456255,0,0.007934999885037541,0,131,19,,156.0
Hedgehog,HedgehogCBC,default,MultiPreserve,tshift_all_no_incr,4,Failed,31,0,12,14,0,8.899997919797897e-05,0.0011609999928623438,0.02969600004144013,0.0012499999720603228,126,98,19,151.0,111.0
Hedgehog,HedgehogCBC,default,MultiPreserve,tshift_all_no_incr,5,Failed,130,0,16,17,0,0.0004110001027584076,0.0063119998667389154,0.006867000134661794,0.006722999969497323,453,156,19,602.0,190.0
Hedgehog,HedgehogCBC,default,MultiPreserve,tshift_all_no_incr,6,Failed,119,0,14,27,0,0.0004080005455762148,0.006358999526128173,0.005047000013291836,0.006767000071704388,204,143,19,258.0,172.0
Hedgehog,HedgehogCBC,default,MultiPreserve,tshift_all_no_incr,7,Failed,58,0,0,0,0,0.0001940005458891392,0.004800999537110329,0,0.004995000082999468,0,81,19,,88.0
Hedgehog,HedgehogCBC,default,MultiPreserve,tshift_all_no_incr,8,Failed,81,0,1,4,0,0.0004859988112002611,0.007884001126512885,0.0004700000863522291,0.008369999937713146,55,43,19,54.0,36.0
Hedgehog,HedgehogCBC,default,MultiPreserve,tshift_all_no_incr,9,Failed,32,0,14,17,0,1.9999919459223747e-05,0.00024800002574920654,0.0039530000649392605,0.0002679999452084303,189,151,19,239.0,184.0
Hedgehog,HedgehogCBC,default,SinglePreserve,shift_var_all,0,Failed,78,0,14,25,0,0.0005739994812756777,0.012123000342398882,0.008849000092595816,0.01269699982367456,344,144,22,447.0,172.0
Hedgehog,HedgehogCBC,default,SinglePreserve,shift_var_all,1,Failed,43,0,15,22,0,9.80005133897066e-05,0.0010909994598478079,0.007073999848216772,0.0011889999732375145,320,119,22,413.0,137.0
Hedgehog,HedgehogCBC,default,SinglePreserve,shift_var_all,2,Failed,91,0,15,30,0,0.00024899980053305626,0.004278000211343169,0.00685700005851686,0.0045270000118762255,203,199,22,255.0,247.0
Hedgehog,HedgehogCBC,default,SinglePreserve,shift_var_all,3,Failed,60,0,9,20,0,0.00019600032828748223,0.0032219996210187674,0.0023719999007880688,0.0034179999493062496,318,98,22,413.0,108.0
Hedgehog,HedgehogCBC,default,SinglePreserve,shift_var_all,4,Failed,31,0,12,3,0,7.000030018389225e-05,0.000942999729886651,0.0012020000722259283,0.0010130000300705433,99,38,22,115.0,32.0
Hedgehog,HedgehogCBC,default,SinglePreserve,shift_var_all,5,Failed,72,0,9,21,0,0.0002259998582303524,0.004207000136375427,0.002814000006765127,0.00443299999460578,148,104,22,178.0,116.0
Hedgehog,HedgehogCBC,default,SinglePreserve,shift_var_all,6,Failed,49,0,20,20,0,6.600003689527512e-05,0.0007689998019486666,0.00545100006274879,0.0008349998388439417,180,192,22,223.0,238.0
Hedgehog,HedgehogCBC,default,SinglePreserve,shift_var_all,7,Failed,131,0,13,20,0,0.0004720008000731468,0.007384999189525843,0.0034290000330656767,0.00785699998959899,400,164,22,525.0,199.0
Hedgehog,HedgehogCBC,default,SinglePreserve,shift_var_all,8,Failed,80,0,14,24,0,0.0001839997712522745,0.0028810002841055393,0.004459999967366457,0.003065000055357814,440,159,22,581.0,191.0
Hedgehog,HedgehogCBC,default,SinglePreserve,shift_var_all,9,Failed,126,0,8,22,0,0.0005319998599588871,0.007313000038266182,0.003283000085502863,0.007844999898225069,442,95,22,584.0,104.0
Hedgehog,HedgehogCBC,default,MultiPreserve,shift_var_all,0,Failed,70,0,11,22,0,0.00019699940457940104,0.0030030005145817995,0.0038010000716894865,0.0031999999191612005,78,117,22,84.0,134.0
Hedgehog,HedgehogCBC,default,MultiPreserve,shift_var_all,1,Failed,36,0,12,8,0,9.200000204145908e-05,0.0016610000748187304,0.0011549999471753836,0.0017530000768601894,96,66,22,110.0,66.0
Hedgehog,HedgehogCBC,default,MultiPreserve,shift_var_all,2,Failed,152,0,11,12,0,0.0005460004322230816,0.009217999409884214,0.0016850000247359276,0.009763999842107296,116,89,22,135.0,98.0
Hedgehog,HedgehogCBC,default,MultiPreserve,shift_var_all,3,Failed,82,0,14,15,0,0.00028600008226931095,0.004398999968543649,0.005002999911084771,0.00468500005081296,256,124,22,327.0,143.0
Hedgehog,HedgehogCBC,default,MultiPreserve,shift_var_all,4,Failed,117,0,9,18,0,0.00048100040294229984,0.0067699996288865805,0.003218000056222081,0.00725100003182888,137,111,22,162.0,126.0
Hedgehog,HedgehogCBC,default,MultiPreserve,shift_var_all,5,Failed,107,0,11,18,0,0.000654999865218997,0.005538000026717782,0.0021410000044852495,0.006192999891936779,242,93,22,309.0,101.0
Hedgehog,HedgehogCBC,default,MultiPreserve,shift_var_all,6,Failed,71,0,10,25,0,0.00021899864077568057,0.0034330012276768684,0.003739000065252185,0.003651999868452549,174,117,22,213.0,134.0
Hedgehog,HedgehogCBC,default,MultiPreserve,shift_var_all,7,Failed,80,0,15,9,0,0.00028100074268877506,0.004075999138876796,0.0022060000337660313,0.004356999881565571,234,86,22,295.0,93.0
Hedgehog,HedgehogCBC,default,MultiPreserve,shift_var_all,8,Failed,57,0,10,3,0,0.00023700017482042313,0.003637999761849642,0.0008330000564455986,0.003874999936670065,123,38,22,151.0,33.0
Hedgehog,HedgehogCBC,default,MultiPreserve,shift_var_all,9,Failed,76,0,9,17,0,0.0002840005327016115,0.004243999486789107,0.004367999965324998,0.004528000019490719,216,109,22,272.0,123.0
Hedgehog,HedgehogCBC,default,SinglePreserve,shift_var_no_incr,0,Failed,2618,0,15,6,0,0.01492700562812388,0.18710699444636703,0.00178799987770617,0.2020340000744909,120,51,22,145.0,47.0
Hedgehog,HedgehogCBC,default,SinglePreserve,shift_var_no_incr,1,Failed,3316,0,17,13,0,0.017782001988962293,0.21432299818843603,0.0019679998513311148,0.23210500017739832,147,138,22,178.0,163.0
Hedgehog,HedgehogCBC,default,SinglePreserve,shift_var_no_incr,2,Failed,5121,0,17,5,0,0.02820699382573366,0.32890700618736446,0.0010689999908208847,0.3571140000130981,113,83,22,129.0,87.0
Hedgehog,HedgehogCBC,default,SinglePreserve,shift_var_no_incr,3,Failed,669,0,12,4,0,0.0036460007540881634,0.041345999110490084,0.0008320000488311052,0.04499199986457825,80,56,22,88.0,55.0
Hedgehog,HedgehogCBC,default,SinglePreserve,shift_var_no_incr,4,Failed,20191,0,18,5,0,0.10405601235106587,1.290860987501219,0.001836000010371208,1.3949169998522848,135,78,22,157.0,81.0
Hedgehog,HedgehogCBC,default,SinglePreserve,shift_var_no_incr,5,Failed,9700,0,11,6,0,0.05226500565186143,0.6626379943918437,0.0009049999061971904,0.7149030000437051,145,56,22,177.0,55.0
Hedgehog,HedgehogCBC,default,SinglePreserve,shift_var_no_incr,6,Failed,12586,0,17,4,0,0.06644400372169912,0.8060489962808788,0.0012229999992996454,0.8724930000025779,92,96,22,103.0,105.0
Hedgehog,HedgehogCBC,default,SinglePreserve,shift_var_no_incr,7,Failed,555,0,20,8,0,0.002765002427622676,0.03334399755112827,0.0016059998888522389,0.036108999978750944,152,127,22,185.0,149.0
Hedgehog,HedgehogCBC,default,SinglePreserve,shift_var_no_incr,8,Failed,10118,0,18,5,0,0.05430500232614577,0.6497019976377487,0.0011980000417679548,0.7040069999638945,93,99,22,102.0,110.0
Hedgehog,HedgehogCBC,default,SinglePreserve,shift_var_no_incr,9,Failed,3964,0,15,10,0,0.02080799755640328,0.25857600243762136,0.003351000137627125,0.27938399999402463,334,114,22,434.0,131.0
Hedgehog,HedgehogCBC,default,MultiPreserve,shift_var_no_incr,0,Failed,684,0,11,7,0,0.003329000435769558,0.04516999959014356,0.0008930000476539135,0.04849900002591312,90,56,22,101.0,55.0
Hedgehog,HedgehogCBC,default,MultiPreserve,shift_var_no_incr,1,Failed,448,0,17,13,0,0.002150999614968896,0.02958000055514276,0.0021299999207258224,0.031731000170111656,241,109,22,308.0,124.0
Hedgehog,HedgehogCBC,default,MultiPreserve,shift_var_no_incr,2,Failed,6808,0,14,6,0,0.03379200678318739,0.44031299324706197,0.0011909999884665012,0.47410500003024936,75,64,22,83.0,65.0
Hedgehog,HedgehogCBC,default,MultiPreserve,shift_var_no_incr,3,Failed,497,0,22,9,0,0.0026969981845468283,0.03170000179670751,0.0023769999388605356,0.03439699998125434,205,121,22,258.0,141.0
Hedgehog,HedgehogCBC,default,MultiPreserve,shift_var_no_incr,4,Failed,14194,0,12,7,0,0.07322700484655797,0.9321489953435955,0.00101899984292686,1.0053760001901535,76,62,22,81.0,62.0
Hedgehog,HedgehogCBC,default,MultiPreserve,shift_var_no_incr,5,Failed,17200,0,13,6,0,0.08481099712662399,1.1126260028686374,0.0011770001146942375,1.1974369999952614,73,79,22,74.0,82.0
Hedgehog,HedgehogCBC,default,MultiPreserve,shift_var_no_incr,6,Failed,1896,0,11,6,0,0.008967997739091516,0.11896300222724676,0.0009900000877678394,0.12793099996633828,80,56,22,89.0,55.0
Hedgehog,HedgehogCBC,default,MultiPreserve,shift_var_no_incr,7,Failed,1219,0,18,16,0,0.006078002043068409,0.07654599798843265,0.004029999952763319,0.08262400003150105,361,145,22,472.0,173.0
Hedgehog,HedgehogCBC,default,MultiPreserve,shift_var_no_incr,8,Failed,4626,0,16,11,0,0.02346999617293477,0.3010840038768947,0.002187000121921301,0.3245540000498295,207,131,22,259.0,155.0
Hedgehog,HedgehogCBC,default,MultiPreserve,shift_var_no_incr,9,Failed,3676,0,15,16,0,0.018153001088649035,0.23426499892957509,0.0023399998899549246,0.2524180000182241,211,103,22,264.0,115.0
Hedgehog,HedgehogCBC,default,SinglePreserve,shift_abs_no_incr,0,Failed,25,0,12,10,0,0.0001050001010298729,0.0028150000143796206,0.00571599998511374,0.0029200001154094934,166,87,22,202.0,93.0
Hedgehog,HedgehogCBC,default,SinglePreserve,shift_abs_no_incr,1,Failed,36,0,12,23,0,3.1999778002500534e-05,0.0005800002254545689,0.007518000202253461,0.0006120000034570694,263,117,22,337.0,134.0
Hedgehog,HedgehogCBC,default,SinglePreserve,shift_abs_no_incr,2,Failed,92,0,11,8,0,0.0004400003235787153,0.005933999549597502,0.0013520000502467155,0.006373999873176217,145,63,22,175.0,63.0
Hedgehog,HedgehogCBC,default,SinglePreserve,shift_abs_no_incr,3,Failed,53,0,10,20,0,0.00018900004215538504,0.0025160000659525394,0.004144999897107482,0.0027050001081079245,247,101,22,316.0,112.0
Hedgehog,HedgehogCBC,default,SinglePreserve,shift_abs_no_incr,4,Failed,57,0,18,31,0,4.400033503770828e-05,0.000664999708533287,0.006210000021383166,0.0007090000435709953,186,209,22,230.0,261.0
Hedgehog,HedgehogCBC,default,SinglePreserve,shift_abs_no_incr,5,Failed,109,0,16,32,0,0.0003599992487579584,0.0052740005776286125,0.008452000096440315,0.005633999826386571,402,205,22,530.0,255.0
Hedgehog,HedgehogCBC,default,SinglePreserve,shift_abs_no_incr,6,Failed,81,0,15,27,0,0.00019499938935041428,0.0031320007983595133,0.008220999967306852,0.0033270001877099276,277,207,22,356.0,258.0
Hedgehog,HedgehogCBC,default,SinglePreserve,shift_abs_no_incr,7,Failed,43,0,14,24,0,4.000007174909115e-05,0.0004680000711232424,0.0040969999972730875,0.0005080001428723335,254,219,22,322.0,275.0
Hedgehog,HedgehogCBC,default,SinglePreserve,shift_abs_no_incr,8,Failed,52,0,13,20,0,0.0001029998529702425,0.0016930003184825182,0.0023419999051839113,0.0017960001714527607,110,144,22,123.0,172.0
Hedgehog,HedgehogCBC,default,SinglePreserve,shift_abs_no_incr,9,Failed,29,0,12,3,0,0.0001000002957880497,0.001083999639376998,0.0014690000098198652,0.0011839999351650476,167,41,22,203.0,34.0
Hedgehog,HedgehogCBC,default,MultiPreserve,shift_abs_no_incr,0,Failed,109,0,9,8,0,0.0005100008565932512,0.007589999120682478,0.001383999828249216,0.00809999997727573,127,47,22,148.0,41.0
Hedgehog,HedgehogCBC,default,MultiPreserve,shift_abs_no_incr,1,Failed,33,0,11,18,0,4.100007936358452e-05,0.0004999998491257429,0.0028210000600665808,0.0005409999284893274,160,100,22,196.0,113.0
Hedgehog,HedgehogCBC,default,MultiPreserve,shift_abs_no_incr,2,Failed,53,0,11,15,0,0.0001650005578994751,0.002141999313607812,0.00200200011022389,0.002306999871507287,120,98,22,139.0,108.0
Hedgehog,HedgehogCBC,default,MultiPreserve,shift_abs_no_incr,3,Failed,131,0,11,23,0,0.0006180005148053169,0.007292999420315027,0.0030189999379217625,0.007910999935120344,143,117,22,171.0,134.0
Hedgehog,HedgehogCBC,default,MultiPreserve,shift_abs_no_incr,4,Failed,92,0,11,18,0,0.00031599984504282475,0.004680000012740493,0.0022120000794529915,0.0049959998577833176,172,98,22,210.0,108.0
Hedgehog,HedgehogCBC,default,MultiPreserve,shift_abs_no_incr,5,Failed,43,0,11,16,0,7.800012826919556e-05,0.0010279999114573,0.0034100001212209463,0.0011060000397264955,210,124,22,262.0,144.0
Hedgehog,HedgehogCBC,default,MultiPreserve,shift_abs_no_incr,6,Failed,52,0,9,15,0,0.00017900019884109497,0.002148999832570553,0.0033080000430345535,0.002328000031411648,170,66,22,208.0,65.0
Hedgehog,HedgehogCBC,default,MultiPreserve,shift_abs_no_incr,7,Failed,85,0,6,6,0,0.0007099984213709831,0.005929001607000828,0.0015030000358819962,0.006639000028371811,65,42,22,64.0,35.0
Hedgehog,HedgehogCBC,default,MultiPreserve,shift_abs_no_incr,8,Failed,47,0,12,18,0,8.999928832054138e-05,0.0013940006028860805,0.0022510001435875893,0.001483999891206622,292,98,22,377.0,108.0
Hedgehog,HedgehogCBC,default,MultiPreserve,shift_abs_no_incr,9,Failed,105,0,6,21,0,0.000446998979896307,0.006623001070693135,0.0024320001248270273,0.007070000050589442,289,104,22,373.0,115.0
Hedgehog,HedgehogCBC,default,SinglePreserve,shift_typ_tabs_no_incr,0,Failed,79,0,13,18,0,0.002447999082505703,0.006931001087650657,0.0036669999826699495,0.00937900017015636,214,150,27,262.0,173.0
Hedgehog,HedgehogCBC,default,SinglePreserve,shift_typ_tabs_no_incr,1,Failed,109,0,15,29,0,0.0006220010109245777,0.00767999910749495,0.00623299996368587,0.008302000118419528,341,185,27,437.0,219.0
Hedgehog,HedgehogCBC,default,SinglePreserve,shift_typ_tabs_no_incr,2,Failed,51,0,18,23,0,7.400033064186573e-05,0.000894999597221613,0.007405000040307641,0.0009689999278634788,115,189,27,126.0,227.0
Hedgehog,HedgehogCBC,default,SinglePreserve,shift_typ_tabs_no_incr,3,Failed,168,0,13,18,0,0.0006790007464587688,0.009819999337196352,0.0031210000161081553,0.01049900008365512,135,118,27,154.0,130.0
Hedgehog,HedgehogCBC,default,SinglePreserve,shift_typ_tabs_no_incr,4,Failed,197,0,16,24,0,0.00157299917191267,0.010965000838041306,0.003900000127032399,0.012538000009953976,230,195,27,284.0,233.0
Hedgehog,HedgehogCBC,default,SinglePreserve,shift_typ_tabs_no_incr,5,Failed,115,0,10,14,0,0.0004410012625157833,0.006565998774021864,0.0016840000171214342,0.007007000036537647,142,98,27,161.0,101.0
Hedgehog,HedgehogCBC,default,SinglePreserve,shift_typ_tabs_no_incr,6,Failed,41,0,13,17,0,6.999936886131763e-05,0.0007980004884302616,0.003315000096336007,0.0008679998572915792,316,124,27,403.0,137.0
Hedgehog,HedgehogCBC,default,SinglePreserve,shift_typ_tabs_no_incr,7,Failed,77,0,12,15,0,0.00025800010189414024,0.004241999937221408,0.0024770000018179417,0.004500000039115548,347,105,27,445.0,112.0
Hedgehog,HedgehogCBC,default,SinglePreserve,shift_typ_tabs_no_incr,8,Failed,60,0,13,16,0,0.00017400016076862812,0.0026809999253600836,0.0027619998436421156,0.0028550000861287117,132,124,27,149.0,137.0
Hedgehog,HedgehogCBC,default,SinglePreserve,shift_typ_tabs_no_incr,9,Failed,53,0,14,16,0,0.0001349998638033867,0.0020680001471191645,0.003392999991774559,0.002203000010922551,230,164,27,283.0,192.0
Hedgehog,HedgehogCBC,default,MultiPreserve,shift_typ_tabs_no_incr,0,Failed,198,0,15,12,0,0.0007889973931014538,0.012121002422645688,0.00304200011305511,0.012909999815747142,231,125,27,283.0,139.0
Hedgehog,HedgehogCBC,default,MultiPreserve,shift_typ_tabs_no_incr,1,Failed,64,0,11,12,0,0.0002300001215189695,0.003949999809265137,0.0019499999471008775,0.004179999930784106,160,98,27,186.0,102.0
Hedgehog,HedgehogCBC,default,MultiPreserve,shift_typ_tabs_no_incr,2,Failed,48,0,11,10,0,0.0001550000160932541,0.0020949998870491977,0.0014490000903606417,0.002249999903142452,60,66,27,52.0,60.0
Hedgehog,HedgehogCBC,default,MultiPreserve,shift_typ_tabs_no_incr,3,Failed,72,0,12,17,0,0.0001929993741214275,0.003262000624090433,0.00559900002554059,0.0034549999982118607,403,124,27,522.0,137.0
Hedgehog,HedgehogCBC,default,MultiPreserve,shift_typ_tabs_no_incr,4,Failed,140,0,14,12,0,0.0006080013699829578,0.008797998540103434,0.0020069999154657125,0.009405999910086392,201,134,27,245.0,151.0
Hedgehog,HedgehogCBC,default,MultiPreserve,shift_typ_tabs_no_incr,5,Failed,109,0,8,14,0,0.0004490006249397993,0.007034999551251531,0.0018549999222159384,0.00748400017619133,176,77,27,209.0,74.0
Hedgehog,HedgehogCBC,default,MultiPreserve,shift_typ_tabs_no_incr,6,Failed,56,0,10,20,0,0.00019199983216822147,0.002854000311344862,0.0034349998459219933,0.0030460001435130835,154,98,27,182.0,102.0
Hedgehog,HedgehogCBC,default,MultiPreserve,shift_typ_tabs_no_incr,7,Failed,207,0,22,16,0,0.0010570022277534008,0.014700997620821,0.007899000076577067,0.0157579998485744,513,183,27,675.0,219.0
Hedgehog,HedgehogCBC,default,MultiPreserve,shift_typ_tabs_no_incr,8,Failed,74,0,12,15,0,0.00027799978852272034,0.004892000230029225,0.002070999937132001,0.005170000018551946,184,124,27,221.0,137.0
Hedgehog,HedgehogCBC,default,MultiPreserve,shift_typ_tabs_no_incr,9,Failed,114,0,9,18,0,0.0005189999938011169,0.007609999971464276,0.004684000043198466,0.008128999965265393,247,80,27,307.0,77.0
Hedgehog,HedgehogCBC,default,SinglePreserve,tsubst_tvar_flip,0,Failed,24,0,7,15,0,8.999998681247234e-05,0.0022090000566095114,0.002753000007942319,0.0022990000434219837,71,47,16,78.0,46.0
Hedgehog,HedgehogCBC,default,SinglePreserve,tsubst_tvar_flip,1,Failed,23,0,7,10,0,8.00006091594696e-06,0.000278000021353364,0.0016119999345391989,0.00028600008226931095,200,65,16,258.0,69.0
Hedgehog,HedgehogCBC,default,SinglePreserve,tsubst_tvar_flip,2,Failed,21,0,4,15,0,1.00000761449337e-05,0.0002919998951256275,0.001301000127568841,0.0003019999712705612,140,45,16,173.0,42.0
Hedgehog,HedgehogCBC,default,SinglePreserve,tsubst_tvar_flip,3,Failed,21,0,7,10,0,8.00006091594696e-06,0.00020999996922910213,0.001221999991685152,0.0002180000301450491,86,65,16,98.0,69.0
Hedgehog,HedgehogCBC,default,SinglePreserve,tsubst_tvar_flip,4,Failed,26,0,7,14,0,6.9998204708099365e-06,0.00030800001695752144,0.001680999994277954,0.0003149998374283314,114,65,16,137.0,69.0
Hedgehog,HedgehogCBC,default,SinglePreserve,tsubst_tvar_flip,5,Failed,36,0,9,6,0,6.00004568696022e-06,0.000250999815762043,0.0026770001277327538,0.0002569998614490032,247,141,16,323.0,172.0
Hedgehog,HedgehogCBC,default,SinglePreserve,tsubst_tvar_flip,6,Failed,27,0,6,20,0,1.6999896615743637e-05,0.0002050001639872789,0.002357000019401312,0.00022200006060302255,86,65,16,101.0,69.0
Hedgehog,HedgehogCBC,default,SinglePreserve,tsubst_tvar_flip,7,Failed,36,0,10,6,0,6.9998204708099365e-06,0.00024199998006224632,0.003421999979764223,0.00024899980053305626,18,111,16,11.0,132.0
Hedgehog,HedgehogCBC,default,SinglePreserve,tsubst_tvar_flip,8,Failed,23,0,9,7,0,7.00005330145359e-06,0.00020399992354214191,0.0010629999451339245,0.0002109999768435955,46,67,16,46.0,72.0
Hedgehog,HedgehogCBC,default,SinglePreserve,tsubst_tvar_flip,9,Failed,28,0,5,13,0,1.00000761449337e-06,0.0008880000095814466,0.001669999910518527,0.00088900001719594,75,77,16,84.0,85.0
Hedgehog,HedgehogCBC,default,MultiPreserve,tsubst_tvar_flip,0,Failed,34,0,8,8,0,1.00000761449337e-05,0.0002810000441968441,0.003384999930858612,0.0002910001203417778,78,125,16,88.0,150.0
Hedgehog,HedgehogCBC,default,MultiPreserve,tsubst_tvar_flip,1,Failed,20,0,7,12,0,6.00004568696022e-06,0.0002289998810738325,0.0011140001006424427,0.00023499992676079273,151,65,16,190.0,69.0
Hedgehog,HedgehogCBC,default,MultiPreserve,tsubst_tvar_flip,2,Failed,17,0,4,12,0,7.00005330145359e-06,0.000278000021353364,0.001184999942779541,0.0002850000746548176,400,45,16,533.0,42.0
Hedgehog,HedgehogCBC,default,MultiPreserve,tsubst_tvar_flip,3,Failed,30,0,9,6,0,9.00006853044033e-06,0.00022100005298852918,0.00241199997253716,0.0002300001215189695,61,117,16,66.0,139.0
Hedgehog,HedgehogCBC,default,MultiPreserve,tsubst_tvar_flip,4,Failed,26,0,4,1,0,5.9998128563165665e-06,0.0010310001671314237,0.001867000013589859,0.0010369999799877403,108,97,16,128.0,112.0
Hedgehog,HedgehogCBC,default,MultiPreserve,tsubst_tvar_flip,5,Failed,24,0,5,9,0,3.00002284348011e-06,0.0010359999723732471,0.0019419998861849308,0.0010389999952167273,79,71,16,90.0,76.0
Hedgehog,HedgehogCBC,default,MultiPreserve,tsubst_tvar_flip,6,Failed,33,0,7,13,0,6.00004568696022e-06,0.00021900003775954247,0.0035459999926388264,0.00022500008344650269,160,97,16,201.0,113.0
Hedgehog,HedgehogCBC,default,MultiPreserve,tsubst_tvar_flip,7,Failed,18,0,5,11,0,6.00004568696022e-06,0.00021299999207258227,0.0008469999302178621,0.0002190000377595425,227,39,16,295.0,38.0
Hedgehog,HedgehogCBC,default,MultiPreserve,tsubst_tvar_flip,8,Failed,35,0,8,14,0,6.00004568696022e-06,0.00022500008344650269,0.005621999967843294,0.0002310001291334629,327,109,16,434.0,128.0
Hedgehog,HedgehogCBC,default,MultiPreserve,tsubst_tvar_flip,9,Failed,27,0,4,1,0,5.00003807246685e-06,0.0021239998750388622,0.0009500000160187484,0.002128999913111329,127,77,16,153.0,85.0
Hedgehog,HedgehogCBC,default,SinglePreserve,tsubst_tvar_no_shift,0,Failed,15,0,8,6,0,7.399986498057842e-05,0.0021989999804645777,0.002921000123023987,0.002272999845445156,56,47,16,56.0,45.0
Hedgehog,HedgehogCBC,default,SinglePreserve,tsubst_tvar_no_shift,1,Failed,34,0,9,15,0,1.00000761449337e-05,0.0004149999003857374,0.00573499989695847,0.0004249999765306711,278,113,16,364.0,135.0
Hedgehog,HedgehogCBC,default,SinglePreserve,tsubst_tvar_no_shift,2,Failed,39,0,9,11,0,6.400025449693203e-05,0.0009489997755736113,0.002305000089108944,0.0010130000300705433,209,103,16,268.0,121.0
Hedgehog,HedgehogCBC,default,SinglePreserve,tsubst_tvar_no_shift,3,Failed,35,0,10,18,0,4.400033503770828e-05,0.0007219996768981218,0.0027069998905062675,0.0007660000119358301,138,82,16,173.0,93.0
Hedgehog,HedgehogCBC,default,SinglePreserve,tsubst_tvar_no_shift,4,Failed,32,0,8,19,0,4.6999892219901085e-05,0.0005740001797676086,0.0022120000794529915,0.0006210000719875097,68,103,16,76.0,121.0
Hedgehog,HedgehogCBC,default,SinglePreserve,tsubst_tvar_no_shift,5,Failed,67,0,9,23,0,0.0002189998049288988,0.0031040003523230553,0.005268000066280365,0.003323000157251954,46,97,16,46.0,115.0
Hedgehog,HedgehogCBC,default,SinglePreserve,tsubst_tvar_no_shift,6,Failed,49,0,9,12,0,0.00010300055146217346,0.0019739994313567877,0.0025019999593496323,0.002076999982818961,100,97,16,122.0,113.0
Hedgehog,HedgehogCBC,default,SinglePreserve,tsubst_tvar_no_shift,7,Failed,39,0,9,26,0,3.100023604929447e-05,0.00044899969361722475,0.003986000083386898,0.0004799999296665192,171,97,16,217.0,113.0
Hedgehog,HedgehogCBC,default,SinglePreserve,tsubst_tvar_no_shift,8,Failed,52,0,10,18,0,0.0001540009398013353,0.002044999273493886,0.0017379999626427889,0.0021990002132952213,126,117,16,155.0,141.0
Hedgehog,HedgehogCBC,default,SinglePreserve,tsubst_tvar_no_shift,9,Failed,39,0,9,22,0,6.200000643730164e-05,0.000866999849677086,0.0021699999924749136,0.0009289998561143876,107,97,16,128.0,113.0
Hedgehog,HedgehogCBC,default,MultiPreserve,tsubst_tvar_no_shift,0,Failed,30,0,11,3,0,7.00005330145359e-06,0.0002190000377595425,0.002357000019401312,0.00022600009106099608,92,117,16,107.0,140.0
Hedgehog,HedgehogCBC,default,MultiPreserve,tsubst_tvar_no_shift,1,Failed,42,0,11,2,0,0.00011100014671683311,0.0021789998281747103,0.001196000026538968,0.0022899999748915434,60,69,16,65.0,75.0
Hedgehog,HedgehogCBC,default,MultiPreserve,tsubst_tvar_no_shift,2,Failed,36,0,0,0,0,5.499972030520439e-05,0.003942000446841121,0,0.003997000167146325,0,107,16,,127.0
Hedgehog,HedgehogCBC,default,MultiPreserve,tsubst_tvar_no_shift,3,Failed,19,0,7,11,0,6.00004568696022e-06,0.0001999998930841684,0.0008679998572915792,0.00020599993877112863,132,39,16,165.0,35.0
Hedgehog,HedgehogCBC,default,MultiPreserve,tsubst_tvar_no_shift,4,Failed,31,0,12,9,0,1.0999850928783417e-05,0.00032100011594593525,0.0017379999626427889,0.00033199996687471867,141,112,16,175.0,134.0
Hedgehog,HedgehogCBC,default,MultiPreserve,tsubst_tvar_no_shift,5,Failed,31,0,11,9,0,1.300009898841381e-05,0.0003559999167919159,0.0026920000091195107,0.0003690000157803297,81,107,16,93.0,126.0
Hedgehog,HedgehogCBC,default,MultiPreserve,tsubst_tvar_no_shift,6,Failed,50,0,9,24,0,0.0002300001215189695,0.002025000052526593,0.004170999862253666,0.0022550001740455627,77,97,16,86.0,115.0
Hedgehog,HedgehogCBC,default,MultiPreserve,tsubst_tvar_no_shift,7,Failed,50,0,9,1,0,0.0001239993143826723,0.002250000834465027,0.002228999976068735,0.002374000148847699,113,97,16,139.0,113.0
Hedgehog,HedgehogCBC,default,MultiPreserve,tsubst_tvar_no_shift,8,Failed,31,0,9,5,0,6.9998204708099365e-06,0.00020000012591481206,0.002489000093191862,0.000206999946385622,68,107,16,77.0,127.0
Hedgehog,HedgehogCBC,default,MultiPreserve,tsubst_tvar_no_shift,9,Failed,34,0,10,0,0,3.6999816074967384e-05,0.0006510000675916672,0.0020840000361204147,0.0006879998836666346,131,101,16,162.0,119.0
Hedgehog,HedgehogCBC,default,SinglePreserve,tsubst_tvar_over_shift,0,Failed,19,0,3,15,0,8.499994874000549e-05,0.0029150000773370266,0.003575999988242984,0.003000000026077032,75,64,16,83.0,68.0
Hedgehog,HedgehogCBC,default,SinglePreserve,tsubst_tvar_over_shift,1,Failed,27,0,4,4,0,2.00001522898674e-06,0.0013309998903423548,0.0028620001394301653,0.0013329999055713415,193,89,16,245.0,100.0
Hedgehog,HedgehogCBC,default,SinglePreserve,tsubst_tvar_over_shift,2,Failed,25,0,7,13,0,7.00005330145359e-06,0.0003500001039355993,0.0025519998744130135,0.0003570001572370529,248,65,16,324.0,69.0
Hedgehog,HedgehogCBC,default,SinglePreserve,tsubst_tvar_over_shift,3,Failed,28,0,8,9,0,8.999835699796677e-06,0.0003120000474154949,0.002498999936506152,0.0003209998831152916,156,103,16,195.0,120.0
Hedgehog,HedgehogCBC,default,SinglePreserve,tsubst_tvar_over_shift,4,Failed,38,0,10,5,0,6.9998204708099365e-06,0.00020400015637278557,0.003092000028118491,0.0002109999768435955,36,143,16,34.0,175.0
Hedgehog,HedgehogCBC,default,SinglePreserve,tsubst_tvar_over_shift,5,Failed,34,0,9,24,0,5.9998128563165665e-06,0.00025100004859268665,0.0032510000746697187,0.0002569998614490032,224,92,16,291.0,105.0
Hedgehog,HedgehogCBC,default,SinglePreserve,tsubst_tvar_over_shift,6,Failed,18,0,6,11,0,5.9998128563165665e-06,0.0002490000333636999,0.0011020000092685225,0.0002549998462200165,413,39,16,551.0,38.0
Hedgehog,HedgehogCBC,default,SinglePreserve,tsubst_tvar_over_shift,7,Failed,28,0,5,10,0,4.999805241823196e-06,0.00025500007905066013,0.0025030001997947693,0.00025999988429248333,261,89,16,341.0,100.0
Hedgehog,HedgehogCBC,default,SinglePreserve,tsubst_tvar_over_shift,8,Failed,15,0,3,11,0,6.00004568696022e-06,0.0002389999572187662,0.0014039999805390837,0.00024500000290572643,223,57,16,289.0,58.0
Hedgehog,HedgehogCBC,default,SinglePreserve,tsubst_tvar_over_shift,9,Failed,21,0,6,13,0,7.00005330145359e-06,0.00031500007025897503,0.0009369999170303344,0.0003220001235604286,97,55,16,112.0,55.0
Hedgehog,HedgehogCBC,default,MultiPreserve,tsubst_tvar_over_shift,0,Failed,29,0,6,9,0,1.100008375942707e-05,0.0002609998919069767,0.0024739999789744616,0.00027199997566640377,36,77,16,31.0,85.0
Hedgehog,HedgehogCBC,default,MultiPreserve,tsubst_tvar_over_shift,1,Failed,20,0,7,11,0,8.00006091594696e-06,0.00028000003658235073,0.0011729998514056206,0.0002880000974982977,187,55,16,238.0,55.0
Hedgehog,HedgehogCBC,default,MultiPreserve,tsubst_tvar_over_shift,2,Failed,20,0,6,11,0,9.00006853044033e-06,0.0003090000245720148,0.0011980000417679548,0.00031800009310245514,242,39,16,315.0,38.0
Hedgehog,HedgehogCBC,default,MultiPreserve,tsubst_tvar_over_shift,3,Failed,22,0,5,10,0,2.0999927073717117e-05,0.0005230000242590904,0.001344999996945262,0.0005439999513328075,73,58,16,85.0,60.0
Hedgehog,HedgehogCBC,default,MultiPreserve,tsubst_tvar_over_shift,4,Failed,20,0,3,6,0,8.00006091594696e-06,0.00077299983240664,0.0005570000503212214,0.000780999893322587,75,61,16,83.0,62.0
Hedgehog,HedgehogCBC,default,MultiPreserve,tsubst_tvar_over_shift,5,Failed,33,0,9,5,0,7.999828085303307e-06,0.0002630001399666071,0.002311000134795904,0.0002709999680519104,127,99,16,156.0,115.0
Hedgehog,HedgehogCBC,default,MultiPreserve,tsubst_tvar_over_shift,6,Failed,25,0,8,10,0,9.00006853044033e-06,0.0007199998944997787,0.003114999970421195,0.0007289999630302191,133,97,16,163.0,113.0
Hedgehog,HedgehogCBC,default,MultiPreserve,tsubst_tvar_over_shift,7,Failed,20,0,7,5,0,8.00006091594696e-06,0.00029099988751113415,0.0024530000519007444,0.0002989999484270811,219,77,16,282.0,85.0
Hedgehog,HedgehogCBC,default,MultiPreserve,tsubst_tvar_over_shift,8,Failed,19,0,4,13,0,1.2999866157770155e-05,0.00035600014962255955,0.0011430000886321068,0.0003690000157803297,256,45,16,334.0,42.0
Hedgehog,HedgehogCBC,default,MultiPreserve,tsubst_tvar_over_shift,9,Failed,33,0,8,8,0,6.00004568696022e-06,0.00021399999968707561,0.002655999967828393,0.00022000004537403584,137,99,16,169.0,115.0
Hedgehog,HedgehogCBC,default,SinglePreserve,tsubst_all_no_tshift,0,Failed,188,0,16,16,0,0.0018080004956573248,0.02585399942472577,0.004397999960929155,0.027661999920383096,162,89,21,198.0,95.0
Hedgehog,HedgehogCBC,default,SinglePreserve,tsubst_all_no_tshift,1,Failed,173,0,23,19,0,0.0007299999706447124,0.010852000210434198,0.003942999988794327,0.01158200018107891,128,102,21,151.0,114.0
Hedgehog,HedgehogCBC,default,SinglePreserve,tsubst_all_no_tshift,2,Failed,153,0,8,7,0,0.0008099987171590328,0.010017001302912831,0.0015170001424849031,0.010827000020071864,86,33,21,95.0,19.0
Hedgehog,HedgehogCBC,default,SinglePreserve,tsubst_all_no_tshift,3,Failed,170,0,13,5,0,0.0007710007485002279,0.01116399932652712,0.002920999890193343,0.011935000075027348,174,95,21,216.0,104.0
Hedgehog,HedgehogCBC,default,SinglePreserve,tsubst_all_no_tshift,4,Failed,439,0,0,0,0,0.0021570019889622927,0.029432998038828373,0,0.031590000027790666,0,69,21,,69.0
Hedgehog,HedgehogCBC,default,SinglePreserve,tsubst_all_no_tshift,5,Failed,25,0,12,11,0,1.700012944638729e-05,0.00030099996365606785,0.0012679998762905598,0.00031800009310245514,83,61,21,90.0,58.0
Hedgehog,HedgehogCBC,default,SinglePreserve,tsubst_all_no_tshift,6,Failed,65,0,0,0,0,0.00018400000408291817,0.005839999997988343,0,0.006024000002071261,0,127,21,,148.0
Hedgehog,HedgehogCBC,default,SinglePreserve,tsubst_all_no_tshift,7,Failed,48,0,12,11,0,0.0005700001493096352,0.002096999902278185,0.00191099988296628,0.00266700005158782,66,66,21,67.0,66.0
Hedgehog,HedgehogCBC,default,SinglePreserve,tsubst_all_no_tshift,8,Failed,157,0,12,15,0,0.0008520006667822599,0.01074399915523827,0.002940000034868717,0.01159599982202053,131,92,21,153.0,98.0
Hedgehog,HedgehogCBC,default,SinglePreserve,tsubst_all_no_tshift,9,Failed,212,0,11,4,0,0.001194001641124487,0.013200998306274412,0.002339000115171075,0.0143949999473989,160,89,21,197.0,97.0
Hedgehog,HedgehogCBC,default,MultiPreserve,tsubst_all_no_tshift,0,Failed,58,0,0,0,0,0.00017599971033632755,0.005851000314578414,0,0.0060270000249147415,0,106,21,,118.0
Hedgehog,HedgehogCBC,default,MultiPreserve,tsubst_all_no_tshift,1,Failed,46,0,0,0,0,0.00011499947868287563,0.004569000331684947,0,0.004683999810367823,0,87,21,,92.0
Hedgehog,HedgehogCBC,default,MultiPreserve,tsubst_all_no_tshift,2,Failed,70,0,0,0,0,0.00022700009867548945,0.005787999834865332,0,0.006014999933540821,0,80,21,,83.0
Hedgehog,HedgehogCBC,default,MultiPreserve,tsubst_all_no_tshift,3,Failed,157,0,10,11,0,0.0006500012241303921,0.009849998634308577,0.0013890000991523266,0.010499999858438969,109,33,21,125.0,19.0
Hedgehog,HedgehogCBC,default,MultiPreserve,tsubst_all_no_tshift,4,Failed,202,0,19,3,0,0.0009860002901405096,0.01146699977107346,0.0036899999249726534,0.01245300006121397,114,78,21,130.0,79.0
Hedgehog,HedgehogCBC,default,MultiPreserve,tsubst_all_no_tshift,5,Failed,133,0,14,26,0,0.000547999981790781,0.007767000002786517,0.004705999977886677,0.008314999984577298,83,94,21,89.0,103.0
Hedgehog,HedgehogCBC,default,MultiPreserve,tsubst_all_no_tshift,6,Failed,59,0,8,6,0,0.0002400004304945469,0.00344099965877831,0.0016840000171214342,0.0036810000892728567,83,38,21,89.0,26.0
Hedgehog,HedgehogCBC,default,MultiPreserve,tsubst_all_no_tshift,7,Failed,213,0,0,0,0,0.0009820000268518925,0.015291999792680144,0,0.016273999819532037,0,93,21,,100.0
Hedgehog,HedgehogCBC,default,MultiPreserve,tsubst_all_no_tshift,8,Failed,125,0,12,22,0,0.00034000049345195293,0.005906999576836824,0.002500999951735139,0.006247000070288777,40,67,21,32.0,64.0
Hedgehog,HedgehogCBC,default,MultiPreserve,tsubst_all_no_tshift,9,Failed,231,0,0,0,0,0.0008680005557835102,0.020300999516621236,0,0.021169000072404746,0,95,21,,104.0
Hedgehog,HedgehogCBC,default,SinglePreserve,subst_var_flip,0,Failed,29,0,7,20,0,0.00010199984535574912,0.002882000058889389,0.0070859999395906925,0.002983999904245138,188,75,13,244.0,87.0
Hedgehog,HedgehogCBC,default,SinglePreserve,subst_var_flip,1,Failed,22,0,3,17,0,2.49999575316906e-05,0.00043100002221763134,0.003755999961867929,0.00045599997974932194,357,57,13,478.0,63.0
Hedgehog,HedgehogCBC,default,SinglePreserve,subst_var_flip,2,Failed,21,0,2,17,0,8.00006091594696e-06,0.0002649999223649502,0.001735999947413802,0.00027299998328089714,116,57,13,145.0,63.0
Hedgehog,HedgehogCBC,default,SinglePreserve,subst_var_flip,3,Failed,15,0,6,8,0,5.00003807246685e-06,0.00019599986262619495,0.0010369999799877403,0.0002009999006986618,40,36,13,41.0,33.0
Hedgehog,HedgehogCBC,default,SinglePreserve,subst_var_flip,4,Failed,26,0,3,21,0,7.00005330145359e-06,0.0002630001399666071,0.00215999991632998,0.0002700001932680607,249,57,13,331.0,63.0
Hedgehog,HedgehogCBC,default,SinglePreserve,subst_var_flip,5,Failed,24,0,2,18,0,3.5999808460474014e-05,0.0005720001645386219,0.0029559999238699675,0.0006079999729990959,163,57,13,208.0,63.0
Hedgehog,HedgehogCBC,default,SinglePreserve,subst_var_flip,6,Failed,29,0,4,23,0,1.00000761449337e-05,0.0003730000462383032,0.00482399994507432,0.0003830001223832369,444,73,13,598.0,84.0
Hedgehog,HedgehogCBC,default,SinglePreserve,subst_var_flip,7,Failed,21,0,4,16,0,5.9998128563165665e-06,0.00023000012151896954,0.001984999980777502,0.0002359999343752861,140,45,13,177.0,46.0
Hedgehog,HedgehogCBC,default,SinglePreserve,subst_var_flip,8,Failed,21,0,5,15,0,4.999805241823196e-06,0.00019500008784234524,0.0011160001158714294,0.00019999989308416843,54,45,13,60.0,46.0
Hedgehog,HedgehogCBC,default,SinglePreserve,subst_var_flip,9,Failed,20,0,3,15,0,2.300017513334751e-05,0.0004679998382925987,0.002481000032275915,0.0004910000134259462,377,57,13,506.0,63.0
Hedgehog,HedgehogCBC,default,MultiPreserve,subst_var_flip,0,Failed,20,0,2,12,0,3.100000321865082e-05,0.0005640001036226749,0.0023429999127984047,0.0005950001068413258,395,57,13,530.0,63.0
Hedgehog,HedgehogCBC,default,MultiPreserve,subst_var_flip,1,Failed,19,0,3,15,0,5.00003807246685e-06,0.0002289998810738325,0.0017500000540167091,0.00023399991914629936,212,51,13,277.0,54.0
Hedgehog,HedgehogCBC,default,MultiPreserve,subst_var_flip,2,Failed,15,0,4,9,0,1.100008375942707e-05,0.0003079997841268778,0.0009920001029968262,0.00031899986788630486,250,48,13,329.0,51.0
Hedgehog,HedgehogCBC,default,MultiPreserve,subst_var_flip,3,Failed,26,0,5,16,0,2.599949948489666e-05,0.0005590002983808517,0.0020200000144541264,0.0005849997978657484,242,45,13,320.0,46.0
Hedgehog,HedgehogCBC,default,MultiPreserve,subst_var_flip,4,Failed,16,0,5,10,0,8.00006091594696e-06,0.0002530000638216734,0.0009469999931752682,0.00026100012473762035,121,39,13,153.0,38.0
Hedgehog,HedgehogCBC,default,MultiPreserve,subst_var_flip,5,Failed,25,0,3,18,0,1.300009898841381e-05,0.00034099980257451534,0.002440999960526824,0.00035399990156292915,283,71,13,377.0,83.0
Hedgehog,HedgehogCBC,default,MultiPreserve,subst_var_flip,6,Failed,25,0,3,17,0,2.49999575316906e-05,0.0004420001059770584,0.00203699991106987,0.000467000063508749,259,51,13,342.0,54.0
Hedgehog,HedgehogCBC,default,MultiPreserve,subst_var_flip,7,Failed,20,0,5,14,0,7.00005330145359e-06,0.0002389999572187662,0.0018629999831318855,0.0002460000105202198,195,39,13,254.0,38.0
Hedgehog,HedgehogCBC,default,MultiPreserve,subst_var_flip,8,Failed,34,0,4,29,0,8.00006091594696e-06,0.0003029999788850546,0.004000999964773655,0.00031100003980100155,293,89,13,391.0,106.0
Hedgehog,HedgehogCBC,default,MultiPreserve,subst_var_flip,9,Failed,24,0,4,17,0,1.9999919459223747e-05,0.0004360000602900982,0.0021730000153183937,0.00045599997974932194,317,51,13,423.0,54.0
Hedgehog,HedgehogCBC,default,SinglePreserve,subst_var_no_decr,0,Failed,147,0,11,6,0,0.0012270011939108372,0.021729998756200075,0.0023739999160170555,0.022956999950110912,160,54,13,205.0,59.0
Hedgehog,HedgehogCBC,default,SinglePreserve,subst_var_no_decr,1,Failed,394,0,7,5,0,0.0021610017865896225,0.02831199835054576,0.0006510000675916672,0.030473000137135383,94,33,13,115.0,30.0
Hedgehog,HedgehogCBC,default,SinglePreserve,subst_var_no_decr,2,Failed,43,0,11,4,0,0.0001650000922381878,0.002015999983996153,0.001139999832957983,0.0021810000762343407,60,41,13,68.0,41.0
Hedgehog,HedgehogCBC,default,SinglePreserve,subst_var_no_decr,3,Failed,194,0,10,10,0,0.0009300005622208118,0.012337999418377876,0.0013429999817162752,0.013267999980598688,135,79,13,170.0,92.0
Hedgehog,HedgehogCBC,default,SinglePreserve,subst_var_no_decr,4,Failed,21,0,6,5,0,3.600004129111767e-05,0.0007440000772476196,0.0006329999305307865,0.0007800001185387373,90,36,13,110.0,33.0
Hedgehog,HedgehogCBC,default,SinglePreserve,subst_var_no_decr,5,Failed,36,0,6,3,0,0.00015499955043196678,0.002437000395730138,0.0007440000772476196,0.0025919999461621046,36,36,13,33.0,33.0
Hedgehog,HedgehogCBC,default,SinglePreserve,subst_var_no_decr,6,Failed,64,0,6,9,0,0.00028399983420968056,0.00405000033788383,0.0006589998956769705,0.004334000172093511,70,36,13,82.0,33.0
Hedgehog,HedgehogCBC,default,SinglePreserve,subst_var_no_decr,7,Failed,176,0,10,14,0,0.0011149998754262924,0.011263000080361964,0.0018810001201927664,0.012377999955788256,163,99,13,208.0,119.0
Hedgehog,HedgehogCBC,default,SinglePreserve,subst_var_no_decr,8,Failed,294,0,15,8,0,0.0017210000660270452,0.019901999970898032,0.0014470000751316547,0.021623000036925077,81,63,13,96.0,72.0
Hedgehog,HedgehogCBC,default,SinglePreserve,subst_var_no_decr,9,Failed,97,0,15,13,0,0.00038499897345900536,0.005716001149266958,0.002741999924182892,0.006101000122725964,228,118,13,298.0,146.0
Hedgehog,HedgehogCBC,default,MultiPreserve,subst_var_no_decr,0,Failed,174,0,7,8,0,0.0007370016537606716,0.011286998400464654,0.0008689998649060726,0.012024000054225326,60,33,13,68.0,30.0
Hedgehog,HedgehogCBC,default,MultiPreserve,subst_var_no_decr,1,Failed,48,0,6,6,0,0.0001450004056096077,0.00230599963106215,0.0010359999723732471,0.0024510000366717577,70,36,13,82.0,33.0
Hedgehog,HedgehogCBC,default,MultiPreserve,subst_var_no_decr,2,Failed,73,0,6,7,0,0.00025900034233927727,0.004205999663099647,0.0008270000107586384,0.004465000005438924,60,36,13,68.0,33.0
Hedgehog,HedgehogCBC,default,MultiPreserve,subst_var_no_decr,3,Failed,18,0,6,5,0,5.50001859664917e-05,0.0007979997899383307,0.0007919999770820141,0.0008529999759048223,60,36,13,68.0,33.0
Hedgehog,HedgehogCBC,default,MultiPreserve,subst_var_no_decr,4,Failed,121,0,6,7,0,0.0006519998423755169,0.011365000158548355,0.0009029998909682037,0.012017000000923872,56,36,13,61.0,33.0
Hedgehog,HedgehogCBC,default,MultiPreserve,subst_var_no_decr,5,Failed,259,0,12,13,0,0.0015750012826174498,0.01635499857366085,0.0018289999570697544,0.0179299998562783,199,71,13,258.0,80.0
Hedgehog,HedgehogCBC,default,MultiPreserve,subst_var_no_decr,6,Failed,46,0,6,5,0,0.00015199952758848667,0.0024530005175620317,0.0016020000912249088,0.0026050000451505184,40,36,13,40.0,33.0
Hedgehog,HedgehogCBC,default,MultiPreserve,subst_var_no_decr,7,Failed,39,0,15,17,0,4.100031219422817e-05,0.0008649996016174554,0.003639000002294779,0.0009059999138116835,138,83,13,175.0,98.0
Hedgehog,HedgehogCBC,default,MultiPreserve,subst_var_no_decr,8,Failed,294,0,13,8,0,0.0014749998226761818,0.0194860000628978,0.001290000043809414,0.020960999885573983,67,65,13,76.0,72.0
Hedgehog,HedgehogCBC,default,MultiPreserve,subst_var_no_decr,9,Failed,195,0,6,3,0,0.0009399994742125272,0.013630000408738853,0.0006600001361221075,0.01456999988295138,56,36,13,61.0,33.0
Hedgehog,HedgehogCBC,default,SinglePreserve,subst_abs_no_shift,0,Failed,17497,0,20,10,0,0.09251101478002964,1.1514919851906598,0.001988000003620982,1.2440029999706894,170,107,22,208.0,121.0
Hedgehog,HedgehogCBC,default,SinglePreserve,subst_abs_no_shift,1,Failed,187,0,12,6,0,0.0009080006275326014,0.011414999375119807,0.0011790001299232244,0.012323000002652408,109,64,22,126.0,65.0
Hedgehog,HedgehogCBC,default,SinglePreserve,subst_abs_no_shift,2,Failed,1904,0,14,7,0,0.009957006433978677,0.12270699348300695,0.0022670000325888395,0.13266399991698563,175,103,22,215.0,116.0
Hedgehog,HedgehogCBC,default,SinglePreserve,subst_abs_no_shift,3,Failed,4073,0,18,10,0,0.022258995100855827,0.2590060050133616,0.0013419999741017818,0.2812650001142174,103,111,22,115.0,126.0
Hedgehog,HedgehogCBC,default,SinglePreserve,subst_abs_no_shift,4,Failed,470,0,19,7,0,0.002259000204503536,0.03034599986858666,0.001789000118151307,0.032605000073090196,199,103,22,248.0,115.0
Hedgehog,HedgehogCBC,default,SinglePreserve,subst_abs_no_shift,5,Failed,7937,0,17,8,0,0.04249999695457518,0.5216240030713379,0.0012979998718947172,0.5641240000259131,123,91,22,144.0,99.0
Hedgehog,HedgehogCBC,default,SinglePreserve,subst_abs_no_shift,6,Failed,12276,0,12,5,0,0.07198099582456052,0.9150080042891204,0.0008679998572915792,0.986989000113681,60,56,22,62.0,55.0
Hedgehog,HedgehogCBC,default,SinglePreserve,subst_abs_no_shift,7,Failed,17152,0,18,6,0,0.09132801764644682,1.1239569822791964,0.0014290001709014175,1.2152849999256432,125,111,22,147.0,127.0
Hedgehog,HedgehogCBC,default,SinglePreserve,subst_abs_no_shift,8,Failed,4232,0,14,11,0,0.024060998810455203,0.29076300119049847,0.0033370000310242176,0.3148240000009537,342,110,22,445.0,124.0
Hedgehog,HedgehogCBC,default,SinglePreserve,subst_abs_no_shift,9,Failed,6517,0,18,11,0,0.03367400378920138,0.4232999961823225,0.0016660001128911972,0.4569739999715239,181,111,22,223.0,127.0
Hedgehog,HedgehogCBC,default,MultiPreserve,subst_abs_no_shift,0,Failed,1863,0,16,9,0,0.009674995439127088,0.12684900453314185,0.0024210000410676003,0.13652399997226894,307,117,22,397.0,135.0
Hedgehog,HedgehogCBC,default,MultiPreserve,subst_abs_no_shift,1,Failed,3322,0,17,7,0,0.018306002486497164,0.24232199741527438,0.0016430001705884931,0.26062799990177155,134,91,22,159.0,99.0
Hedgehog,HedgehogCBC,default,MultiPreserve,subst_abs_no_shift,2,Failed,4648,0,11,8,0,0.02362600388005376,0.3063189962413162,0.0011539999395608902,0.32994500012136996,115,56,22,137.0,55.0
Hedgehog,HedgehogCBC,default,MultiPreserve,subst_abs_no_shift,3,Failed,566,0,18,5,0,0.002930997870862484,0.03615000215359032,0.001918999943882227,0.039081000024452806,67,69,22,69.0,71.0
Hedgehog,HedgehogCBC,default,MultiPreserve,subst_abs_no_shift,4,Failed,6414,0,23,9,0,0.032144993310794234,0.41818700660951436,0.0018649999983608725,0.4503319999203086,165,137,22,201.0,162.0
Hedgehog,HedgehogCBC,default,MultiPreserve,subst_abs_no_shift,5,Failed,2565,0,18,5,0,0.013880999758839607,0.20174600020982328,0.001663000090047717,0.21562699996866289,87,83,22,93.0,87.0
Hedgehog,HedgehogCBC,default,MultiPreserve,subst_abs_no_shift,6,Failed,1624,0,18,8,0,0.007854999508708715,0.10431700036861002,0.0019130001310259104,0.11217199987731874,188,117,22,233.0,135.0
Hedgehog,HedgehogCBC,default,MultiPreserve,subst_abs_no_shift,7,Failed,4725,0,22,17,0,0.022931000450626016,0.3079129995312542,0.002563000191003084,0.3308439999818802,202,125,22,251.0,146.0
Hedgehog,HedgehogCBC,default,MultiPreserve,subst_abs_no_shift,8,Failed,2272,0,16,10,0,0.011333998059853911,0.14686200208961964,0.0033050000201910734,0.15819600014947355,366,120,22,477.0,139.0
Hedgehog,HedgehogCBC,default,MultiPreserve,subst_abs_no_shift,9,Failed,925,0,14,14,0,0.0049090008251369,0.06018099933862686,0.001572999870404601,0.06509000016376376,154,84,22,186.0,88.0
Hedgehog,HedgehogCBC,default,SinglePreserve,subst_abs_no_incr,0,Failed,17,0,5,10,0,0.00012900005094707012,0.0031070001423358917,0.003536999924108386,0.003236000193282962,268,39,19,347.0,32.0
Hedgehog,HedgehogCBC,default,SinglePreserve,subst_abs_no_incr,1,Failed,29,0,6,16,0,4.000007174909115e-05,0.0007839999161660671,0.0036330001894384623,0.0008239999879151583,369,45,19,486.0,39.0
Hedgehog,HedgehogCBC,default,SinglePreserve,subst_abs_no_incr,2,Failed,25,0,2,17,0,4.500034265220165e-05,0.0005289996042847633,0.0024330001324415207,0.000573999946936965,241,57,19,310.0,56.0
Hedgehog,HedgehogCBC,default,SinglePreserve,subst_abs_no_incr,3,Failed,30,0,5,23,0,3.300001844763756e-05,0.0003730000462383032,0.0038139999378472567,0.00040600006468594074,276,96,19,357.0,107.0
Hedgehog,HedgehogCBC,default,SinglePreserve,subst_abs_no_incr,4,Failed,20,0,4,13,0,3.200024366378784e-05,0.0008429998997598886,0.0026340000331401825,0.0008750001434236765,172,51,19,215.0,46.0
Hedgehog,HedgehogCBC,default,SinglePreserve,subst_abs_no_incr,5,Failed,23,0,4,16,0,2.700020559132099e-05,0.0003449998330324888,0.002180999843403697,0.0003720000386238098,76,51,19,84.0,46.0
Hedgehog,HedgehogCBC,default,SinglePreserve,subst_abs_no_incr,6,Failed,20,0,2,17,0,1.700012944638729e-05,0.0003249999135732651,0.0027920000720769167,0.00034200004301965237,310,57,19,405.0,56.0
Hedgehog,HedgehogCBC,default,SinglePreserve,subst_abs_no_incr,7,Failed,23,0,3,16,0,2.300017513334751e-05,0.0003699997905641795,0.0021750000305473804,0.000392999965697527,113,57,19,135.0,56.0
Hedgehog,HedgehogCBC,default,SinglePreserve,subst_abs_no_incr,8,Failed,20,0,3,16,0,9.999843314290048e-06,0.00022400007583200932,0.0022249999456107616,0.00023399991914629936,111,51,19,132.0,46.0
Hedgehog,HedgehogCBC,default,SinglePreserve,subst_abs_no_incr,9,Failed,39,0,6,16,0,0.0002029996830970049,0.001965000294148922,0.0018339999951422217,0.002167999977245927,282,65,19,366.0,66.0
Hedgehog,HedgehogCBC,default,MultiPreserve,subst_abs_no_incr,0,Failed,20,0,4,12,0,5.399947986006737e-05,0.0005130006466060877,0.002022000029683113,0.000567000126466155,465,45,19,619.0,39.0
Hedgehog,HedgehogCBC,default,MultiPreserve,subst_abs_no_incr,1,Failed,20,0,3,14,0,1.6999663785099983e-05,0.000305000226944685,0.0029310001991689205,0.00032199989072978497,154,51,19,189.0,46.0
Hedgehog,HedgehogCBC,default,MultiPreserve,subst_abs_no_incr,2,Failed,34,0,6,26,0,2.00001522898674e-05,0.00030499999411404133,0.00367699982598424,0.00032500014640390873,266,99,19,344.0,110.0
Hedgehog,HedgehogCBC,default,MultiPreserve,subst_abs_no_incr,3,Failed,23,0,5,16,0,1.800013706088066e-05,0.0002759997732937336,0.0020910000894218683,0.00029399991035461426,127,45,19,151.0,39.0
Hedgehog,HedgehogCBC,default,MultiPreserve,subst_abs_no_incr,4,Failed,22,0,4,17,0,2.3999949917197227e-05,0.00039100018329918385,0.0048680000472813845,0.0004150001332163811,317,57,19,417.0,56.0
Hedgehog,HedgehogCBC,default,MultiPreserve,subst_abs_no_incr,5,Failed,44,0,9,33,0,2.500019036233425e-05,0.00029099988751113415,0.003981999820098281,0.0003160000778734684,156,79,19,193.0,85.0
Hedgehog,HedgehogCBC,default,MultiPreserve,subst_abs_no_incr,6,Failed,15,0,3,11,0,2.3999949917197227e-05,0.0002649999223649502,0.0010470000561326742,0.0002889998722821474,240,51,19,308.0,46.0
Hedgehog,HedgehogCBC,default,MultiPreserve,subst_abs_no_incr,7,Failed,19,0,4,12,0,1.6999896615743637e-05,0.0003260001540184021,0.001789000118151307,0.00034300005063414574,51,51,19,51.0,46.0
Hedgehog,HedgehogCBC,default,MultiPreserve,subst_abs_no_incr,8,Failed,20,0,5,14,0,1.300009898841381e-05,0.0002180000301450491,0.001006999984383583,0.0002310001291334629,202,39,19,255.0,32.0
Hedgehog,HedgehogCBC,default,MultiPreserve,subst_abs_no_incr,9,Failed,21,0,6,14,0,2.1999934688210487e-05,0.00025100004859268665,0.002116000046953559,0.00027299998328089714,212,75,19,269.0,80.0
Hedgehog,HedgehogCBC,default,SinglePreserve,subst_tabs_no_shift,0,Failed,580,0,13,20,0,0.002943997271358967,0.04117900272831321,0.0030070000793784857,0.044122999999672174,85,106,26,85.0,111.0
Hedgehog,HedgehogCBC,default,SinglePreserve,subst_tabs_no_shift,1,Failed,310,0,13,11,0,0.0015509980730712414,0.01889800187200308,0.001624000025913119,0.02044899994507432,103,70,26,110.0,61.0
Hedgehog,HedgehogCBC,default,SinglePreserve,subst_tabs_no_shift,2,Failed,70,0,10,13,0,0.0002840005327016115,0.004108999622985721,0.0015839999541640282,0.004393000155687332,63,76,26,55.0,70.0
Hedgehog,HedgehogCBC,default,SinglePreserve,subst_tabs_no_shift,3,Failed,233,0,13,10,0,0.0010639994870871303,0.014608000637963414,0.002747999969869852,0.015672000125050545,124,96,26,138.0,97.0
Hedgehog,HedgehogCBC,default,SinglePreserve,subst_tabs_no_shift,4,Failed,244,0,12,9,0,0.0011450008023530245,0.015916999196633697,0.0013009998947381971,0.01706199999898672,178,60,26,212.0,48.0
Hedgehog,HedgehogCBC,default,SinglePreserve,subst_tabs_no_shift,5,Failed,636,0,15,17,0,0.003593998961150646,0.04100300092250109,0.002004000125452876,0.04459699988365173,132,75,26,150.0,69.0
Hedgehog,HedgehogCBC,default,SinglePreserve,subst_tabs_no_shift,6,Failed,637,0,11,11,0,0.003532996168360114,0.040837003849446774,0.001316000008955598,0.04437000001780689,186,62,26,222.0,50.0
Hedgehog,HedgehogCBC,default,SinglePreserve,subst_tabs_no_shift,7,Failed,133,0,14,27,0,0.000674000009894371,0.006506999954581261,0.003932999912649393,0.007180999964475632,141,118,26,163.0,127.0
Hedgehog,HedgehogCBC,default,SinglePreserve,subst_tabs_no_shift,8,Failed,451,0,11,26,0,0.0025049997493624687,0.028293000301346183,0.004318000050261617,0.03079800005070865,200,130,26,243.0,144.0
Hedgehog,HedgehogCBC,default,SinglePreserve,subst_tabs_no_shift,9,Failed,626,0,14,12,0,0.003225002903491258,0.039676996879279613,0.0018250001594424248,0.04290199978277087,115,87,26,127.0,86.0
Hedgehog,HedgehogCBC,default,MultiPreserve,subst_tabs_no_shift,0,Failed,210,0,10,4,0,0.0012080012820661068,0.014005998615175486,0.000969999935477972,0.015213999897241592,92,38,26,93.0,18.0
Hedgehog,HedgehogCBC,default,MultiPreserve,subst_tabs_no_shift,1,Failed,21,0,12,7,0,2.7999980375170708e-05,0.00041099986992776394,0.0017880001105368135,0.00043899985030293465,109,63,26,116.0,52.0
Hedgehog,HedgehogCBC,default,MultiPreserve,subst_tabs_no_shift,2,Failed,207,0,13,15,0,0.0010889978148043156,0.020658002234995365,0.0018760000821202991,0.02174700004979968,139,95,26,159.0,96.0
Hedgehog,HedgehogCBC,default,MultiPreserve,subst_tabs_no_shift,3,Failed,317,0,11,10,0,0.0015720026567578316,0.020539997378364205,0.001803999999538064,0.022112000035122037,99,76,26,104.0,69.0
Hedgehog,HedgehogCBC,default,MultiPreserve,subst_tabs_no_shift,4,Failed,121,0,10,13,0,0.0005999989807605743,0.006612000986933709,0.0017709999810904264,0.007211999967694283,140,92,26,159.0,91.0
Hedgehog,HedgehogCBC,default,MultiPreserve,subst_tabs_no_shift,5,Failed,300,0,14,12,0,0.001640998758375645,0.01972000114619732,0.0018580001778900623,0.021360999904572964,104,98,26,110.0,101.0
Hedgehog,HedgehogCBC,default,MultiPreserve,subst_tabs_no_shift,6,Failed,155,0,12,12,0,0.0010279999114573002,0.00873600016348064,0.0024739999789744616,0.00976400007493794,125,62,26,142.0,51.0
Hedgehog,HedgehogCBC,default,MultiPreserve,subst_tabs_no_shift,7,Failed,53,0,9,7,0,0.0002109990455210209,0.003012001048773527,0.000806999858468771,0.003223000094294548,136,55,26,156.0,41.0
Hedgehog,HedgehogCBC,default,MultiPreserve,subst_tabs_no_shift,8,Failed,879,0,9,8,0,0.00474899890832603,0.05556500121019781,0.0008950000628829002,0.06031400011852384,174,38,26,210.0,19.0
Hedgehog,HedgehogCBC,default,MultiPreserve,subst_tabs_no_shift,9,Failed,69,0,12,11,0,0.00026299990713596344,0.004038000013679266,0.0021720000077039003,0.004300999920815229,121,86,26,134.0,83.0
Hedgehog,HedgehogCBC,default,SinglePreserve,subst_typ_tabs_no_incr,0,Failed,40,0,12,26,0,0.00012000021524727345,0.0033109998330473896,0.011737999971956016,0.003431000048294663,240,127,16,312.0,154.0
Hedgehog,HedgehogCBC,default,SinglePreserve,subst_typ_tabs_no_incr,1,Failed,27,0,8,17,0,4.1999854147434235e-05,0.0005439999513328075,0.0035490000154823065,0.0005859998054802418,205,69,16,262.0,73.0
Hedgehog,HedgehogCBC,default,SinglePreserve,subst_typ_tabs_no_incr,2,Failed,24,0,9,13,0,2.1999934688210487e-05,0.0004859999753534794,0.003183000022545457,0.0005079999100416899,254,63,16,331.0,67.0
Hedgehog,HedgehogCBC,default,SinglePreserve,subst_typ_tabs_no_incr,3,Failed,15,0,4,10,0,1.400010660290718e-05,0.00022799987345933914,0.0009000001009553671,0.00024199998006224632,177,51,16,224.0,48.0
Hedgehog,HedgehogCBC,default,SinglePreserve,subst_typ_tabs_no_incr,4,Failed,34,0,11,22,0,1.4999881386756895e-05,0.0002639999147504568,0.00572800007648766,0.0002789997961372137,275,101,16,360.0,117.0
Hedgehog,HedgehogCBC,default,SinglePreserve,subst_typ_tabs_no_incr,5,Failed,37,0,9,24,0,2.5999965146183968e-05,0.0004509999416768551,0.0025880001485347748,0.00047699990682303905,132,109,16,161.0,129.0
Hedgehog,HedgehogCBC,default,SinglePreserve,subst_typ_tabs_no_incr,6,Failed,27,0,7,14,0,3.200001083314419e-05,0.0005910000763833523,0.0021869998890906572,0.0006230000872164965,312,65,16,411.0,68.0
Hedgehog,HedgehogCBC,default,SinglePreserve,subst_typ_tabs_no_incr,7,Failed,30,0,11,18,0,1.00000761449337e-05,0.00025899987667798996,0.003495000069960952,0.00026899995282292366,243,106,16,316.0,125.0
Hedgehog,HedgehogCBC,default,SinglePreserve,subst_typ_tabs_no_incr,8,Failed,26,0,7,17,0,1.600012183189392e-05,0.00029099988751113415,0.00227600010111928,0.00030700000934302807,183,109,16,231.0,128.0
Hedgehog,HedgehogCBC,default,SinglePreserve,subst_typ_tabs_no_incr,9,Failed,29,0,9,19,0,2.400018274784088e-05,0.0003029999788850546,0.0029060000088065863,0.00032700016163289547,241,63,16,313.0,67.0
Hedgehog,HedgehogCBC,default,MultiPreserve,subst_typ_tabs_no_incr,0,Failed,20,0,6,11,0,1.4999881386756895e-05,0.00031100003980100155,0.0010500000789761543,0.00032599992118775845,38,39,16,32.0,34.0
Hedgehog,HedgehogCBC,default,MultiPreserve,subst_typ_tabs_no_incr,1,Failed,22,0,6,15,0,9.999843314290048e-06,0.00023300014436244965,0.0012570000253617764,0.0002429999876767397,94,67,16,110.0,70.0
Hedgehog,HedgehogCBC,default,MultiPreserve,subst_typ_tabs_no_incr,2,Failed,19,0,3,14,0,2.400018274784088e-05,0.00027600000612437725,0.0033519999124109745,0.00030000018887221813,291,57,16,383.0,56.0
Hedgehog,HedgehogCBC,default,MultiPreserve,subst_typ_tabs_no_incr,3,Failed,20,0,5,11,0,3.400025889277458e-05,0.0005609998479485512,0.0019020000472664833,0.0005950001068413258,230,39,16,298.0,34.0
Hedgehog,HedgehogCBC,default,MultiPreserve,subst_typ_tabs_no_incr,4,Failed,17,0,3,13,0,1.3999873772263529e-05,0.00021600001491606236,0.0009010001085698603,0.00022999988868832588,200,57,16,256.0,56.0
Hedgehog,HedgehogCBC,default,MultiPreserve,subst_typ_tabs_no_incr,5,Failed,21,0,5,15,0,1.800013706088066e-05,0.0003549999091774225,0.002320999978110194,0.0003730000462383032,122,39,16,148.0,34.0
Hedgehog,HedgehogCBC,default,MultiPreserve,subst_typ_tabs_no_incr,6,Failed,23,0,8,14,0,2.200016751885414e-05,0.0003179998602718115,0.002662000013515353,0.0003400000277906656,410,53,16,546.0,51.0
Hedgehog,HedgehogCBC,default,MultiPreserve,subst_typ_tabs_no_incr,7,Failed,18,0,5,12,0,1.2999866157770155e-05,0.0002210000529885292,0.0012159999459981918,0.00023399991914629936,205,45,16,262.0,40.0
Hedgehog,HedgehogCBC,default,MultiPreserve,subst_typ_tabs_no_incr,8,Failed,26,0,7,18,0,1.300009898841381e-05,0.00026999996043741703,0.0022539999336004257,0.00028300005942583084,167,78,16,210.0,86.0
Hedgehog,HedgehogCBC,default,MultiPreserve,subst_typ_tabs_no_incr,9,Failed,33,0,7,24,0,1.600012183189392e-05,0.00029399991035461426,0.0024240000639110804,0.0003100000321865082,104,93,16,122.0,107.0
Hedgehog,HedgehogCBC,default,SinglePreserve,subst_typ_tabs_no_shift,0,Failed,108,0,12,13,0,0.0011549994815140965,0.017483000643551353,0.003100999863818288,0.01863800012506545,58,57,21,54.0,51.0
Hedgehog,HedgehogCBC,default,SinglePreserve,subst_typ_tabs_no_shift,1,Failed,66,0,7,8,0,0.000392999965697527,0.005587999941781163,0.0009000001009553671,0.00598099990747869,38,31,21,25.0,15.0
Hedgehog,HedgehogCBC,default,SinglePreserve,subst_typ_tabs_no_shift,2,Failed,148,0,13,16,0,0.0007139996159821749,0.00922700040973723,0.0020459999796003103,0.009941000025719404,78,67,21,82.0,65.0
Hedgehog,HedgehogCBC,default,SinglePreserve,subst_typ_tabs_no_shift,3,Failed,65,0,9,11,0,0.0007050007116049528,0.003486999310553074,0.001307999948039651,0.004192000022158027,45,48,21,36.0,39.0
Hedgehog,HedgehogCBC,default,SinglePreserve,subst_typ_tabs_no_shift,4,Failed,86,0,10,21,0,0.0003289997112005949,0.004468000261113048,0.005121000111103058,0.0047969999723136425,78,69,21,83.0,69.0
Hedgehog,HedgehogCBC,default,SinglePreserve,subst_typ_tabs_no_shift,5,Failed,35,0,7,14,0,7.999991066753864e-05,0.0010960001964122057,0.0017369999550282955,0.0011760001070797443,48,43,21,41.0,34.0
Hedgehog,HedgehogCBC,default,SinglePreserve,subst_typ_tabs_no_shift,6,Failed,342,0,11,19,0,0.001637000823393464,0.02274999930523336,0.002532999962568283,0.024387000128626823,125,69,21,145.0,69.0
Hedgehog,HedgehogCBC,default,SinglePreserve,subst_typ_tabs_no_shift,7,Failed,164,0,8,15,0,0.0009389987681061028,0.009848001180216668,0.001451999880373478,0.010786999948322771,41,43,21,30.0,35.0
Hedgehog,HedgehogCBC,default,SinglePreserve,subst_typ_tabs_no_shift,8,Failed,230,0,13,16,0,0.0012620007619261742,0.014325999189168213,0.0022109998390078545,0.015587999951094387,229,107,21,291.0,120.0
Hedgehog,HedgehogCBC,default,SinglePreserve,subst_typ_tabs_no_shift,9,Failed,714,0,13,18,0,0.004085000138729811,0.04784499970264733,0.0022780001163482666,0.05192999984137714,104,82,21,117.0,86.0
Hedgehog,HedgehogCBC,default,MultiPreserve,subst_typ_tabs_no_shift,0,Failed,203,0,15,23,0,0.0011190001387149096,0.014214999973773956,0.003197999903932214,0.015334000112488866,75,89,21,79.0,95.0
Hedgehog,HedgehogCBC,default,MultiPreserve,subst_typ_tabs_no_shift,1,Failed,185,0,14,23,0,0.0007000009063631296,0.010672999080270529,0.0020970001351088285,0.011372999986633658,55,87,21,51.0,93.0
Hedgehog,HedgehogCBC,default,MultiPreserve,subst_typ_tabs_no_shift,2,Failed,45,0,9,6,0,0.0001529997680336237,0.0022680002730339766,0.0017099999822676182,0.0024210000410676003,110,23,21,125.0,4.0
Hedgehog,HedgehogCBC,default,MultiPreserve,subst_typ_tabs_no_shift,3,Failed,95,0,8,11,0,0.00077299983240664,0.005704000126570463,0.0019069998525083065,0.006476999958977103,104,43,21,119.0,35.0
Hedgehog,HedgehogCBC,default,MultiPreserve,subst_typ_tabs_no_shift,4,Failed,241,0,23,18,0,0.0011729998514056206,0.016852000262588263,0.005879000062122941,0.018025000113993883,97,113,21,107.0,129.0
Hedgehog,HedgehogCBC,default,MultiPreserve,subst_typ_tabs_no_shift,5,Failed,35,0,10,8,0,7.500057108700275e-05,0.0012939993757754564,0.0016289998311549423,0.0013689999468624592,69,41,21,68.0,29.0
Hedgehog,HedgehogCBC,default,MultiPreserve,subst_typ_tabs_no_shift,6,Failed,48,0,9,20,0,0.00013499963097274303,0.0022340004798024893,0.0023930000606924295,0.0023690001107752323,118,57,21,137.0,53.0
Hedgehog,HedgehogCBC,default,MultiPreserve,subst_typ_tabs_no_shift,7,Failed,99,0,9,9,0,0.0004320009611546993,0.006506999023258686,0.0020169999916106462,0.006938999984413385,89,31,21,95.0,15.0
Hedgehog,HedgehogCBC,default,MultiPreserve,subst_typ_tabs_no_shift,8,Failed,206,0,13,6,0,0.0009569996036589146,0.012966000242158769,0.001189000206068158,0.013922999845817683,50,56,21,43.0,50.0
Hedgehog,HedgehogCBC,default,MultiPreserve,subst_typ_tabs_no_shift,9,Failed,477,0,11,11,0,0.0022180017549544573,0.03153899824246764,0.001425999915227294,0.0337569999974221,98,65,21,109.0,62.0
Falsify,Falsify,default,SinglePreserve,tshift_tvar_all,0,timed_out,,,,,,,0,,,0,0,19,,
Falsify,Falsify,default,MultiPreserve,tshift_tvar_all,0,timed_out,,,,,,,0,,,0,0,19,,
Falsify,Falsify,default,SinglePreserve,tshift_tvar_no_incr,0,timed_out,,,,,,,0,,,0,0,16,,
Falsify,Falsify,default,MultiPreserve,tshift_tvar_no_incr,0,timed_out,,,,,,,0,,,0,0,16,,
Falsify,Falsify,default,SinglePreserve,tshift_all_no_incr,0,timed_out,,,,,,,0,,,0,0,19,,
Falsify,Falsify,default,MultiPreserve,tshift_all_no_incr,0,timed_out,,,,,,,0,,,0,0,19,,
Falsify,Falsify,default,SinglePreserve,shift_var_all,0,timed_out,,,,,,,0,,,0,0,22,,
Falsify,Falsify,default,MultiPreserve,shift_var_all,0,timed_out,,,,,,,0,,,0,0,22,,
Falsify,Falsify,default,SinglePreserve,shift_var_no_incr,0,timed_out,,,,,,,0,,,0,0,22,,
Falsify,Falsify,default,MultiPreserve,shift_var_no_incr,0,timed_out,,,,,,,0,,,0,0,22,,
Falsify,Falsify,default,SinglePreserve,shift_abs_no_incr,0,timed_out,,,,,,,0,,,0,0,22,,
Falsify,Falsify,default,MultiPreserve,shift_abs_no_incr,0,timed_out,,,,,,,0,,,0,0,22,,
Falsify,Falsify,default,SinglePreserve,shift_typ_tabs_no_incr,0,timed_out,,,,,,,0,,,0,0,27,,
Falsify,Falsify,default,MultiPreserve,shift_typ_tabs_no_incr,0,timed_out,,,,,,,0,,,0,0,27,,
Falsify,Falsify,default,SinglePreserve,tsubst_tvar_flip,0,timed_out,,,,,,,0,,,0,0,16,,
Falsify,Falsify,default,MultiPreserve,tsubst_tvar_flip,0,Failed,10157,81911562,98,15,341,0.017734004417434335,287.10141499573365,0.003009999869391322,287.1191490001511,19,16,16,10.0,6.0
Falsify,Falsify,default,MultiPreserve,tsubst_tvar_flip,1,timed_out,,,,,,,0,,,0,0,16,,
Falsify,Falsify,default,SinglePreserve,tsubst_tvar_no_shift,0,timed_out,,,,,,,0,,,0,0,16,,
Falsify,Falsify,default,MultiPreserve,tsubst_tvar_no_shift,0,timed_out,,,,,,,0,,,0,0,16,,
Falsify,Falsify,default,SinglePreserve,tsubst_tvar_over_shift,0,timed_out,,,,,,,0,,,0,0,16,,
Falsify,Falsify,default,MultiPreserve,tsubst_tvar_over_shift,0,Failed,1937,13907421,209,23,580,0.0028619980439543724,48.06704000197351,0.003740999847650528,48.069902000017464,22,19,16,8.0,4.0
Falsify,Falsify,default,MultiPreserve,tsubst_tvar_over_shift,1,timed_out,,,,,,,0,,,0,0,16,,
Falsify,Falsify,default,SinglePreserve,tsubst_all_no_tshift,0,timed_out,,,,,,,0,,,0,0,21,,
Falsify,Falsify,default,MultiPreserve,tsubst_all_no_tshift,0,timed_out,,,,,,,0,,,0,0,21,,
Falsify,Falsify,default,SinglePreserve,subst_var_flip,0,Failed,3858,30654909,53,15,244,0.003923001000657678,106.9096159990877,0.0014750000555068254,106.91353900008836,34,16,13,29.0,5.0
Falsify,Falsify,default,SinglePreserve,subst_var_flip,1,Failed,409,1561962,188,19,425,0.00027100020088255405,5.487742999801412,0.0022960000205785036,5.488014000002295,19,16,13,8.0,4.0
Falsify,Falsify,default,SinglePreserve,subst_var_flip,2,Failed,7962,62213217,136,20,525,0.00776400207541883,217.136683997931,0.0033199999015778303,217.1444480000064,19,16,13,8.0,4.0
Falsify,Falsify,default,SinglePreserve,subst_var_flip,3,Failed,5447,43667801,174,21,435,0.005780003499239683,153.32544799661264,0.002696000039577484,153.33122800011188,25,16,13,16.0,4.0
Falsify,Falsify,default,SinglePreserve,subst_var_flip,4,timed_out,,,,,,,0,,,0,0,13,,
Falsify,Falsify,default,MultiPreserve,subst_var_flip,0,timed_out,,,,,,,0,,,0,0,13,,
Falsify,Falsify,default,SinglePreserve,subst_var_no_decr,0,timed_out,,,,,,,0,,,0,0,13,,
Falsify,Falsify,default,MultiPreserve,subst_var_no_decr,0,Failed,9867,77770220,180,22,401,0.016913010040298104,271.8605049899779,0.0028490000404417515,271.8774180000182,16,16,13,5.0,5.0
Falsify,Falsify,default,MultiPreserve,subst_var_no_decr,1,timed_out,,,,,,,0,,,0,0,13,,
Falsify,Falsify,default,SinglePreserve,subst_abs_no_shift,0,timed_out,,,,,,,0,,,0,0,22,,
Falsify,Falsify,default,MultiPreserve,subst_abs_no_shift,0,timed_out,,,,,,,0,,,0,0,22,,
Falsify,Falsify,default,SinglePreserve,subst_abs_no_incr,0,timed_out,,,,,,,0,,,0,0,19,,
Falsify,Falsify,default,MultiPreserve,subst_abs_no_incr,0,timed_out,,,,,,,0,,,0,0,19,,
Falsify,Falsify,default,SinglePreserve,subst_tabs_no_shift,0,timed_out,,,,,,,0,,,0,0,26,,
Falsify,Falsify,default,MultiPreserve,subst_tabs_no_shift,0,timed_out,,,,,,,0,,,0,0,26,,
Falsify,Falsify,default,SinglePreserve,subst_typ_tabs_no_incr,0,timed_out,,,,,,,0,,,0,0,16,,
Falsify,Falsify,default,MultiPreserve,subst_typ_tabs_no_incr,0,timed_out,,,,,,,0,,,0,0,16,,
Falsify,Falsify,default,SinglePreserve,subst_typ_tabs_no_shift,0,timed_out,,,,,,,0,,,0,0,21,,
Falsify,Falsify,default,MultiPreserve,subst_typ_tabs_no_shift,0,timed_out,,,,,,,0,,,0,0,21,,
Falsify,FalsifyCBC,default,SinglePreserve,tshift_tvar_all,0,Failed,2194,17,1431,30,9,0.0028020041063427925,0.043604995822533965,0.029728000052273273,0.04640699992887676,90,80,19,99.0,86.0
Falsify,FalsifyCBC,default,SinglePreserve,tshift_tvar_all,1,Failed,837,3,649,21,0,0.0004509999416768551,0.00686000008136034,0.011738999979570508,0.007311000023037195,103,69,19,118.0,69.0
Falsify,FalsifyCBC,default,SinglePreserve,tshift_tvar_all,2,Failed,1714,0,1615,32,0,0.00018200022168457508,0.0028619999065995216,0.08184899995103478,0.0030440001282840967,269,89,19,346.0,98.0
Falsify,FalsifyCBC,default,SinglePreserve,tshift_tvar_all,3,Failed,2630,2,2148,43,0,0.00105199683457613,0.015507003059610724,0.09075700002722442,0.016558999894186854,317,137,19,414.0,164.0
Falsify,FalsifyCBC,default,SinglePreserve,tshift_tvar_all,4,Failed,1304,146,1257,36,146,3.6999816074967384e-05,0.0004900002386420965,0.042190999956801534,0.0005270000547170639,379,147,19,500.0,177.0
Falsify,FalsifyCBC,default,SinglePreserve,tshift_tvar_all,5,Failed,1482,0,1395,33,0,0.00013300077989697456,0.0022419991437345743,0.049390000058338046,0.002374999923631549,220,115,19,279.0,134.0
Falsify,FalsifyCBC,default,SinglePreserve,tshift_tvar_all,6,Failed,808,5,522,18,0,0.0006790002807974815,0.010780999669805169,0.007724000141024589,0.01145999995060265,41,53,19,33.0,48.0
Falsify,FalsifyCBC,default,SinglePreserve,tshift_tvar_all,7,Failed,1520,5,1318,33,5,0.0004840006586164236,0.007106999401003122,0.02658900013193488,0.007591000059619546,191,105,19,240.0,120.0
Falsify,FalsifyCBC,default,SinglePreserve,tshift_tvar_all,8,Failed,4650,5,4131,55,0,0.0013529981952160597,0.01920700166374445,0.22895599994808435,0.02055999985896051,332,183,19,435.0,227.0
Falsify,FalsifyCBC,default,SinglePreserve,tshift_tvar_all,9,Failed,526,1,490,18,0,4.600011743605137e-05,0.0007869999390095472,0.013500999892130494,0.0008330000564455986,199,63,19,251.0,62.0
Falsify,FalsifyCBC,default,MultiPreserve,tshift_tvar_all,0,Failed,2112,7,1318,31,0,0.0018540017772465944,0.027909998316317797,0.03320599999278784,0.02976400009356439,208,95,19,264.0,106.0
Falsify,FalsifyCBC,default,MultiPreserve,tshift_tvar_all,1,Failed,1244,2,864,21,0,0.0011719991452991962,0.014006000943481922,0.021941999904811382,0.015178000088781118,185,101,19,231.0,116.0
Falsify,FalsifyCBC,default,MultiPreserve,tshift_tvar_all,2,Failed,1679,10,763,24,0,0.0019490018021315336,0.03359699831344187,0.01285699987784028,0.035546000115573406,188,60,19,236.0,57.0
Falsify,FalsifyCBC,default,MultiPreserve,tshift_tvar_all,3,Failed,2166,1,2124,32,0,1.7999671399593353e-05,0.0004060002975165844,0.11851000017486513,0.00042399996891617775,297,111,19,385.0,128.0
Falsify,FalsifyCBC,default,MultiPreserve,tshift_tvar_all,4,Failed,1642,4,999,30,0,0.001467000227421522,0.02276599989272654,0.017182999989017844,0.024233000120148063,93,76,19,106.0,81.0
Falsify,FalsifyCBC,default,MultiPreserve,tshift_tvar_all,5,Failed,1077,3,953,25,0,0.0003590008709579706,0.003774999175220728,0.021517999935895205,0.0041340000461786985,199,95,19,251.0,106.0
Falsify,FalsifyCBC,default,MultiPreserve,tshift_tvar_all,6,Failed,1667,2,1257,28,0,0.002039999468252063,0.014682000502943993,0.03523900010623038,0.016721999971196055,96,104,19,108.0,118.0
Falsify,FalsifyCBC,default,MultiPreserve,tshift_tvar_all,7,Failed,777,11,631,18,10,0.0002739985939115286,0.005036001559346914,0.011845999862998724,0.005310000153258443,47,53,19,42.0,48.0
Falsify,FalsifyCBC,default,MultiPreserve,tshift_tvar_all,8,Failed,807,2,688,24,0,0.0002029996830970049,0.003672000486403704,0.01190599985420704,0.003875000169500709,145,60,19,175.0,57.0
Falsify,FalsifyCBC,default,MultiPreserve,tshift_tvar_all,9,Failed,2166,13,936,29,0,0.0028929978143423796,0.04374700225889683,0.02227699989452958,0.04664000007323921,75,53,19,80.0,48.0
Falsify,FalsifyCBC,default,SinglePreserve,tshift_tvar_no_incr,0,Failed,3255,0,3179,50,0,0.0009750004392117262,0.0027229995466768737,0.103762999875471,0.0036979999858886,125,95,16,156.0,111.0
Falsify,FalsifyCBC,default,SinglePreserve,tshift_tvar_no_incr,1,Failed,2398,0,2351,36,0,4.000007174909115e-05,0.0005189999938011169,0.04708699998445809,0.0005590000655502081,157,70,16,199.0,76.0
Falsify,FalsifyCBC,default,SinglePreserve,tshift_tvar_no_incr,2,Failed,527,0,472,19,0,9.800028055906296e-05,0.0013749997597187757,0.005003000143915415,0.0014730000402778387,104,33,16,127.0,27.0
Falsify,FalsifyCBC,default,SinglePreserve,tshift_tvar_no_incr,3,Failed,1439,0,1357,28,0,0.00014199991710484028,0.0023150001652538776,0.016349999932572246,0.002457000082358718,92,43,16,109.0,43.0
Falsify,FalsifyCBC,default,SinglePreserve,tshift_tvar_no_incr,4,Failed,411,0,381,16,0,3.900029696524143e-05,0.0005229995585978031,0.005609000101685524,0.0005619998555630445,60,36,16,65.0,32.0
Falsify,FalsifyCBC,default,SinglePreserve,tshift_tvar_no_incr,5,Failed,497,2,348,16,0,0.0003249996807426214,0.005448000272735953,0.0038030000869184737,0.005772999953478575,50,36,16,53.0,32.0
Falsify,FalsifyCBC,default,SinglePreserve,tshift_tvar_no_incr,6,Failed,635,1,311,14,0,0.0008150003850460052,0.012731999624520539,0.003298999974504113,0.013547000009566544,40,36,16,39.0,32.0
Falsify,FalsifyCBC,default,SinglePreserve,tshift_tvar_no_incr,7,Failed,2394,441,1858,45,437,0.001075998181477189,0.01720300177112222,0.06518499995581806,0.01827899995259941,151,75,16,188.0,83.0
Falsify,FalsifyCBC,default,SinglePreserve,tshift_tvar_no_incr,8,Failed,3488,165,3225,50,162,0.0004849997349083424,0.00825000018812716,0.09257100010290742,0.008734999923035502,174,99,16,222.0,115.0
Falsify,FalsifyCBC,default,SinglePreserve,tshift_tvar_no_incr,9,Failed,1073,1,745,17,0,0.0008929993491619825,0.010652000783011317,0.011854999931529164,0.0115450001321733,55,45,16,59.0,47.0
Falsify,FalsifyCBC,default,MultiPreserve,tshift_tvar_no_incr,0,Failed,1755,0,1629,36,0,0.0008280004840344191,0.0034429996740072966,0.023272999795153737,0.004271000158041716,40,59,16,39.0,63.0
Falsify,FalsifyCBC,default,MultiPreserve,tshift_tvar_no_incr,1,Failed,2614,8,1906,35,0,0.001447000540792942,0.024302999489009377,0.04213800001889467,0.02575000002980232,194,79,16,249.0,88.0
Falsify,FalsifyCBC,default,MultiPreserve,tshift_tvar_no_incr,2,Failed,915,80,827,24,79,0.00014500017277896404,0.0026169996708631516,0.014196000061929226,0.0027619998436421156,65,45,16,73.0,47.0
Falsify,FalsifyCBC,default,MultiPreserve,tshift_tvar_no_incr,3,Failed,982,5,451,16,0,0.0010609985329210758,0.01801800145767629,0.005398999899625778,0.019078999990597367,70,56,16,79.0,58.0
Falsify,FalsifyCBC,default,MultiPreserve,tshift_tvar_no_incr,4,Failed,509,0,470,17,0,6.600026972591877e-05,0.000761999748647213,0.0055859999265521765,0.0008280000183731318,36,36,16,33.0,32.0
Falsify,FalsifyCBC,default,MultiPreserve,tshift_tvar_no_incr,5,Failed,517,18,436,17,18,0.00015099928714334965,0.002428000792860985,0.0050940001383423805,0.0025790000800043344,36,36,16,32.0,32.0
Falsify,FalsifyCBC,default,MultiPreserve,tshift_tvar_no_incr,6,Failed,580,0,542,17,0,5.200016312301159e-05,0.0007859999313950539,0.005680999951437116,0.0008380000945180655,56,56,16,58.0,58.0
Falsify,FalsifyCBC,default,MultiPreserve,tshift_tvar_no_incr,7,Failed,678,14,337,13,11,0.0007240001577883959,0.012753000017255545,0.004774000030010939,0.01347700017504394,90,36,16,107.0,32.0
Falsify,FalsifyCBC,default,MultiPreserve,tshift_tvar_no_incr,8,Failed,718,1,636,24,0,0.00012399978004395962,0.00228500016964972,0.007136000087484717,0.00240899994969368,40,49,16,39.0,49.0
Falsify,FalsifyCBC,default,MultiPreserve,tshift_tvar_no_incr,9,Failed,2442,0,2393,42,0,2.4999724701046944e-05,0.000297000166028738,0.03813700005412102,0.00032199989072978497,50,71,16,52.0,78.0
Falsify,FalsifyCBC,default,SinglePreserve,tshift_all_no_incr,0,Failed,334,1,193,12,0,0.000630000839009881,0.012106999289244413,0.007029999978840351,0.012737000128254294,210,43,19,267.0,36.0
Falsify,FalsifyCBC,default,SinglePreserve,tshift_all_no_incr,1,Failed,318,0,288,15,0,4.300032742321491e-05,0.000572999706491828,0.010725999949499965,0.0006160000339150429,232,43,19,298.0,36.0
Falsify,FalsifyCBC,default,SinglePreserve,tshift_all_no_incr,2,Failed,423,0,391,16,0,6.79998192936182e-05,0.001060000155121088,0.007017999887466431,0.0011279999744147062,90,53,19,100.0,48.0
Falsify,FalsifyCBC,default,SinglePreserve,tshift_all_no_incr,3,Failed,1038,0,906,25,0,0.00028099888004362583,0.004409001208841801,0.01966400002129376,0.0046900000888854265,164,98,19,201.0,110.0
Falsify,FalsifyCBC,default,SinglePreserve,tshift_all_no_incr,4,Failed,746,19,720,21,18,1.800013706088066e-05,0.0002409997396171093,0.01581300003454089,0.00025899987667798996,266,37,19,343.0,28.0
Falsify,FalsifyCBC,default,SinglePreserve,tshift_all_no_incr,5,Failed,361,0,148,10,0,0.0004450015258044005,0.0071849983651191,0.0027910000644624233,0.0076299998909235,205,43,19,259.0,36.0
Falsify,FalsifyCBC,default,SinglePreserve,tshift_all_no_incr,6,Failed,1852,0,1744,37,0,0.00016800034791231155,0.002759999595582485,0.05123699991963804,0.0029279999434947968,99,105,19,112.0,119.0
Falsify,FalsifyCBC,default,SinglePreserve,tshift_all_no_incr,7,Failed,1128,2,867,28,0,0.0008230004459619522,0.008811999578028917,0.02342099999077618,0.00963500002399087,152,78,19,186.0,83.0
Falsify,FalsifyCBC,default,SinglePreserve,tshift_all_no_incr,8,Failed,347,0,267,16,0,0.00014400039799511433,0.0024249996058642864,0.005288999993354082,0.0025690000038594007,73,43,19,78.0,36.0
Falsify,FalsifyCBC,default,SinglePreserve,tshift_all_no_incr,9,Failed,4863,0,4763,61,0,0.00013600033707916737,0.001773999538272619,0.27745900000445545,0.0019099998753517864,264,172,19,341.0,214.0
Falsify,FalsifyCBC,default,MultiPreserve,tshift_all_no_incr,0,Failed,394,0,326,18,0,0.00011899974197149275,0.002203000243753195,0.006434999871999025,0.0023219999857246876,176,43,19,219.0,36.0
Falsify,FalsifyCBC,default,MultiPreserve,tshift_all_no_incr,1,Failed,945,90,857,32,90,0.00013900035992264748,0.002321999752894044,0.0196579999756068,0.0024610001128166914,153,69,19,186.0,71.0
Falsify,FalsifyCBC,default,MultiPreserve,tshift_all_no_incr,2,Failed,862,1,741,26,0,0.0002220009919255972,0.0038939989171922207,0.016673000063747168,0.004115999909117818,185,40,19,232.0,32.0
Falsify,FalsifyCBC,default,MultiPreserve,tshift_all_no_incr,3,Failed,353,0,263,13,0,0.0004590000025928021,0.0029619999695569277,0.003905999939888716,0.0034209999721497297,78,43,19,83.0,36.0
Falsify,FalsifyCBC,default,MultiPreserve,tshift_all_no_incr,4,Failed,655,2,516,20,0,0.0002920003607869148,0.004937999648973346,0.010726999957114458,0.005230000009760261,62,78,19,64.0,83.0
Falsify,FalsifyCBC,default,MultiPreserve,tshift_all_no_incr,5,Failed,597,1,516,20,0,0.00013600056990981102,0.002522999420762062,0.009954999899491668,0.002658999990671873,349,75,19,459.0,79.0
Falsify,FalsifyCBC,default,MultiPreserve,tshift_all_no_incr,6,Failed,611,0,582,22,0,1.7999904230237007e-05,0.0002530000638216734,0.01390599994920194,0.0002709999680519104,94,63,19,106.0,64.0
Falsify,FalsifyCBC,default,MultiPreserve,tshift_all_no_incr,7,Failed,649,0,584,21,0,8.499994874000549e-05,0.0015569999814033508,0.014698999933898447,0.0016419999301433563,123,75,19,146.0,79.0
Falsify,FalsifyCBC,default,MultiPreserve,tshift_all_no_incr,8,Failed,340,0,315,18,0,2.00001522898674e-05,0.0002539998386055231,0.006556999869644642,0.0002739999908953905,145,43,19,176.0,36.0
Falsify,FalsifyCBC,default,MultiPreserve,tshift_all_no_incr,9,Failed,749,0,713,27,0,2.3999949917197227e-05,0.0003700000233948231,0.017659999895840883,0.0003939999733120203,162,75,19,199.0,79.0
Falsify,FalsifyCBC,default,SinglePreserve,shift_var_all,0,Failed,1829,0,1724,34,0,0.0004269992932677269,0.008730000583454965,0.07963600009679794,0.009156999876722692,280,185,22,361.0,227.0
Falsify,FalsifyCBC,default,SinglePreserve,shift_var_all,1,Failed,910,0,872,24,0,4.800036549568176e-05,0.0006499998271465302,0.02525399997830391,0.0006980001926422119,276,95,22,354.0,104.0
Falsify,FalsifyCBC,default,SinglePreserve,shift_var_all,2,Failed,1966,0,1845,39,0,0.00019400008022785187,0.0031139999628067017,0.05032099992968142,0.0033080000430345535,170,159,22,208.0,191.0
Falsify,FalsifyCBC,default,SinglePreserve,shift_var_all,3,Failed,2319,0,2208,40,0,0.00016499985940754414,0.00254100002348423,0.05399200017563999,0.002705999882891774,208,96,22,267.0,107.0
Falsify,FalsifyCBC,default,SinglePreserve,shift_var_all,4,Failed,1568,0,1460,36,0,0.0005000007804483175,0.00232999911531806,0.0480810001026839,0.0028299998957663774,341,78,22,445.0,81.0
Falsify,FalsifyCBC,default,SinglePreserve,shift_var_all,5,Failed,1847,0,1808,33,0,2.3999949917197227e-05,0.000341000035405159,0.05694400006905198,0.0003649999853223562,244,144,22,311.0,172.0
Falsify,FalsifyCBC,default,SinglePreserve,shift_var_all,6,Failed,1593,0,1532,33,0,7.500010542571545e-05,0.0010649997275322676,0.0307820001617074,0.001139999832957983,158,92,22,191.0,100.0
Falsify,FalsifyCBC,default,SinglePreserve,shift_var_all,7,Failed,2871,0,2801,45,0,7.099984213709831e-05,0.0013660001568496227,0.0878029998857528,0.001436999998986721,145,96,22,172.0,107.0
Falsify,FalsifyCBC,default,SinglePreserve,shift_var_all,8,Failed,658,0,601,19,0,9.700004011392592e-05,0.0015290000010281801,0.010583000024780633,0.001626000041142106,128,53,22,153.0,49.0
Falsify,FalsifyCBC,default,SinglePreserve,shift_var_all,9,Failed,1985,0,1820,37,0,0.00028799939900636673,0.004358000587671995,0.07541200006380677,0.004645999986678362,424,133,22,560.0,156.0
Falsify,FalsifyCBC,default,MultiPreserve,shift_var_all,0,Failed,759,0,726,22,0,3.100023604929447e-05,0.00047099986113607883,0.02085900004021823,0.0005020000971853733,202,78,22,253.0,81.0
Falsify,FalsifyCBC,default,MultiPreserve,shift_var_all,1,Failed,912,0,686,27,0,0.0006279998924583197,0.0069320001639425755,0.014334999956190586,0.007560000056400895,132,78,22,155.0,81.0
Falsify,FalsifyCBC,default,MultiPreserve,shift_var_all,2,Failed,1842,0,1805,36,0,8.00006091594696e-06,0.00012199999764561653,0.04511599987745285,0.0001300000585615635,98,70,22,113.0,73.0
Falsify,FalsifyCBC,default,MultiPreserve,shift_var_all,3,Failed,1778,0,1594,41,0,0.0003030009102076292,0.00524999899789691,0.04617600003257394,0.005552999908104539,140,89,22,173.0,97.0
Falsify,FalsifyCBC,default,MultiPreserve,shift_var_all,4,Failed,921,0,874,30,0,4.4999876990914345e-05,0.0005470002070069313,0.019446999998763204,0.0005920000839978456,183,78,22,226.0,81.0
Falsify,FalsifyCBC,default,MultiPreserve,shift_var_all,5,Failed,2340,0,2196,56,0,0.0002200007438659668,0.004327999195083976,0.05804699985310435,0.004547999938949943,214,78,22,269.0,81.0
Falsify,FalsifyCBC,default,MultiPreserve,shift_var_all,6,Failed,2798,0,2706,51,0,0.0004149999003857374,0.0013030001427978277,0.08556500007398427,0.0017180000431835651,178,119,22,218.0,137.0
Falsify,FalsifyCBC,default,MultiPreserve,shift_var_all,7,Failed,1172,0,1134,25,0,3.200001083314419e-05,0.00045199994929134846,0.02693699998781085,0.00048399996012449265,250,91,22,319.0,98.0
Falsify,FalsifyCBC,default,MultiPreserve,shift_var_all,8,Failed,1209,0,1119,42,0,0.00010900036431849004,0.0017569996416568756,0.028818000108003616,0.0018660000059753656,224,78,22,283.0,81.0
Falsify,FalsifyCBC,default,MultiPreserve,shift_var_all,9,Failed,1394,0,1331,40,0,4.899967461824417e-05,0.0007980004884302616,0.04438699991442263,0.0008470001630485058,248,78,22,315.0,81.0
Falsify,FalsifyCBC,default,SinglePreserve,shift_var_no_incr,0,Failed,4883,0,4323,52,0,0.008085000328719616,0.07062499970197678,0.13210299983620644,0.07871000003069639,196,146,22,243.0,174.0
Falsify,FalsifyCBC,default,SinglePreserve,shift_var_no_incr,1,Failed,6331,0,2464,48,0,0.011379998875781894,0.13498400105163455,0.051242999965325,0.14636399992741644,116,62,22,137.0,62.0
Falsify,FalsifyCBC,default,SinglePreserve,shift_var_no_incr,2,Failed,4270,0,2479,38,0,0.004603994777426124,0.061292005237191916,0.059933000011369586,0.06589600001461804,152,94,22,182.0,103.0
Falsify,FalsifyCBC,default,SinglePreserve,shift_var_no_incr,3,Failed,11823,0,1682,33,0,0.03307001432403922,0.37630098569206893,0.04220100003294647,0.40937100001610816,238,84,22,303.0,88.0
Falsify,FalsifyCBC,default,SinglePreserve,shift_var_no_incr,4,Failed,3768,0,1763,31,0,0.0048649979289621115,0.07058600196614861,0.0523630001116544,0.07545099989511073,236,87,22,298.0,92.0
Falsify,FalsifyCBC,default,SinglePreserve,shift_var_no_incr,5,Failed,2447,0,2325,37,0,0.0002130002249032259,0.0036839996464550495,0.04015200003050268,0.0038969998713582754,106,48,22,121.0,44.0
Falsify,FalsifyCBC,default,SinglePreserve,shift_var_no_incr,6,Failed,2955,0,1481,28,0,0.004618002567440271,0.05098999734036624,0.041206999914720654,0.05560799990780651,214,84,22,269.0,88.0
Falsify,FalsifyCBC,default,SinglePreserve,shift_var_no_incr,7,Failed,19615,0,1280,28,0,0.04532099096104503,0.6584360091947019,0.02021899982355535,0.7037570001557469,122,56,22,145.0,55.0
Falsify,FalsifyCBC,default,SinglePreserve,shift_var_no_incr,8,Failed,17448,0,3947,53,0,0.03437600424513221,0.4719439959153533,0.13146699988283217,0.5063200001604855,122,114,22,141.0,131.0
Falsify,FalsifyCBC,default,SinglePreserve,shift_var_no_incr,9,Failed,2970,0,2030,38,0,0.002904000924900174,0.0329429991543293,0.031448000110685825,0.035847000079229474,63,59,22,65.0,58.0
Falsify,FalsifyCBC,default,MultiPreserve,shift_var_no_incr,0,Failed,4015,0,1363,28,0,0.0061210033018141985,0.09641999681480228,0.01881599985063076,0.10254100011661647,83,56,22,91.0,55.0
Falsify,FalsifyCBC,default,MultiPreserve,shift_var_no_incr,1,Failed,5407,0,2819,44,0,0.005160005064681172,0.08843799494206907,0.07412000000476837,0.09359800000675024,157,117,22,189.0,135.0
Falsify,FalsifyCBC,default,MultiPreserve,shift_var_no_incr,2,Failed,3005,0,2768,43,0,0.0004049993585795164,0.007369000697508454,0.060658999951556325,0.007774000056087971,194,91,22,240.0,98.0
Falsify,FalsifyCBC,default,MultiPreserve,shift_var_no_incr,3,Failed,6607,0,2216,39,0,0.009764001006260514,0.15752599900588393,0.04710500012151897,0.16729000001214445,89,75,22,97.0,78.0
Falsify,FalsifyCBC,default,MultiPreserve,shift_var_no_incr,4,Failed,10999,0,2273,37,0,0.02011600090190768,0.3160439992789179,0.05519600003026426,0.3361600001808256,170,117,22,209.0,134.0
Falsify,FalsifyCBC,default,MultiPreserve,shift_var_no_incr,5,Failed,2702,0,2606,42,0,0.00013699987903237343,0.002248000120744109,0.08408500021323562,0.0023849999997764826,273,101,22,351.0,112.0
Falsify,FalsifyCBC,default,MultiPreserve,shift_var_no_incr,6,Failed,4655,0,2294,46,0,0.0048099972773343325,0.08769100275821982,0.05622099991887808,0.09250100003555416,227,71,22,288.0,71.0
Falsify,FalsifyCBC,default,MultiPreserve,shift_var_no_incr,7,Failed,4737,0,1671,30,0,0.006889001931995153,0.10781699791550636,0.0342160000000149,0.11470599984750152,147,107,22,177.0,120.0
Falsify,FalsifyCBC,default,MultiPreserve,shift_var_no_incr,8,Failed,11326,0,2160,37,0,0.02172199380584061,0.3258080061059445,0.031968999886885285,0.3475299999117851,75,38,22,81.0,31.0
Falsify,FalsifyCBC,default,MultiPreserve,shift_var_no_incr,9,Failed,9621,0,1816,35,0,0.017803998664021492,0.276066001271829,0.0384589999448508,0.2938699999358505,141,81,22,167.0,84.0
Falsify,FalsifyCBC,default,SinglePreserve,shift_abs_no_incr,0,Failed,2008,0,1903,38,0,0.00035400036722421646,0.007275999523699284,0.09428000007756054,0.0076299998909235,439,159,22,580.0,191.0
Falsify,FalsifyCBC,default,SinglePreserve,shift_abs_no_incr,1,Failed,1360,0,1302,33,0,5.900021642446518e-05,0.0007669997867196798,0.0510090000461787,0.000826000003144145,178,117,22,220.0,134.0
Falsify,FalsifyCBC,default,SinglePreserve,shift_abs_no_incr,2,Failed,876,0,776,30,0,0.0001839993055909872,0.0028170004952698946,0.03144400008022785,0.003000999800860882,158,78,22,191.0,81.0
Falsify,FalsifyCBC,default,SinglePreserve,shift_abs_no_incr,3,Failed,1529,0,1489,33,0,2.700020559132099e-05,0.00032799970358610153,0.03381199995055795,0.0003549999091774225,227,122,22,286.0,141.0
Falsify,FalsifyCBC,default,SinglePreserve,shift_abs_no_incr,4,Failed,688,0,652,22,0,3.100000321865082e-05,0.00042399996891617775,0.01601899997331202,0.00045499997213482857,246,78,22,312.0,81.0
Falsify,FalsifyCBC,default,SinglePreserve,shift_abs_no_incr,5,Failed,1211,0,1177,30,0,1.9999919459223747e-05,0.00022700009867548943,0.05059600016102195,0.0002470000181347132,364,98,22,475.0,108.0
Falsify,FalsifyCBC,default,SinglePreserve,shift_abs_no_incr,6,Failed,1720,0,1656,31,0,8.199992589652538e-05,0.0013989999424666166,0.038034000201150775,0.001480999868363142,186,153,22,230.0,183.0
Falsify,FalsifyCBC,default,SinglePreserve,shift_abs_no_incr,7,Failed,3100,0,2911,47,0,0.0006680004298686981,0.004856999730691314,0.11031099990941584,0.005525000160560012,129,166,22,153.0,202.0
Falsify,FalsifyCBC,default,SinglePreserve,shift_abs_no_incr,8,Failed,1413,0,1288,36,0,0.0002200007438659668,0.003921999363228679,0.02904699998907745,0.0041420001070946455,93,95,22,102.0,104.0
Falsify,FalsifyCBC,default,SinglePreserve,shift_abs_no_incr,9,Failed,2609,0,2512,41,0,0.0001459992490708828,0.002276000799611211,0.10062099993228912,0.0024220000486820936,204,153,22,255.0,184.0
Falsify,FalsifyCBC,default,MultiPreserve,shift_abs_no_incr,0,Failed,1173,0,1141,31,0,7.00005330145359e-06,9.900005534291267e-05,0.02404599986039102,0.00010600010864436626,93,63,22,104.0,63.0
Falsify,FalsifyCBC,default,MultiPreserve,shift_abs_no_incr,1,Failed,1210,0,1167,41,0,1.1999858543276788e-05,0.00011100014671683311,0.04037599987350404,0.0001230000052601099,190,78,22,236.0,81.0
Falsify,FalsifyCBC,default,MultiPreserve,shift_abs_no_incr,2,Failed,576,0,541,17,0,4.800013266503811e-05,0.000617999816313386,0.012933999998494984,0.0006659999489784241,154,78,22,187.0,81.0
Falsify,FalsifyCBC,default,MultiPreserve,shift_abs_no_incr,3,Failed,1695,0,1610,43,0,0.0001029993873089552,0.0015700007788836956,0.10966699989512564,0.0016730001661926508,263,78,22,336.0,81.0
Falsify,FalsifyCBC,default,MultiPreserve,shift_abs_no_incr,4,Failed,957,0,912,30,0,3.899936564266682e-05,0.000558000523597002,0.04467500001192093,0.0005969998892396688,246,78,22,311.0,81.0
Falsify,FalsifyCBC,default,MultiPreserve,shift_abs_no_incr,5,Failed,2470,0,2404,52,0,4.200008697807789e-05,0.0005779999773949385,0.08931800001300871,0.0006200000643730164,310,69,22,401.0,70.0
Falsify,FalsifyCBC,default,MultiPreserve,shift_abs_no_incr,6,Failed,1125,0,1091,32,0,1.200009137392044e-05,0.0001499997451901436,0.028105000033974648,0.00016199983656406405,216,107,22,269.0,120.0
Falsify,FalsifyCBC,default,MultiPreserve,shift_abs_no_incr,7,Failed,1083,0,1048,32,0,1.600012183189392e-05,0.00021799979731440544,0.030589000089094043,0.00023399991914629936,96,82,22,107.0,87.0
Falsify,FalsifyCBC,default,MultiPreserve,shift_abs_no_incr,8,Failed,431,0,381,13,0,8.000037632882595e-05,0.001515999436378479,0.008832999970763922,0.001595999812707305,148,47,22,177.0,41.0
Falsify,FalsifyCBC,default,MultiPreserve,shift_abs_no_incr,9,Failed,1215,0,1063,33,0,0.0002599996514618397,0.004326000344008207,0.02773700002580881,0.004585999995470047,132,69,22,155.0,69.0
Falsify,FalsifyCBC,default,SinglePreserve,shift_typ_tabs_no_incr,0,Failed,1148,0,1098,25,0,0.00013199937529861927,0.0018660007044672966,0.05002199998125434,0.001998000079765916,298,153,27,379.0,175.0
Falsify,FalsifyCBC,default,SinglePreserve,shift_typ_tabs_no_incr,1,Failed,796,0,508,19,0,0.0006739990785717964,0.010951000964269042,0.009394999826326966,0.011625000042840838,74,37,27,71.0,26.0
Falsify,FalsifyCBC,default,SinglePreserve,shift_typ_tabs_no_incr,2,Failed,1672,0,1571,33,0,0.00018999888561666012,0.002724001184105873,0.04323499999009073,0.0029140000697225332,275,137,27,348.0,154.0
Falsify,FalsifyCBC,default,SinglePreserve,shift_typ_tabs_no_incr,3,Failed,1360,0,1316,35,0,2.8999755159020424e-05,0.0003480000887066126,0.04464500001631677,0.000376999843865633,202,139,27,245.0,156.0
Falsify,FalsifyCBC,default,SinglePreserve,shift_typ_tabs_no_incr,4,Failed,593,0,498,18,0,0.0001909998245537281,0.003404000075533986,0.009594000177457929,0.003594999900087714,320,63,27,408.0,57.0
Falsify,FalsifyCBC,default,SinglePreserve,shift_typ_tabs_no_incr,5,Failed,1471,0,1410,42,0,4.700012505054474e-05,0.0006559998728334904,0.04483100003562867,0.0007029999978840351,272,75,27,342.0,71.0
Falsify,FalsifyCBC,default,SinglePreserve,shift_typ_tabs_no_incr,6,Failed,240,0,186,11,0,9.299931116402148e-05,0.0014540005940943956,0.003643000032752752,0.0015469999052584171,159,43,27,187.0,30.0
Falsify,FalsifyCBC,default,SinglePreserve,shift_typ_tabs_no_incr,7,Failed,377,0,217,12,0,0.0003829998895525932,0.006006000330671668,0.004660999868065119,0.006389000220224261,324,43,27,413.0,30.0
Falsify,FalsifyCBC,default,SinglePreserve,shift_typ_tabs_no_incr,8,Failed,233,0,208,12,0,3.6999816074967384e-05,0.0005180002190172672,0.004806000040844083,0.0005550000350922346,294,43,27,370.0,30.0
Falsify,FalsifyCBC,default,SinglePreserve,shift_typ_tabs_no_incr,9,Failed,254,0,216,11,0,9.099976159632206e-05,0.0010730002541095018,0.003326999954879284,0.001164000015705824,151,43,27,176.0,30.0
Falsify,FalsifyCBC,default,MultiPreserve,shift_typ_tabs_no_incr,0,Failed,619,0,580,24,0,3.600027412176132e-05,0.00045699975453317165,0.018841000040993094,0.000493000028654933,92,78,27,94.0,75.0
Falsify,FalsifyCBC,default,MultiPreserve,shift_typ_tabs_no_incr,1,Failed,2050,0,1968,38,0,0.00011299969628453256,0.0016640003304928543,0.08168400009162724,0.0017770000267773869,289,137,27,365.0,155.0
Falsify,FalsifyCBC,default,MultiPreserve,shift_typ_tabs_no_incr,2,Failed,472,0,402,21,0,0.00011100014671683311,0.0016939998604357245,0.011368999956175683,0.0018050000071525576,158,43,27,184.0,30.0
Falsify,FalsifyCBC,default,MultiPreserve,shift_typ_tabs_no_incr,3,Failed,1106,0,1001,37,0,0.00015999889001250267,0.003255001036450267,0.0228880001232028,0.0034149999264627695,119,40,27,133.0,28.0
Falsify,FalsifyCBC,default,MultiPreserve,shift_typ_tabs_no_incr,4,Failed,1326,0,1296,28,0,1.00000761449337e-05,0.0001449999399483204,0.0554239999037236,0.0001550000160932541,251,117,27,313.0,127.0
Falsify,FalsifyCBC,default,MultiPreserve,shift_typ_tabs_no_incr,5,Failed,403,0,358,19,0,5.199969746172428e-05,0.000798000255599618,0.008904000045731664,0.0008499999530613422,174,43,27,207.0,30.0
Falsify,FalsifyCBC,default,MultiPreserve,shift_typ_tabs_no_incr,6,Failed,363,0,264,15,0,0.00020899903029203415,0.003724000882357359,0.008480000076815486,0.003932999912649393,320,43,27,407.0,30.0
Falsify,FalsifyCBC,default,MultiPreserve,shift_typ_tabs_no_incr,7,Failed,564,0,543,20,0,1.00000761449337e-05,0.00010600010864436626,0.01142299990169704,0.00011600018478929996,124,78,27,138.0,75.0
Falsify,FalsifyCBC,default,MultiPreserve,shift_typ_tabs_no_incr,8,Failed,458,0,271,16,0,0.0005880000535398722,0.007013999857008457,0.004692000104114413,0.007601999910548329,300,43,27,382.0,30.0
Falsify,FalsifyCBC,default,MultiPreserve,shift_typ_tabs_no_incr,9,Failed,297,0,225,14,0,0.00016399892047047615,0.002788000972941518,0.005452000070363283,0.002951999893411994,181,43,27,215.0,30.0
Falsify,FalsifyCBC,default,SinglePreserve,tsubst_tvar_flip,0,Failed,101,6,91,8,0,4.9999915063381195e-05,0.0014790000859647987,0.0031330001074820757,0.00152900000102818,160,51,16,202.0,50.0
Falsify,FalsifyCBC,default,SinglePreserve,tsubst_tvar_flip,1,Failed,42,11,36,5,11,6.00004568696022e-06,9.600003249943256e-05,0.001563000027090311,0.00010200007818639278,18,57,16,11.0,58.0
Falsify,FalsifyCBC,default,SinglePreserve,tsubst_tvar_flip,2,Failed,103,9,93,9,9,4.999805241823196e-06,0.00010300008580088617,0.0014320001937448978,0.00010799989104270936,206,51,16,266.0,50.0
Falsify,FalsifyCBC,default,SinglePreserve,tsubst_tvar_flip,3,Failed,59,6,52,6,4,9.00006853044033e-06,0.0005129999481141567,0.0020290000829845667,0.000522000016644597,146,57,16,182.0,58.0
Falsify,FalsifyCBC,default,SinglePreserve,tsubst_tvar_flip,4,Failed,214,8,200,10,0,6.00004568696022e-06,0.00045999977737665176,0.0026000000070780516,0.000465999823063612,43,39,16,40.0,38.0
Falsify,FalsifyCBC,default,SinglePreserve,tsubst_tvar_flip,5,Failed,33,11,28,4,11,5.00003807246685e-06,9.999983012676239e-05,0.000593000091612339,0.00010499986819922924,116,57,16,142.0,58.0
Falsify,FalsifyCBC,default,SinglePreserve,tsubst_tvar_flip,6,Failed,43,17,36,5,12,4.999805241823196e-06,0.0003220001235604286,0.001075000036507845,0.0003269999288022518,124,57,16,152.0,58.0
Falsify,FalsifyCBC,default,SinglePreserve,tsubst_tvar_flip,7,Failed,125,17,111,11,12,5.00003807246685e-06,0.00031500007025897503,0.001821999903768301,0.0003200001083314419,74,51,16,85.0,50.0
Falsify,FalsifyCBC,default,SinglePreserve,tsubst_tvar_flip,8,Failed,27,12,23,3,9,4.00003045797348e-06,0.0002199998125433922,0.000547999981790781,0.0002239998430013657,184,57,16,235.0,58.0
Falsify,FalsifyCBC,default,SinglePreserve,tsubst_tvar_flip,9,Failed,162,12,150,9,11,8.00006091594696e-06,0.00017699995078146455,0.0020639998838305473,0.0001850000116974115,81,45,16,93.0,42.0
Falsify,FalsifyCBC,default,MultiPreserve,tsubst_tvar_flip,0,Failed,42,19,31,4,12,3.00002284348011e-05,0.0010679997503757477,0.002406999934464693,0.0010979999788105488,95,57,16,112.0,58.0
Falsify,FalsifyCBC,default,MultiPreserve,tsubst_tvar_flip,1,Failed,93,2,83,8,1,5.9998128563165665e-06,0.00014900020323693752,0.001382000045850873,0.0001550000160932541,74,51,16,84.0,50.0
Falsify,FalsifyCBC,default,MultiPreserve,tsubst_tvar_flip,2,Failed,102,16,89,9,11,9.00006853044033e-06,0.00031299982219934464,0.00140299997292459,0.00032199989072978497,203,51,16,261.0,50.0
Falsify,FalsifyCBC,default,MultiPreserve,tsubst_tvar_flip,3,Failed,51,29,37,5,11,1.9999686628580093e-05,0.001224000472575426,0.0010809998493641617,0.0012440001592040062,203,57,16,261.0,58.0
Falsify,FalsifyCBC,default,MultiPreserve,tsubst_tvar_flip,4,Failed,59,6,52,6,4,4.00003045797348e-06,0.00013700011186301708,0.0038939998485147953,0.00014100014232099056,16,57,16,12.0,58.0
Falsify,FalsifyCBC,default,MultiPreserve,tsubst_tvar_flip,5,Failed,38,12,29,3,2,1.3999873772263529e-05,0.000567000126466155,0.0010019999463111162,0.0005810000002384186,111,57,16,133.0,58.0
Falsify,FalsifyCBC,default,MultiPreserve,tsubst_tvar_flip,6,Failed,36,17,28,4,12,8.999835699796677e-06,0.0002770000137388706,0.0008730001281946898,0.0002859998494386673,108,57,16,129.0,58.0
Falsify,FalsifyCBC,default,MultiPreserve,tsubst_tvar_flip,7,Failed,35,12,28,4,11,8.00006091594696e-06,0.0001529997680336237,0.0009110001847147942,0.00016099982894957066,18,57,16,11.0,58.0
Falsify,FalsifyCBC,default,MultiPreserve,tsubst_tvar_flip,8,Failed,59,5,52,6,5,6.00004568696022e-06,0.00010200007818639278,0.001078000059351325,0.000108000123873353,124,57,16,153.0,58.0
Falsify,FalsifyCBC,default,MultiPreserve,tsubst_tvar_flip,9,Failed,126,15,114,11,15,5.00003807246685e-06,0.00010200007818639278,0.001640999922528863,0.00010700011625885963,75,51,16,86.0,50.0
Falsify,FalsifyCBC,default,SinglePreserve,tsubst_tvar_no_shift,0,Failed,832,2,786,24,0,0.0001380003523081541,0.002140999538823962,0.022861000150442123,0.0022789998911321163,50,54,16,50.0,56.0
Falsify,FalsifyCBC,default,SinglePreserve,tsubst_tvar_no_shift,1,Failed,798,12,688,21,0,0.0006559980101883411,0.004545001778751612,0.013648000080138443,0.005200999788939953,140,55,16,177.0,57.0
Falsify,FalsifyCBC,default,SinglePreserve,tsubst_tvar_no_shift,2,Failed,494,483,446,33,481,2.7999980375170708e-05,0.00048399996012449265,0.02264599991030991,0.0005119999404996634,36,51,16,30.0,53.0
Falsify,FalsifyCBC,default,SinglePreserve,tsubst_tvar_no_shift,3,Failed,180,59,157,12,59,3.200024366378784e-05,0.00041699968278408045,0.0039790000300854445,0.0004489999264478683,112,53,16,135.0,53.0
Falsify,FalsifyCBC,default,SinglePreserve,tsubst_tvar_no_shift,4,Failed,639,2,610,22,2,2.0999927073717117e-05,0.0002850000746548176,0.010098000057041643,0.0003060000017285347,63,68,16,69.0,74.0
Falsify,FalsifyCBC,default,SinglePreserve,tsubst_tvar_no_shift,5,Failed,538,0,508,19,0,2.5999965146183968e-05,0.00037700007669627666,0.0063050000462681055,0.00040300004184246063,61,39,16,64.0,35.0
Falsify,FalsifyCBC,default,SinglePreserve,tsubst_tvar_no_shift,6,Failed,373,19,282,15,11,0.00021399930119514465,0.0041160008404403925,0.0044999998062849045,0.004330000141635537,113,51,16,137.0,50.0
Falsify,FalsifyCBC,default,SinglePreserve,tsubst_tvar_no_shift,7,Failed,700,3,657,20,0,7.599964737892151e-05,0.0012410003691911697,0.009652999928221108,0.0013170000165700912,76,52,16,86.0,52.0
Falsify,FalsifyCBC,default,SinglePreserve,tsubst_tvar_no_shift,8,Failed,516,20,466,27,19,5.100038833916187e-05,0.0006849996279925108,0.009383999975398185,0.0007360000163316727,50,55,16,52.0,56.0
Falsify,FalsifyCBC,default,SinglePreserve,tsubst_tvar_no_shift,9,Failed,418,15,379,15,14,5.300040356814861e-05,0.0007439996115863323,0.006380999926477671,0.0007970000151544809,51,48,16,53.0,46.0
Falsify,FalsifyCBC,default,MultiPreserve,tsubst_tvar_no_shift,0,Failed,797,0,760,26,0,3.3999793231487274e-05,0.00048600020818412304,0.012791000073775647,0.0005200000014156103,40,45,16,36.0,42.0
Falsify,FalsifyCBC,default,MultiPreserve,tsubst_tvar_no_shift,1,Failed,462,0,425,17,0,6.00004568696022e-05,0.0007309995125979185,0.012454000068828464,0.0007909999694675207,110,53,16,134.0,53.0
Falsify,FalsifyCBC,default,MultiPreserve,tsubst_tvar_no_shift,2,Failed,361,6,322,16,0,4.9999915063381195e-05,0.001227000029757619,0.00470099993981421,0.001276999944821,40,51,16,39.0,50.0
Falsify,FalsifyCBC,default,MultiPreserve,tsubst_tvar_no_shift,3,Failed,506,73,436,22,65,0.00011200015433132648,0.0022279999684542413,0.013125999830663204,0.002340000122785568,53,53,16,54.0,53.0
Falsify,FalsifyCBC,default,MultiPreserve,tsubst_tvar_no_shift,4,Failed,528,93,418,26,90,0.00017100060358643532,0.0030859992839396,0.006643000058829784,0.0032569998875260353,40,55,16,36.0,56.0
Falsify,FalsifyCBC,default,MultiPreserve,tsubst_tvar_no_shift,5,Failed,760,22,659,23,13,0.0005500002298504114,0.003932999679818749,0.01525900000706315,0.004482999909669161,85,74,16,101.0,82.0
Falsify,FalsifyCBC,default,MultiPreserve,tsubst_tvar_no_shift,6,Failed,358,38,333,18,36,1.6999663785099983e-05,0.0002640003804117441,0.005736999912187457,0.0002810000441968441,40,61,16,37.0,64.0
Falsify,FalsifyCBC,default,MultiPreserve,tsubst_tvar_no_shift,7,Failed,206,3,183,10,3,5.3999945521354675e-05,0.0005910000763833523,0.004388999892398715,0.000645000021904707,88,53,16,101.0,53.0
Falsify,FalsifyCBC,default,MultiPreserve,tsubst_tvar_no_shift,8,Failed,576,16,503,20,8,0.00015100021846592426,0.0028689997270703316,0.013813000172376633,0.003019999945536256,139,66,16,175.0,71.0
Falsify,FalsifyCBC,default,MultiPreserve,tsubst_tvar_no_shift,9,Failed,677,3,631,21,1,7.00000673532486e-05,0.0015759998932480812,0.008107000030577183,0.0016459999606013298,69,42,16,76.0,38.0
Falsify,FalsifyCBC,default,SinglePreserve,tsubst_tvar_over_shift,0,Failed,37,11,30,4,10,5.4999953135848045e-05,0.0007469998672604561,0.001310000196099281,0.0008019998203963041,87,57,16,102.0,58.0
Falsify,FalsifyCBC,default,SinglePreserve,tsubst_tvar_over_shift,1,Failed,49,15,37,5,11,1.4999881386756895e-05,0.0004720001015812159,0.0010939999483525753,0.0004869999829679728,36,57,16,31.0,58.0
Falsify,FalsifyCBC,default,SinglePreserve,tsubst_tvar_over_shift,2,Failed,95,15,85,8,9,6.00004568696022e-06,0.0005379999056458473,0.0017870001029223204,0.0005439999513328075,173,51,16,221.0,50.0
Falsify,FalsifyCBC,default,SinglePreserve,tsubst_tvar_over_shift,3,Failed,88,10,75,7,1,8.00006091594696e-06,0.0005469999741762877,0.0012749999295920134,0.0005550000350922346,16,51,16,12.0,50.0
Falsify,FalsifyCBC,default,SinglePreserve,tsubst_tvar_over_shift,4,Failed,123,2,110,9,0,5.00003807246685e-06,0.0002460000105202198,0.0022430000826716423,0.00025100004859268665,136,51,16,170.0,50.0
Falsify,FalsifyCBC,default,SinglePreserve,tsubst_tvar_over_shift,5,Failed,72,1,65,6,1,9.00006853044033e-06,0.0001300000585615635,0.0012159999459981918,0.00013900012709200382,193,51,16,246.0,50.0
Falsify,FalsifyCBC,default,SinglePreserve,tsubst_tvar_over_shift,6,Failed,49,21,38,6,16,7.00005330145359e-06,0.00040500005707144737,0.001299999887123704,0.00041200011037290096,16,57,16,12.0,58.0
Falsify,FalsifyCBC,default,SinglePreserve,tsubst_tvar_over_shift,7,Failed,369,535,342,25,534,8.00006091594696e-06,0.00018400000408291817,0.017099000047892332,0.00019200006499886513,186,73,16,239.0,80.0
Falsify,FalsifyCBC,default,SinglePreserve,tsubst_tvar_over_shift,8,Failed,137,0,126,10,0,8.00006091594696e-06,0.0001230000052601099,0.0021250001154839993,0.00013100006617605686,181,51,16,229.0,50.0
Falsify,FalsifyCBC,default,SinglePreserve,tsubst_tvar_over_shift,9,Failed,106,4,93,9,0,7.00005330145359e-06,0.0003120000474154949,0.0012229999992996454,0.0003190001007169485,39,51,16,35.0,50.0
Falsify,FalsifyCBC,default,MultiPreserve,tsubst_tvar_over_shift,0,Failed,92,2,83,8,1,3.999797627329826e-06,0.00015400000847876075,0.001241000136360526,0.00015799980610609057,43,51,16,45.0,50.0
Falsify,FalsifyCBC,default,MultiPreserve,tsubst_tvar_over_shift,1,Failed,42,12,36,5,12,7.00005330145359e-06,0.0001509999856352806,0.0007660000119358301,0.0001580000389367342,96,57,16,116.0,58.0
Falsify,FalsifyCBC,default,MultiPreserve,tsubst_tvar_over_shift,2,Failed,100,0,91,8,0,5.00003807246685e-06,8.00001434981823e-05,0.001231999834999442,8.500018157064915e-05,108,51,16,130.0,50.0
Falsify,FalsifyCBC,default,MultiPreserve,tsubst_tvar_over_shift,3,Failed,42,10,36,5,10,5.00003807246685e-06,0.00010399986058473587,0.0008090001065284014,0.00010899989865720272,75,57,16,85.0,58.0
Falsify,FalsifyCBC,default,MultiPreserve,tsubst_tvar_over_shift,4,Failed,41,15,28,4,9,2.100015990436077e-05,0.0005359996575862169,0.0008549999911338091,0.0005569998174905777,61,57,16,67.0,58.0
Falsify,FalsifyCBC,default,MultiPreserve,tsubst_tvar_over_shift,5,Failed,140,8,128,11,0,4.00003045797348e-06,0.0003869999200105667,0.002125999890267849,0.0003909999504685402,18,51,16,11.0,50.0
Falsify,FalsifyCBC,default,MultiPreserve,tsubst_tvar_over_shift,6,Failed,95,4,88,6,4,6.00004568696022e-06,9.500002488493918e-05,0.0018839999102056024,0.0001010000705718994,103,51,16,125.0,50.0
Falsify,FalsifyCBC,default,MultiPreserve,tsubst_tvar_over_shift,7,Failed,131,2,119,11,1,5.00003807246685e-06,0.0001580000389367342,0.001740999985486269,0.00016300007700920105,54,51,16,55.0,50.0
Falsify,FalsifyCBC,default,MultiPreserve,tsubst_tvar_over_shift,8,Failed,37,20,31,4,11,7.00005330145359e-06,0.0004989998415112495,0.000977999996393919,0.0005059998948127031,221,57,16,286.0,58.0
Falsify,FalsifyCBC,default,MultiPreserve,tsubst_tvar_over_shift,9,Failed,345,4,324,16,0,1.400010660290718e-05,0.0003359997645020485,0.0036780000664293766,0.0003499998711049557,78,39,16,86.0,38.0
Falsify,FalsifyCBC,default,SinglePreserve,tsubst_all_no_tshift,0,Failed,1409,8,1188,35,8,0.0009499983862042428,0.016206001630052924,0.03853400005027652,0.017156000016257167,60,57,21,59.0,51.0
Falsify,FalsifyCBC,default,SinglePreserve,tsubst_all_no_tshift,1,Failed,4568,7,3131,54,0,0.0034809992648661137,0.04970500082708895,0.13452499988488853,0.053186000091955066,86,89,21,93.0,95.0
Falsify,FalsifyCBC,default,SinglePreserve,tsubst_all_no_tshift,2,Failed,2600,0,2118,42,0,0.0012519981246441605,0.017915001837536693,0.08260300010442734,0.019166999962180853,170,83,21,211.0,87.0
Falsify,FalsifyCBC,default,SinglePreserve,tsubst_all_no_tshift,3,Failed,1148,2,865,26,0,0.0005959991831332445,0.009798000799492002,0.022061999887228012,0.010393999982625246,232,67,21,295.0,66.0
Falsify,FalsifyCBC,default,SinglePreserve,tsubst_all_no_tshift,4,Failed,1772,0,1722,39,0,4.100007936358452e-05,0.0005049998871982098,0.04284100001677871,0.0005459999665617943,93,69,21,105.0,70.0
Falsify,FalsifyCBC,default,SinglePreserve,tsubst_all_no_tshift,5,Failed,1368,5,686,23,0,0.0015490001533180475,0.024835999822244048,0.01500399992801249,0.026384999975562096,86,36,21,93.0,25.0
Falsify,FalsifyCBC,default,SinglePreserve,tsubst_all_no_tshift,6,Failed,1210,0,1027,31,0,0.0003469991497695446,0.005734000820666552,0.03748800000175834,0.006080999970436096,30,31,21,18.0,15.0
Falsify,FalsifyCBC,default,SinglePreserve,tsubst_all_no_tshift,7,Failed,1165,0,939,26,0,0.0005029991734772921,0.007370000705122948,0.02276700013317168,0.00787299987860024,114,55,21,130.0,48.0
Falsify,FalsifyCBC,default,SinglePreserve,tsubst_all_no_tshift,8,Failed,2136,0,1968,40,0,0.00035100034438073635,0.005705999676138163,0.049245000118389726,0.006057000020518899,138,75,21,167.0,78.0
Falsify,FalsifyCBC,default,SinglePreserve,tsubst_all_no_tshift,9,Failed,3731,160,3560,63,159,0.000204999465495348,0.0034250004682689905,0.16235899995081127,0.0036299999337643385,81,119,21,86.0,136.0
Falsify,FalsifyCBC,default,MultiPreserve,tsubst_all_no_tshift,0,Failed,2681,2,2490,52,0,0.000304999528452754,0.005688000470399857,0.09298800001852214,0.005992999998852611,126,118,21,148.0,135.0
Falsify,FalsifyCBC,default,MultiPreserve,tsubst_all_no_tshift,1,Failed,2383,5,1474,32,0,0.0018040034919977188,0.03206199663691223,0.02326799998991191,0.033866000128909945,73,38,21,77.0,29.0
Falsify,FalsifyCBC,default,MultiPreserve,tsubst_all_no_tshift,2,Failed,1450,7,1262,34,6,0.0003049990627914667,0.005005001090466976,0.036090999841690063,0.005310000153258443,104,55,21,118.0,48.0
Falsify,FalsifyCBC,default,MultiPreserve,tsubst_all_no_tshift,3,Failed,1422,0,1298,32,0,0.00016399985179305077,0.0032760002650320534,0.024332999950274825,0.003440000116825104,78,52,21,84.0,47.0
Falsify,FalsifyCBC,default,MultiPreserve,tsubst_all_no_tshift,4,Failed,1599,3,1236,32,0,0.0007070004940032959,0.012016999535262585,0.022299000062048435,0.01272400002926588,115,31,21,134.0,18.0
Falsify,FalsifyCBC,default,MultiPreserve,tsubst_all_no_tshift,5,Failed,3357,0,2587,49,0,0.0014940008986741304,0.02616999903693795,0.09664900018833578,0.02766399993561208,127,76,21,148.0,78.0
Falsify,FalsifyCBC,default,MultiPreserve,tsubst_all_no_tshift,6,Failed,1595,0,1552,35,0,2.900022082030773e-05,0.00039499974809587,0.048494999995455146,0.00042399996891617775,60,76,21,58.0,77.0
Falsify,FalsifyCBC,default,MultiPreserve,tsubst_all_no_tshift,7,Failed,3024,254,2934,53,254,7.600034587085247e-05,0.0012479997240006924,0.12408400001004338,0.0013240000698715448,85,87,21,93.0,91.0
Falsify,FalsifyCBC,default,MultiPreserve,tsubst_all_no_tshift,8,Failed,1201,0,1038,36,0,0.0002850005403161049,0.00510599953122437,0.027969999937340617,0.005391000071540475,138,39,21,164.0,27.0
Falsify,FalsifyCBC,default,MultiPreserve,tsubst_all_no_tshift,9,Failed,1033,23,846,25,21,0.00034899916499853134,0.006404000800102949,0.030504000140354037,0.0067529999651014805,128,63,21,154.0,59.0
Falsify,FalsifyCBC,default,SinglePreserve,subst_var_flip,0,Failed,49,0,39,4,0,8.300016634166241e-05,0.0011359998025000095,0.0012759999372065067,0.001218999968841672,151,57,13,195.0,63.0
Falsify,FalsifyCBC,default,SinglePreserve,subst_var_flip,1,Failed,53,0,40,4,0,2.3999717086553577e-05,0.00036300043575465685,0.000958999851718545,0.0003870001528412104,260,57,13,344.0,63.0
Falsify,FalsifyCBC,default,SinglePreserve,subst_var_flip,2,Failed,122,0,109,9,0,1.900014467537403e-05,0.0002739999908953905,0.0017160000279545784,0.00029300013557076454,261,51,13,346.0,54.0
Falsify,FalsifyCBC,default,SinglePreserve,subst_var_flip,3,Failed,55,0,45,5,0,1.200009137392044e-05,0.00018700002692639828,0.0006049999501556158,0.00019900011830031872,162,57,13,207.0,63.0
Falsify,FalsifyCBC,default,SinglePreserve,subst_var_flip,4,Failed,48,0,42,5,0,4.999805241823196e-06,0.00012500002048909664,0.0010290001519024372,0.00012999982573091984,191,57,13,249.0,63.0
Falsify,FalsifyCBC,default,SinglePreserve,subst_var_flip,5,Failed,210,0,196,13,0,7.999828085303307e-06,0.00012700003571808338,0.002563000191003084,0.0001349998638033867,343,45,13,459.0,46.0
Falsify,FalsifyCBC,default,SinglePreserve,subst_var_flip,6,Failed,40,0,35,4,0,5.00003807246685e-06,0.00011199992150068283,0.0004910000134259462,0.00011699995957314968,165,57,13,213.0,63.0
Falsify,FalsifyCBC,default,SinglePreserve,subst_var_flip,7,Failed,32,0,28,3,0,4.00003045797348e-06,8.099991828203201e-05,0.00032299989834427834,8.499994874000549e-05,64,57,13,71.0,63.0
Falsify,FalsifyCBC,default,SinglePreserve,subst_var_flip,8,Failed,46,0,37,4,0,1.7999904230237007e-05,0.0002709999680519104,0.0008880000095814466,0.0002889998722821474,165,57,13,210.0,63.0
Falsify,FalsifyCBC,default,SinglePreserve,subst_var_flip,9,Failed,186,0,175,8,0,1.100008375942707e-05,0.0001659998670220375,0.0023360000923275948,0.00017699995078146458,127,39,13,159.0,38.0
Falsify,FalsifyCBC,default,MultiPreserve,subst_var_flip,0,Failed,195,0,180,12,0,1.2999866157770155e-05,0.00019400008022785184,0.0023880000226199627,0.000206999946385622,309,45,13,413.0,46.0
Falsify,FalsifyCBC,default,MultiPreserve,subst_var_flip,1,Failed,100,0,91,8,0,5.00003807246685e-06,0.00010899989865720271,0.0012390001211315391,0.00011399993672966956,150,51,13,192.0,54.0
Falsify,FalsifyCBC,default,MultiPreserve,subst_var_flip,2,Failed,172,0,155,10,0,1.700012944638729e-05,0.00021199998445808887,0.0026020000223070383,0.00022900011390447617,151,45,13,194.0,46.0
Falsify,FalsifyCBC,default,MultiPreserve,subst_var_flip,3,Failed,49,0,43,5,0,7.00005330145359e-06,0.0001799999736249447,0.000682000070810318,0.00018700002692639828,289,57,13,385.0,63.0
Falsify,FalsifyCBC,default,MultiPreserve,subst_var_flip,4,Failed,233,0,216,15,0,1.0999850928783417e-05,0.00015500024892389774,0.007854999974370003,0.00016600009985268116,164,57,13,211.0,63.0
Falsify,FalsifyCBC,default,MultiPreserve,subst_var_flip,5,Failed,59,0,51,6,0,7.999828085303307e-06,0.00016100029461085796,0.001687999814748764,0.00016900012269616127,286,57,13,383.0,63.0
Falsify,FalsifyCBC,default,MultiPreserve,subst_var_flip,6,Failed,48,0,42,5,0,6.9998204708099365e-06,9.500002488493918e-05,0.0006140000186860561,0.00010199984535574912,58,57,13,65.0,63.0
Falsify,FalsifyCBC,default,MultiPreserve,subst_var_flip,7,Failed,118,0,105,8,0,1.2999633327126505e-05,0.00016500032506883144,0.0013800000306218865,0.00017799995839595795,196,51,13,253.0,54.0
Falsify,FalsifyCBC,default,MultiPreserve,subst_var_flip,8,Failed,228,0,214,12,0,8.00006091594696e-06,0.00015300000086426735,0.00254100002348423,0.0001610000617802143,306,39,13,406.0,38.0
Falsify,FalsifyCBC,default,MultiPreserve,subst_var_flip,9,Failed,52,0,46,5,0,4.00003045797348e-06,0.00011699995957314968,0.0007400000467896461,0.00012099999003112316,179,57,13,232.0,63.0
Falsify,FalsifyCBC,default,SinglePreserve,subst_var_no_decr,0,Failed,1764,0,1708,35,0,0.00016400031745433807,0.0019819997251033783,0.04381499998271465,0.0021460000425577164,155,47,13,198.0,49.0
Falsify,FalsifyCBC,default,SinglePreserve,subst_var_no_decr,1,Failed,1299,0,1252,27,0,4.5000109821558e-05,0.0006249998696148396,0.021277999971061945,0.0006699999794363976,63,67,13,72.0,76.0
Falsify,FalsifyCBC,default,SinglePreserve,subst_var_no_decr,2,Failed,2933,0,2793,41,0,0.0002910010516643524,0.0049849990755319595,0.09911899990402162,0.005276000127196312,197,205,13,256.0,266.0
Falsify,FalsifyCBC,default,SinglePreserve,subst_var_no_decr,3,Failed,1057,0,617,22,0,0.0011969986371695995,0.016690001357346773,0.01052400004118681,0.017886999994516373,43,63,13,44.0,70.0
Falsify,FalsifyCBC,default,SinglePreserve,subst_var_no_decr,4,Failed,990,0,869,24,0,0.00020799972116947177,0.003533000126481056,0.018459000159054995,0.003740999847650528,141,97,13,180.0,117.0
Falsify,FalsifyCBC,default,SinglePreserve,subst_var_no_decr,5,Failed,629,0,442,16,0,0.0007510001305490732,0.006186999846249819,0.008457000134512782,0.006937999976798892,98,69,13,118.0,77.0
Falsify,FalsifyCBC,default,SinglePreserve,subst_var_no_decr,6,Failed,1690,0,1641,32,0,4.500034265220165e-05,0.0005659996531903744,0.04264499992132187,0.000610999995842576,368,113,13,495.0,139.0
Falsify,FalsifyCBC,default,SinglePreserve,subst_var_no_decr,7,Failed,781,0,714,19,0,0.00010300055146217346,0.0017199995927512646,0.011489999946206808,0.001823000144213438,191,85,13,251.0,101.0
Falsify,FalsifyCBC,default,SinglePreserve,subst_var_no_decr,8,Failed,2461,0,2320,38,0,0.0005129992496222258,0.005239000776782632,0.06909499992616475,0.005752000026404858,268,145,13,354.0,182.0
Falsify,FalsifyCBC,default,SinglePreserve,subst_var_no_decr,9,Failed,1280,0,1180,29,0,0.00015500071458518505,0.002563999267295003,0.03230299986898899,0.002718999981880188,191,156,13,247.0,198.0
Falsify,FalsifyCBC,default,MultiPreserve,subst_var_no_decr,0,Failed,1051,0,205,9,0,0.0020649994257837534,0.029786000726744533,0.0028119999915361404,0.031851000152528286,70,36,13,82.0,33.0
Falsify,FalsifyCBC,default,MultiPreserve,subst_var_no_decr,1,Failed,577,0,468,14,0,0.000205999705940485,0.003930000122636557,0.01266200002282858,0.004135999828577042,60,36,13,68.0,33.0
Falsify,FalsifyCBC,default,MultiPreserve,subst_var_no_decr,2,Failed,1606,0,1557,33,0,3.300025127828121e-05,0.0005039998795837164,0.05001699994318187,0.0005370001308619976,162,53,13,207.0,55.0
Falsify,FalsifyCBC,default,MultiPreserve,subst_var_no_decr,3,Failed,579,0,229,11,0,0.0007089993450790644,0.011777000734582543,0.002242999849840998,0.012486000079661608,56,36,13,61.0,33.0
Falsify,FalsifyCBC,default,MultiPreserve,subst_var_no_decr,4,Failed,447,0,375,14,0,0.000153000233694911,0.002657999750226736,0.00406099995598197,0.002810999983921647,50,36,13,54.0,33.0
Falsify,FalsifyCBC,default,MultiPreserve,subst_var_no_decr,5,Failed,523,0,432,16,0,0.0004700005520135164,0.0027849993202835326,0.0032210000790655613,0.003254999872297049,119,36,13,150.0,33.0
Falsify,FalsifyCBC,default,MultiPreserve,subst_var_no_decr,6,Failed,576,0,401,16,0,0.00032400107011199,0.005759998923167586,0.004882999928668141,0.006083999993279576,60,36,13,68.0,33.0
Falsify,FalsifyCBC,default,MultiPreserve,subst_var_no_decr,7,Failed,451,0,327,14,0,0.00023199990391731265,0.0038430001586675644,0.0035149999894201756,0.004075000062584877,135,36,13,173.0,33.0
Falsify,FalsifyCBC,default,MultiPreserve,subst_var_no_decr,8,Failed,922,0,792,28,0,0.00021200045011937616,0.004307999508455396,0.015127999940887094,0.004519999958574772,127,60,13,160.0,65.0
Falsify,FalsifyCBC,default,MultiPreserve,subst_var_no_decr,9,Failed,542,0,396,16,0,0.00029899924993515015,0.005109000718221068,0.004259000066667795,0.0054079999681562185,60,36,13,68.0,33.0
Falsify,FalsifyCBC,default,SinglePreserve,subst_abs_no_shift,0,Failed,10676,0,2342,40,0,0.02564800065010786,0.30576899950392544,0.07099799998104572,0.3314170001540333,137,107,22,163.0,122.0
Falsify,FalsifyCBC,default,SinglePreserve,subst_abs_no_shift,1,Failed,15165,0,2635,45,0,0.03235700540244579,0.444258994422853,0.04989600018598139,0.4766159998252988,98,64,22,112.0,65.0
Falsify,FalsifyCBC,default,SinglePreserve,subst_abs_no_shift,2,Failed,11307,0,2727,43,0,0.02081699762493372,0.3116380022838712,0.05022100009955466,0.3324549999088049,89,64,22,99.0,65.0
Falsify,FalsifyCBC,default,SinglePreserve,subst_abs_no_shift,3,Failed,15320,0,2029,39,0,0.03677999251522124,0.4728480074554682,0.057001000037416816,0.5096279999706894,300,171,22,390.0,208.0
Falsify,FalsifyCBC,default,SinglePreserve,subst_abs_no_shift,4,Failed,5321,0,2511,44,0,0.008143007289618254,0.09691099263727665,0.07444199989549816,0.1050539999268949,175,111,22,214.0,127.0
Falsify,FalsifyCBC,default,SinglePreserve,subst_abs_no_shift,5,Failed,28095,0,3327,42,0,0.06433299975469708,0.8966960001271217,0.08783100009895861,0.9610289998818188,152,108,22,184.0,123.0
Falsify,FalsifyCBC,default,SinglePreserve,subst_abs_no_shift,6,Failed,6282,0,2787,42,0,0.008823004085570574,0.12395499600097537,0.045854999916628,0.13277800008654594,55,53,22,56.0,52.0
Falsify,FalsifyCBC,default,SinglePreserve,subst_abs_no_shift,7,Failed,4337,0,1977,32,0,0.00588699453510344,0.08467500540427864,0.05996300000697374,0.09056199993938208,258,185,22,330.0,228.0
Falsify,FalsifyCBC,default,SinglePreserve,subst_abs_no_shift,8,Failed,5930,0,2904,41,0,0.007442995440214872,0.10863200458697975,0.051005000015720725,0.11607500002719462,86,62,22,95.0,62.0
Falsify,FalsifyCBC,default,SinglePreserve,subst_abs_no_shift,9,Failed,29757,0,3548,50,0,0.06780201313085854,0.9387699868530035,0.07079400005750358,1.006571999983862,84,75,22,87.0,77.0
Falsify,FalsifyCBC,default,MultiPreserve,subst_abs_no_shift,0,Failed,6684,0,1805,34,0,0.010615997947752476,0.17609200207516554,0.04745099996216595,0.186708000022918,171,103,22,208.0,115.0
Falsify,FalsifyCBC,default,MultiPreserve,subst_abs_no_shift,1,Failed,5342,0,2133,37,0,0.006675997748970985,0.1104200021363795,0.062193999998271465,0.11709599988535048,179,117,22,220.0,135.0
Falsify,FalsifyCBC,default,MultiPreserve,subst_abs_no_shift,2,Failed,6943,0,1813,33,0,0.01148899644613266,0.18589400360360742,0.026553000090643764,0.19738300004974008,90,56,22,102.0,55.0
Falsify,FalsifyCBC,default,MultiPreserve,subst_abs_no_shift,3,Failed,9011,0,1958,36,0,0.015669001964852214,0.252583998022601,0.03877300000749528,0.2682529999874532,112,62,22,129.0,62.0
Falsify,FalsifyCBC,default,MultiPreserve,subst_abs_no_shift,4,Failed,5513,0,3278,43,0,0.004866997944191098,0.08080700202845037,0.08516700007021427,0.08567399997264147,112,101,22,126.0,112.0
Falsify,FalsifyCBC,default,MultiPreserve,subst_abs_no_shift,5,Failed,3292,0,2220,38,0,0.0020560012198984623,0.03827599878422916,0.043292999966070056,0.04033200000412762,157,91,22,190.0,99.0
Falsify,FalsifyCBC,default,MultiPreserve,subst_abs_no_shift,6,Failed,6791,0,1885,36,0,0.011495999060571194,0.17448200099170208,0.039015999995172024,0.18597800005227327,188,95,22,233.0,104.0
Falsify,FalsifyCBC,default,MultiPreserve,subst_abs_no_shift,7,Failed,4942,0,4638,59,0,0.0005340005736798048,0.009269999340176582,0.12702000001445413,0.009803999913856387,130,96,22,152.0,105.0
Falsify,FalsifyCBC,default,MultiPreserve,subst_abs_no_shift,8,Failed,2994,0,2485,44,0,0.0014620006550103426,0.016980999382212758,0.0462139998562634,0.0184430000372231,77,73,22,80.0,73.0
Falsify,FalsifyCBC,default,MultiPreserve,subst_abs_no_shift,9,Failed,10700,0,2584,44,0,0.020368004916235805,0.28008799511007965,0.06085699982941151,0.30045600002631545,183,75,22,227.0,78.0
Falsify,FalsifyCBC,default,SinglePreserve,subst_abs_no_incr,0,Failed,126,0,115,8,0,7.800012826919556e-05,0.0009279998484998941,0.003410999896004796,0.0010059999767690897,207,45,19,262.0,39.0
Falsify,FalsifyCBC,default,SinglePreserve,subst_abs_no_incr,1,Failed,44,0,39,4,0,1.200009137392044e-05,0.00017099990509450436,0.0009999999310821297,0.0001829999964684248,211,57,19,267.0,56.0
Falsify,FalsifyCBC,default,SinglePreserve,subst_abs_no_incr,2,Failed,36,0,28,3,0,2.9999995604157448e-05,0.00039599998854100704,0.0005570000503212214,0.0004259999841451645,241,57,19,312.0,56.0
Falsify,FalsifyCBC,default,SinglePreserve,subst_abs_no_incr,3,Failed,103,0,94,8,0,1.0999850928783417e-05,0.0001430001575499773,0.0013620001263916492,0.00015400000847876072,252,51,19,324.0,46.0
Falsify,FalsifyCBC,default,SinglePreserve,subst_abs_no_incr,4,Failed,33,0,29,3,0,2.49999575316906e-05,0.00020299991592764852,0.0004710000939667225,0.00022799987345933911,392,57,19,518.0,56.0
Falsify,FalsifyCBC,default,SinglePreserve,subst_abs_no_incr,5,Failed,280,0,267,12,0,1.300009898841381e-05,0.00010799989104270935,0.003078999929130078,0.00012099999003112316,315,39,19,411.0,32.0
Falsify,FalsifyCBC,default,SinglePreserve,subst_abs_no_incr,6,Failed,54,0,46,5,0,1.5999889001250267e-05,0.0001560002565383911,0.0011529999319463968,0.00017200014553964138,254,57,19,328.0,56.0
Falsify,FalsifyCBC,default,SinglePreserve,subst_abs_no_incr,7,Failed,194,0,178,11,0,4.400010220706463e-05,0.0008330000564455986,0.007585000013932586,0.0008770001586526632,405,45,19,537.0,39.0
Falsify,FalsifyCBC,default,SinglePreserve,subst_abs_no_incr,8,Failed,34,0,28,3,0,1.00000761449337e-05,0.00012600002810359,0.0003700000233948231,0.0001360001042485237,82,57,19,92.0,56.0
Falsify,FalsifyCBC,default,SinglePreserve,subst_abs_no_incr,9,Failed,98,0,83,6,0,2.3999949917197227e-05,0.0003279999364167452,0.0012910000514239073,0.0003519998863339424,83,51,19,92.0,46.0
Falsify,FalsifyCBC,default,MultiPreserve,subst_abs_no_incr,0,Failed,54,0,45,5,0,2.200016751885414e-05,0.00022499985061585903,0.0008689998649060726,0.0002470000181347132,294,57,19,383.0,56.0
Falsify,FalsifyCBC,default,MultiPreserve,subst_abs_no_incr,1,Failed,46,0,37,4,0,2.1999934688210487e-05,0.00023699994198977947,0.0005830000154674053,0.00025899987667798996,324,57,19,426.0,56.0
Falsify,FalsifyCBC,default,MultiPreserve,subst_abs_no_incr,2,Failed,103,0,93,7,0,1.300009898841381e-05,0.00016199983656406403,0.0016679998952895405,0.00017499993555247784,120,51,19,147.0,46.0
Falsify,FalsifyCBC,default,MultiPreserve,subst_abs_no_incr,3,Failed,54,0,46,5,0,1.900014467537403e-05,0.00020999996922910213,0.0009949998930096626,0.00022900011390447617,276,57,19,360.0,56.0
Falsify,FalsifyCBC,default,MultiPreserve,subst_abs_no_incr,4,Failed,283,0,269,13,0,9.00006853044033e-06,0.00011299992911517619,0.003071999875828624,0.00012199999764561652,164,39,19,201.0,32.0
Falsify,FalsifyCBC,default,MultiPreserve,subst_abs_no_incr,5,Failed,53,0,45,5,0,1.6999896615743637e-05,0.00021200021728873253,0.0005609998479485512,0.00022900011390447617,180,57,19,226.0,56.0
Falsify,FalsifyCBC,default,MultiPreserve,subst_abs_no_incr,6,Failed,59,0,46,5,0,2.399948425590992e-05,0.00028700055554509163,0.0010910001583397388,0.00031100003980100155,340,57,19,449.0,56.0
Falsify,FalsifyCBC,default,MultiPreserve,subst_abs_no_incr,7,Failed,262,0,246,13,0,1.500011421740055e-05,0.00018399977125227449,0.0033180001191794872,0.00019899988546967504,262,39,19,338.0,32.0
Falsify,FalsifyCBC,default,MultiPreserve,subst_abs_no_incr,8,Failed,339,0,321,17,0,1.300009898841381e-05,0.00011899997480213642,0.0035589998587965965,0.00013200007379055023,262,39,19,338.0,32.0
Falsify,FalsifyCBC,default,MultiPreserve,subst_abs_no_incr,9,Failed,114,0,105,8,0,9.00006853044033e-06,0.00010000006295740603,0.0013309998903423548,0.00010900013148784636,151,51,19,185.0,46.0
Falsify,FalsifyCBC,default,SinglePreserve,subst_tabs_no_shift,0,Failed,2638,0,1610,33,0,0.003580998396500945,0.05556600168347359,0.0405689999461174,0.05914700007997453,85,94,26,85.0,94.0
Falsify,FalsifyCBC,default,SinglePreserve,subst_tabs_no_shift,1,Failed,1342,0,934,25,0,0.0012979989405721426,0.01428700122050941,0.01648900005966425,0.015585000161081553,65,83,26,57.0,80.0
Falsify,FalsifyCBC,default,SinglePreserve,subst_tabs_no_shift,2,Failed,1532,0,1473,29,0,8.499994874000549e-05,0.0015559999737888575,0.024501000065356493,0.001640999922528863,61,50,26,51.0,34.0
Falsify,FalsifyCBC,default,SinglePreserve,subst_tabs_no_shift,3,Failed,1398,0,1344,31,0,5.099945701658726e-05,0.0006490005180239677,0.024435000028461214,0.000699999975040555,151,68,26,178.0,59.0
Falsify,FalsifyCBC,default,SinglePreserve,subst_tabs_no_shift,4,Failed,1128,0,1041,25,0,0.00015400024130940437,0.0026249997317790985,0.02226100000552833,0.002778999973088503,165,83,26,198.0,80.0
Falsify,FalsifyCBC,default,SinglePreserve,subst_tabs_no_shift,5,Failed,4019,0,3267,62,0,0.002708003157749772,0.03162799682468176,0.16048799990676343,0.03433599998243153,54,94,26,40.0,94.0
Falsify,FalsifyCBC,default,SinglePreserve,subst_tabs_no_shift,6,Failed,2248,0,1960,41,0,0.0008699973113834858,0.009912002831697464,0.0554619999602437,0.01078200014308095,103,92,26,109.0,91.0
Falsify,FalsifyCBC,default,SinglePreserve,subst_tabs_no_shift,7,Failed,1848,0,1700,32,0,0.00030000018887221813,0.004456999711692333,0.03738100011833012,0.004756999900564551,131,96,26,148.0,97.0
Falsify,FalsifyCBC,default,SinglePreserve,subst_tabs_no_shift,8,Failed,1534,0,852,23,0,0.001576998271048069,0.024822001811116934,0.017053999938070774,0.026399000082165003,83,31,26,81.0,8.0
Falsify,FalsifyCBC,default,SinglePreserve,subst_tabs_no_shift,9,Failed,2341,0,2266,37,0,0.00014500017277896404,0.0014719997998327015,0.03878999990411103,0.0016169999726116655,80,64,26,80.0,57.0
Falsify,FalsifyCBC,default,MultiPreserve,subst_tabs_no_shift,0,Failed,1741,0,1645,32,0,0.0004279993008822202,0.002456000773236156,0.04594699991866946,0.002884000074118376,187,78,26,224.0,73.0
Falsify,FalsifyCBC,default,MultiPreserve,subst_tabs_no_shift,1,Failed,3079,0,2640,44,0,0.0012149992398917675,0.013807000825181605,0.08833099994808435,0.015022000065073373,105,94,26,113.0,94.0
Falsify,FalsifyCBC,default,MultiPreserve,subst_tabs_no_shift,2,Failed,1311,0,851,21,0,0.0009310012683272362,0.016588998725637794,0.043015999952331185,0.01751999999396503,68,56,26,61.0,43.0
Falsify,FalsifyCBC,default,MultiPreserve,subst_tabs_no_shift,3,Failed,1147,0,1011,21,0,0.00025600125081837177,0.0046249988954514265,0.01588399987667799,0.004881000146269798,91,83,26,93.0,80.0
Falsify,FalsifyCBC,default,MultiPreserve,subst_tabs_no_shift,4,Failed,2184,0,1754,37,0,0.0008789992425590754,0.01505600055679679,0.05216900003142655,0.015934999799355865,90,38,26,93.0,19.0
Falsify,FalsifyCBC,default,MultiPreserve,subst_tabs_no_shift,5,Failed,2156,0,1748,37,0,0.0008199987933039665,0.013825001195073128,0.03863599989563227,0.014644999988377094,134,96,26,153.0,97.0
Falsify,FalsifyCBC,default,MultiPreserve,subst_tabs_no_shift,6,Failed,2190,0,2099,38,0,0.00012400024570524693,0.002219999907538295,0.047215000027790666,0.0023440001532435417,166,88,26,196.0,87.0
Falsify,FalsifyCBC,default,MultiPreserve,subst_tabs_no_shift,7,Failed,1479,0,1123,25,0,0.0007340002339333296,0.01277799974195659,0.016795000061392784,0.01351199997588992,95,83,26,99.0,79.0
Falsify,FalsifyCBC,default,MultiPreserve,subst_tabs_no_shift,8,Failed,2996,0,2494,43,0,0.0014130000490695238,0.01650199992582202,0.06259600003249943,0.017914999974891543,60,91,26,52.0,90.0
Falsify,FalsifyCBC,default,MultiPreserve,subst_tabs_no_shift,9,Failed,1972,0,1515,38,0,0.0008889995515346527,0.015884000342339277,0.02680400013923645,0.01677299989387393,138,62,26,159.0,50.0
Falsify,FalsifyCBC,default,SinglePreserve,subst_typ_tabs_no_incr,0,Failed,233,0,220,12,0,5.4999953135848045e-05,0.0009220000356435776,0.007381999865174293,0.0009769999887794256,207,39,16,266.0,34.0
Falsify,FalsifyCBC,default,SinglePreserve,subst_typ_tabs_no_incr,1,Failed,301,0,284,15,0,1.2999866157770155e-05,0.0001850002445280552,0.0034910000395029783,0.00019800011068582535,69,39,16,74.0,34.0
Falsify,FalsifyCBC,default,SinglePreserve,subst_typ_tabs_no_incr,2,Failed,1278,0,1242,29,0,9.999843314290048e-06,0.0002810000441968441,0.03234299994073808,0.00029099988751113415,268,133,16,350.0,161.0
Falsify,FalsifyCBC,default,SinglePreserve,subst_typ_tabs_no_incr,3,Failed,590,0,563,18,0,2.00001522898674e-05,0.00034799985587596893,0.013990999897941949,0.00036800000816583633,272,167,16,356.0,208.0
Falsify,FalsifyCBC,default,SinglePreserve,subst_typ_tabs_no_incr,4,Failed,1244,0,1214,28,0,8.00006091594696e-06,0.0001300000585615635,0.03121899999678135,0.00013800011947751045,16,121,16,0.0,145.0
Falsify,FalsifyCBC,default,SinglePreserve,subst_typ_tabs_no_incr,5,Failed,164,0,153,10,0,7.00005330145359e-06,0.00010000006295740604,0.0018499998841434715,0.00010700011625885963,72,45,16,79.0,40.0
Falsify,FalsifyCBC,default,SinglePreserve,subst_typ_tabs_no_incr,6,Failed,205,0,193,11,0,1.100008375942707e-05,0.00011199992150068283,0.002263000002130866,0.0001230000052601099,282,39,16,369.0,34.0
Falsify,FalsifyCBC,default,SinglePreserve,subst_typ_tabs_no_incr,7,Failed,289,0,273,14,0,1.5999889001250267e-05,0.00014900020323693752,0.0029899999499320984,0.0001650000922381878,233,39,16,304.0,34.0
Falsify,FalsifyCBC,default,SinglePreserve,subst_typ_tabs_no_incr,8,Failed,251,0,236,14,0,8.00006091594696e-06,9.300000965595244e-05,0.003772999858483672,0.0001010000705718994,278,83,16,364.0,92.0
Falsify,FalsifyCBC,default,SinglePreserve,subst_typ_tabs_no_incr,9,Failed,245,0,233,11,0,7.999828085303307e-06,0.00010300008580088615,0.0033279999624937773,0.00011099991388618946,158,39,16,197.0,34.0
Falsify,FalsifyCBC,default,MultiPreserve,subst_typ_tabs_no_incr,0,Failed,327,0,310,16,0,6.00004568696022e-06,0.00011300016194581985,0.00343099981546402,0.00011900020763278008,205,39,16,262.0,34.0
Falsify,FalsifyCBC,default,MultiPreserve,subst_typ_tabs_no_incr,1,Failed,342,0,324,17,0,7.00005330145359e-06,0.00019199983216822145,0.003662999952211976,0.00019899988546967504,291,39,16,383.0,34.0
Falsify,FalsifyCBC,default,MultiPreserve,subst_typ_tabs_no_incr,2,Failed,671,0,646,23,0,1.0999850928783417e-05,0.00015900027938187122,0.009360000025480986,0.00017000013031065464,18,60,16,4.0,63.0
Falsify,FalsifyCBC,default,MultiPreserve,subst_typ_tabs_no_incr,3,Failed,636,0,614,21,0,1.4999881386756895e-05,0.00035900017246603966,0.017559000058099627,0.00037400005385279655,277,141,16,362.0,172.0
Falsify,FalsifyCBC,default,MultiPreserve,subst_typ_tabs_no_incr,4,Failed,559,0,538,19,0,1.200009137392044e-05,0.0002389999572187662,0.013542999979108572,0.00025100004859268665,332,101,16,439.0,117.0
Falsify,FalsifyCBC,default,MultiPreserve,subst_typ_tabs_no_incr,5,Failed,506,0,489,15,0,1.1999858543276788e-05,0.00015199999324977398,0.007432000013068318,0.00016399985179305077,152,60,16,189.0,63.0
Falsify,FalsifyCBC,default,MultiPreserve,subst_typ_tabs_no_incr,6,Failed,57,0,50,5,0,1.00000761449337e-05,0.0001099999062716961,0.0016350001096725464,0.0001199999824166298,71,57,16,78.0,56.0
Falsify,FalsifyCBC,default,MultiPreserve,subst_typ_tabs_no_incr,7,Failed,35,0,31,3,0,7.00005330145359e-06,9.900005534291267e-05,0.0006169998086988926,0.00010600010864436626,174,57,16,220.0,56.0
Falsify,FalsifyCBC,default,MultiPreserve,subst_typ_tabs_no_incr,8,Failed,66,0,57,6,0,9.00006853044033e-06,0.00011099991388618947,0.001196000026538968,0.0001199999824166298,49,57,16,47.0,56.0
Falsify,FalsifyCBC,default,MultiPreserve,subst_typ_tabs_no_incr,9,Failed,936,0,905,29,0,9.00006853044033e-06,0.00017599994316697118,0.016457999823614955,0.0001850000116974115,217,86,16,280.0,97.0
Falsify,FalsifyCBC,default,SinglePreserve,subst_typ_tabs_no_shift,0,Failed,1819,0,1429,38,0,0.0016439987812191248,0.027978001395240426,0.043839999940246344,0.02962200017645955,134,62,21,161.0,58.0
Falsify,FalsifyCBC,default,SinglePreserve,subst_typ_tabs_no_shift,1,Failed,1132,0,929,24,0,0.0008099994156509638,0.006801000563427806,0.018434999976307154,0.00761099997907877,125,87,21,149.0,92.0
Falsify,FalsifyCBC,default,SinglePreserve,subst_typ_tabs_no_shift,2,Failed,2044,0,1994,34,0,5.499972030520439e-05,0.0006560003384947777,0.06512499996460974,0.0007110000587999821,152,152,21,183.0,183.0
Falsify,FalsifyCBC,default,SinglePreserve,subst_typ_tabs_no_shift,3,Failed,1916,0,1639,33,0,0.0006389978807419538,0.009590002242475748,0.05023399996571243,0.010229000123217702,126,85,21,149.0,90.0
Falsify,FalsifyCBC,default,SinglePreserve,subst_typ_tabs_no_shift,4,Failed,711,0,350,15,0,0.0008280007168650627,0.013072999194264414,0.006046999944373965,0.013900999911129476,46,41,21,36.0,30.0
Falsify,FalsifyCBC,default,SinglePreserve,subst_typ_tabs_no_shift,5,Failed,3924,0,3706,54,0,0.000447999918833375,0.00748799997381866,0.09956800006330012,0.007935999892652035,148,92,21,180.0,100.0
Falsify,FalsifyCBC,default,SinglePreserve,subst_typ_tabs_no_shift,6,Failed,2544,0,2415,43,0,0.0005630003288388252,0.003362999763339758,0.10148499999195336,0.003926000092178583,145,108,21,174.0,122.0
Falsify,FalsifyCBC,default,SinglePreserve,subst_typ_tabs_no_shift,7,Failed,1981,0,1838,39,0,0.0002489995677024126,0.0038940003141760826,0.06406000000424683,0.004142999881878495,121,103,21,140.0,114.0
Falsify,FalsifyCBC,default,SinglePreserve,subst_typ_tabs_no_shift,8,Failed,807,0,728,35,0,0.0001430006232112646,0.002304999390617013,0.03033900004811585,0.0024480000138282776,259,87,21,333.0,95.0
Falsify,FalsifyCBC,default,SinglePreserve,subst_typ_tabs_no_shift,9,Failed,2501,0,1802,36,0,0.002073998097330332,0.023192001972347498,0.04109499999321997,0.02526600006967783,67,70,21,65.0,69.0
Falsify,FalsifyCBC,default,MultiPreserve,subst_typ_tabs_no_shift,0,Failed,1175,0,1010,31,0,0.0003009997308254242,0.005248000379651785,0.0263610000256449,0.005549000110477209,72,63,21,72.0,59.0
Falsify,FalsifyCBC,default,MultiPreserve,subst_typ_tabs_no_shift,1,Failed,1229,0,712,23,0,0.001987000461667776,0.01810699957422912,0.021023999899625775,0.020094000035896897,145,73,21,174.0,76.0
Falsify,FalsifyCBC,default,MultiPreserve,subst_typ_tabs_no_shift,2,Failed,1596,0,1091,35,0,0.001227999571710825,0.017040000529959798,0.0886109999846667,0.018268000101670623,111,31,21,129.0,15.0
Falsify,FalsifyCBC,default,MultiPreserve,subst_typ_tabs_no_shift,3,Failed,1100,0,962,28,0,0.00021799979731440544,0.004240000154823065,0.024913999950513244,0.00445799995213747,40,63,21,29.0,58.0
Falsify,FalsifyCBC,default,MultiPreserve,subst_typ_tabs_no_shift,4,Failed,2075,0,1816,43,0,0.0004829992540180683,0.008411000948399305,0.06518799997866154,0.008894000202417374,51,101,21,43.0,112.0
Falsify,FalsifyCBC,default,MultiPreserve,subst_typ_tabs_no_shift,5,Failed,1096,0,1040,28,0,6.699981167912483e-05,0.001299000345170498,0.038595999823883176,0.0013660001568496227,110,63,21,124.0,59.0
Falsify,FalsifyCBC,default,MultiPreserve,subst_typ_tabs_no_shift,6,Failed,1504,0,1436,34,0,7.700012065470219e-05,0.0013309998903423548,0.040421999990940094,0.001408000010997057,73,77,21,75.0,78.0
Falsify,FalsifyCBC,default,MultiPreserve,subst_typ_tabs_no_shift,7,Failed,1004,0,728,24,0,0.0007099988870322704,0.009243000997230409,0.016966999974101782,0.00995299988426268,103,31,21,116.0,15.0
Falsify,FalsifyCBC,default,MultiPreserve,subst_typ_tabs_no_shift,8,Failed,908,0,669,23,0,0.000505001051351428,0.008854998974129558,0.015881999861449003,0.009360000025480986,96,33,21,106.0,18.0
Falsify,FalsifyCBC,default,MultiPreserve,subst_typ_tabs_no_shift,9,Failed,1865,0,1429,32,0,0.0008130013011395931,0.014304998563602567,0.04887300007976592,0.01511799986474216,124,74,21,145.0,74.0
