framework,strategy,mode,property,mutation,trial,status,tests,discards,shrinking_passed,shrinking_failed,shrinking_discarded,exec_time_pre,gen_time,time_shrinking,time_pre_failure,pre_size,cex_size,gt_size,pre_ted_to_gt,ted_to_gt
Quick,Quick,none,SinglePreserve,shift_var_none,0,Failed,2548445,5029614,0,0,0,2.8564360453747213,4.153038954595104,0.0005540000274777412,7.009474999969825,56,56,16,41.0,41.0
Quick,Quick,none,SinglePreserve,shift_var_none,1,Failed,315808,620694,0,0,0,0.3477339930832386,0.5078060068190098,0.0005270000547170639,0.8555399999022484,44,44,16,29.0,29.0
Quick,Quick,none,SinglePreserve,shift_var_none,2,Failed,531336,1045827,0,0,0,0.5877219829708338,0.8569980170577765,0.0004960000514984131,1.4447200000286102,56,56,16,41.0,41.0
Quick,Quick,none,SinglePreserve,shift_var_none,3,Failed,46883,91797,0,0,0,0.05187098984606564,0.07474201009608805,0.0007140000816434622,0.1266129999421537,48,48,16,33.0,33.0
Quick,Quick,none,SinglePreserve,shift_var_none,4,Failed,12808,25342,0,0,0,0.01541299861855805,0.021182001335546374,0.0003199998755007982,0.036594999954104424,52,52,16,37.0,37.0
Quick,Quick,none,SinglePreserve,shift_var_none,5,Failed,42809,84721,0,0,0,0.04858300369232893,0.06766599626280367,0.0004539999645203352,0.1162489999551326,48,48,16,33.0,33.0
Quick,Quick,none,SinglePreserve,shift_var_none,6,Failed,147879,292101,0,0,0,0.16172202164307237,0.23637497820891445,0.0005100001581013203,0.3980969998519868,36,36,16,20.0,20.0
Quick,Quick,none,SinglePreserve,shift_var_none,7,Failed,6525,12851,0,0,0,0.007524996297433972,0.010963003616780043,0.00032899994403123856,0.018487999914214015,48,48,16,33.0,33.0
Quick,Quick,none,SinglePreserve,shift_var_none,8,Failed,648318,1276458,0,0,0,0.7017320182640105,1.0228539817035198,0.0005459999665617943,1.7245859999675304,36,36,16,21.0,21.0
Quick,Quick,none,SinglePreserve,shift_var_none,9,Failed,228692,452921,0,0,0,0.25161200971342623,0.36070499033667147,0.0005270000547170639,0.6123170000500977,40,40,16,24.0,24.0
Quick,Quick,none,MultiPreserve,shift_var_none,0,Failed,358016,706249,0,0,0,0.4594100066460669,0.6368879934307188,0.0004070000723004341,1.0962980000767857,36,36,16,21.0,21.0
Quick,Quick,none,MultiPreserve,shift_var_none,1,Failed,66915,131624,0,0,0,0.0795359993353486,0.10899900062941015,0.0004879999905824661,0.18853499996475875,44,44,16,29.0,29.0
Quick,Quick,none,MultiPreserve,shift_var_none,2,Failed,305037,601517,0,0,0,0.366148000350222,0.4942589995916933,0.0003029999788850546,0.8604069999419153,44,44,16,30.0,30.0
Quick,Quick,none,MultiPreserve,shift_var_none,3,Failed,33115,65073,0,0,0,0.057185999350622296,0.0917300006840378,0.00031500007025897503,0.1489160000346601,56,56,16,40.0,40.0
Quick,Quick,none,MultiPreserve,shift_var_none,4,Failed,805440,1590954,0,0,0,1.025854995008558,1.4650180048774928,0.0005200000014156103,2.490872999886051,48,48,16,33.0,33.0
Quick,Quick,none,MultiPreserve,shift_var_none,5,Failed,59438,116984,0,0,0,0.08261999674141407,0.11558000324293968,0.0004869999829679728,0.19819999998435375,40,40,16,26.0,26.0
Quick,Quick,none,MultiPreserve,shift_var_none,6,Failed,964974,1906860,0,0,0,1.1385409871581942,1.5285410128999501,0.000591999851167202,2.6670820000581443,40,40,16,25.0,25.0
Quick,Quick,none,MultiPreserve,shift_var_none,7,Failed,230676,455325,0,0,0,0.2729300200007856,0.3697869800962508,0.0005139999557286501,0.6427170000970364,20,20,16,6.0,6.0
Quick,Quick,none,MultiPreserve,shift_var_none,8,Failed,637471,1255990,0,0,0,0.7728629691991955,1.0404370308388025,0.0003839998971670866,1.813300000037998,48,48,16,33.0,33.0
Quick,Quick,none,MultiPreserve,shift_var_none,9,Failed,240604,475655,0,0,0,0.3111219755373895,0.41058502439409494,0.00032500014640390873,0.7217069999314845,48,48,16,32.0,32.0
Quick,Quick,none,SinglePreserve,shift_var_all,0,Failed,281019,555308,0,0,0,0.31617101770825684,0.45723598217591643,0.0005840000230818987,0.7734069998841733,20,20,16,4.0,4.0
Quick,Quick,none,SinglePreserve,shift_var_all,1,Failed,294034,580686,0,0,0,0.3232079865410924,0.4690250135026872,0.0005499999970197678,0.7922330000437796,24,24,16,10.0,10.0
Quick,Quick,none,SinglePreserve,shift_var_all,2,Failed,1413518,2786116,0,0,0,1.5702889300882816,2.2694710697978735,0.0005409999284893274,3.839759999886155,25,25,16,9.0,9.0
Quick,Quick,none,SinglePreserve,shift_var_all,3,Failed,41091,80549,0,0,0,0.04637800413183868,0.06611699587665498,0.000528999837115407,0.11249500000849366,32,32,16,17.0,17.0
Quick,Quick,none,SinglePreserve,shift_var_all,4,Failed,774180,1526678,0,0,0,0.8429420113097876,1.2195049885194749,0.0005340001080185175,2.0624469998292625,20,20,16,5.0,5.0
Quick,Quick,none,SinglePreserve,shift_var_all,5,Failed,410907,809131,0,0,0,0.47482899064198136,0.6728760092519221,0.0005620000883936882,1.1477049998939035,24,24,16,10.0,10.0
Quick,Quick,none,SinglePreserve,shift_var_all,6,Failed,590374,1162561,0,0,0,0.6849130054470152,0.952387994620949,0.0005299998447299004,1.6373010000679642,20,20,16,5.0,5.0
Quick,Quick,none,SinglePreserve,shift_var_all,7,Failed,21799,42671,0,0,0,0.026436001993715763,0.039355997927486897,0.00029200012795627117,0.06579199992120266,20,20,16,5.0,5.0
Quick,Quick,none,SinglePreserve,shift_var_all,8,Failed,367614,724925,0,0,0,0.4079500022344291,0.5902659979183227,0.00046099978499114513,0.9982160001527518,20,20,16,4.0,4.0
Quick,Quick,none,SinglePreserve,shift_var_all,9,Failed,751618,1481836,0,0,0,0.8182930569164455,1.1851979431230575,0.0003099997993558645,2.003491000039503,20,20,16,4.0,4.0
Quick,Quick,none,MultiPreserve,shift_var_all,0,Failed,189391,373199,0,0,0,0.22621400677599013,0.3040639932733029,0.0003279999364167452,0.530278000049293,25,25,16,10.0,10.0
Quick,Quick,none,MultiPreserve,shift_var_all,1,Failed,970442,1913592,0,0,0,1.1453610381577164,1.533365961862728,0.0005510000046342611,2.6787270000204444,20,20,16,4.0,4.0
Quick,Quick,none,MultiPreserve,shift_var_all,2,Failed,1847337,3647990,0,0,0,2.1991890042554587,2.9543029956985265,0.000593000091612339,5.153491999953985,36,36,16,20.0,20.0
Quick,Quick,none,MultiPreserve,shift_var_all,3,Failed,1099400,2163931,0,0,0,1.2935710025485605,1.7454149974510074,0.0005399999208748341,3.038985999999568,24,24,16,9.0,9.0
Quick,Quick,none,MultiPreserve,shift_var_all,4,Failed,156715,308450,0,0,0,0.18761399341747165,0.24996300670318305,0.0004610000178217888,0.4375770001206547,16,16,16,1.0,1.0
Quick,Quick,none,MultiPreserve,shift_var_all,5,Failed,391192,771819,0,0,0,0.460929005406797,0.6213119947351515,0.0005259998142719269,1.0822410001419485,24,24,16,9.0,9.0
Quick,Quick,none,MultiPreserve,shift_var_all,6,Failed,227326,450646,0,0,0,0.26919303135946393,0.36152096884325147,0.0005089999176561832,0.6307140002027154,44,44,16,28.0,28.0
Quick,Quick,none,MultiPreserve,shift_var_all,7,Failed,1647074,3246620,0,0,0,1.949578967411071,2.630826032720506,0.0005889998283237219,4.580405000131577,36,36,16,20.0,20.0
Quick,Quick,none,MultiPreserve,shift_var_all,8,Failed,662268,1305031,0,0,0,0.7816030262038112,1.0519209739286453,0.0005349998828023672,1.8335240001324564,21,21,16,5.0,5.0
Quick,Quick,none,MultiPreserve,shift_var_all,9,Failed,909052,1792484,0,0,0,1.082906971918419,1.4581890280824155,0.0004879999905824661,2.5410960000008345,44,44,16,28.0,28.0
Quick,Quick,none,SinglePreserve,shift_var_leq,0,timed_out,,,,,,,0,,,0,0,24,,
Quick,Quick,none,MultiPreserve,shift_var_leq,0,timed_out,,,,,,,0,,,0,0,24,,
Quick,Quick,none,SinglePreserve,shift_abs_no_incr,0,Failed,175015,345669,0,0,0,0.19738398515619335,0.29019601503387094,0.0004999998491257429,0.4875800001900643,25,25,16,9.0,9.0
Quick,Quick,none,SinglePreserve,shift_abs_no_incr,1,Failed,330380,651590,0,0,0,0.36293299426324666,0.5212490058038384,0.00045299995690584183,0.884182000067085,20,20,16,5.0,5.0
Quick,Quick,none,SinglePreserve,shift_abs_no_incr,2,Failed,1545284,3045682,0,0,0,1.6927190322894603,2.455813967855647,0.000547999981790781,4.1485330001451075,36,36,16,20.0,20.0
Quick,Quick,none,SinglePreserve,shift_abs_no_incr,3,Failed,239514,472787,0,0,0,0.26069098827429116,0.37925001163966954,0.0005390001460909843,0.6399409999139607,20,20,16,5.0,5.0
Quick,Quick,none,SinglePreserve,shift_abs_no_incr,4,Failed,2284,4278,0,0,0,0.0025020018219947815,0.004324998008087277,0.00023400015197694304,0.006826999830082059,20,20,16,4.0,4.0
Quick,Quick,none,SinglePreserve,shift_abs_no_incr,5,Failed,1911842,3774033,0,0,0,2.089237896958366,3.0307281031273305,0.0006049999501556158,5.119966000085697,48,48,16,32.0,32.0
Quick,Quick,none,SinglePreserve,shift_abs_no_incr,6,Failed,1290585,2546151,0,0,0,1.4079930617008358,2.043423938099295,0.000556000042706728,3.4514169998001307,20,20,16,5.0,5.0
Quick,Quick,none,SinglePreserve,shift_abs_no_incr,7,Failed,36910,72936,0,0,0,0.0412019994109869,0.058890000684186816,0.0005019998643547297,0.10009200009517372,52,52,16,37.0,37.0
Quick,Quick,none,SinglePreserve,shift_abs_no_incr,8,Failed,1468121,2896465,0,0,0,1.604235015111044,2.3201219849288464,0.0005519997794181108,3.9243570000398904,44,44,16,29.0,29.0
Quick,Quick,none,SinglePreserve,shift_abs_no_incr,9,Failed,228659,449361,0,0,0,0.2501299995929003,0.3617680002935231,0.00045000016689300537,0.6118979998864233,20,20,16,5.0,5.0
Quick,Quick,none,MultiPreserve,shift_abs_no_incr,0,Failed,832882,1639714,0,0,0,0.9854550005402416,1.3221659993287176,0.0005480002146214247,2.307620999868959,29,29,16,14.0,14.0
Quick,Quick,none,MultiPreserve,shift_abs_no_incr,1,Failed,231388,456096,0,0,0,0.27400603191927075,0.3702729681972414,0.0005329998675733805,0.6442790001165122,21,21,16,5.0,5.0
Quick,Quick,none,MultiPreserve,shift_abs_no_incr,2,Failed,543946,1069950,0,0,0,0.6426750193350017,0.8587309806607664,0.000493000028654933,1.501405999995768,20,20,16,5.0,5.0
Quick,Quick,none,MultiPreserve,shift_abs_no_incr,3,Failed,505299,996636,0,0,0,0.6015969871077687,0.8093120127450673,0.0004610000178217888,1.410908999852836,16,16,16,0.0,0.0
Quick,Quick,none,MultiPreserve,shift_abs_no_incr,4,Failed,2297586,4526968,0,0,0,2.7123840211424977,3.6428849790245295,0.0005579998251050711,6.355269000167027,40,40,16,24.0,24.0
Quick,Quick,none,MultiPreserve,shift_abs_no_incr,5,Failed,1012143,1995932,0,0,0,1.1986960137728602,1.602096986258402,0.000538000138476491,2.800793000031262,24,24,16,8.0,8.0
Quick,Quick,none,MultiPreserve,shift_abs_no_incr,6,Failed,55500,108688,0,0,0,0.06593699404038489,0.08863500598818064,0.000530000077560544,0.15457200002856553,52,52,16,36.0,36.0
Quick,Quick,none,MultiPreserve,shift_abs_no_incr,7,Failed,1250693,2463193,0,0,0,1.477379993069917,1.982677006861195,0.0004869999829679728,3.460056999931112,20,20,16,4.0,4.0
Quick,Quick,none,MultiPreserve,shift_abs_no_incr,8,Failed,79949,157793,0,0,0,0.0952439969405532,0.12740100314840674,0.0005240000318735838,0.22264500008895993,20,20,16,4.0,4.0
Quick,Quick,none,MultiPreserve,shift_abs_no_incr,9,Failed,1857514,3665156,0,0,0,2.215854990761727,2.997866009362042,0.000530000077560544,5.213721000123769,20,20,16,5.0,5.0
Quick,Quick,none,SinglePreserve,subst_var_all,0,Failed,795538,1572169,0,0,0,0.8818980569485575,1.270426943199709,0.0005699999164789915,2.1523250001482666,44,44,20,30.0,30.0
Quick,Quick,none,SinglePreserve,subst_var_all,1,Failed,569721,1123382,0,0,0,0.6219010227359831,0.8950299771968278,0.0004950000438839197,1.5169309999328109,44,44,20,30.0,30.0
Quick,Quick,none,SinglePreserve,subst_var_all,2,Failed,1099714,2166687,0,0,0,1.205185002880171,1.7454999971669167,0.0005020000971853733,2.9506850000470877,44,44,20,31.0,31.0
Quick,Quick,none,SinglePreserve,subst_var_all,3,Failed,1052271,2073950,0,0,0,1.1609860346652567,1.6742039653472602,0.0005639998707920313,2.835190000012517,20,20,20,0.0,0.0
Quick,Quick,none,SinglePreserve,subst_var_all,4,Failed,377627,741786,0,0,0,0.4131430003326386,0.5985179997514933,0.0005240000318735838,1.011661000084132,40,40,20,27.0,27.0
Quick,Quick,none,SinglePreserve,subst_var_all,5,Failed,61654,120694,0,0,0,0.06647500186227262,0.09838099800981581,0.0005390001460909843,0.16485599987208843,40,40,20,27.0,27.0
Quick,Quick,none,SinglePreserve,subst_var_all,6,Failed,523168,1031952,0,0,0,0.5746710242237896,0.8343909757677463,0.000565999886021018,1.409061999991536,20,20,20,1.0,1.0
Quick,Quick,none,SinglePreserve,subst_var_all,7,Failed,396958,784573,0,0,0,0.4306980206165463,0.6273039793595672,0.0005379999056458473,1.0580019999761134,56,56,20,41.0,41.0
Quick,Quick,none,SinglePreserve,subst_var_all,8,Failed,155538,305666,0,0,0,0.16961502353660762,0.24542697635479271,0.000547999981790781,0.41504199989140034,32,32,20,19.0,19.0
Quick,Quick,none,SinglePreserve,subst_var_all,9,Failed,225307,442903,0,0,0,0.24717499478720129,0.354546005371958,0.0005299998447299004,0.6017210001591593,40,40,20,26.0,26.0
Quick,Quick,none,MultiPreserve,subst_var_all,0,Failed,77087,152454,0,0,0,0.09039699914865196,0.12372600077651441,0.0005430001765489578,0.21412299992516637,40,40,20,28.0,28.0
Quick,Quick,none,MultiPreserve,subst_var_all,1,Failed,160654,317902,0,0,0,0.19490999798290431,0.2569600020069629,0.000556000042706728,0.4518699999898672,48,48,20,36.0,36.0
Quick,Quick,none,MultiPreserve,subst_var_all,2,Failed,277570,548603,0,0,0,0.3253250112757087,0.44121698872186244,0.0005570000503212214,0.7665419999975711,36,36,20,24.0,24.0
Quick,Quick,none,MultiPreserve,subst_var_all,3,Failed,625974,1236953,0,0,0,0.73866395233199,0.9904650477692485,0.0005499999970197678,1.7291290001012385,52,52,20,38.0,38.0
Quick,Quick,none,MultiPreserve,subst_var_all,4,Failed,20055,39098,0,0,0,0.02412200765684247,0.031807992374524474,0.0005429999437183142,0.055930000031366944,44,44,20,30.0,30.0
Quick,Quick,none,MultiPreserve,subst_var_all,5,Failed,397166,782999,0,0,0,0.4727180013433099,0.6302329986356199,0.0003459998406469822,1.1029509999789298,48,48,20,36.0,36.0
Quick,Quick,none,MultiPreserve,subst_var_all,6,Failed,112831,220984,0,0,0,0.1320659965276718,0.17736500338651243,0.0005779999773949385,0.3094309999141842,40,40,20,25.0,25.0
Quick,Quick,none,MultiPreserve,subst_var_all,7,Failed,666738,1311135,0,0,0,0.7864230186678469,1.051267981296405,0.0005580000579357147,1.837690999964252,20,20,20,1.0,1.0
Quick,Quick,none,MultiPreserve,subst_var_all,8,Failed,65520,129695,0,0,0,0.07823798153549433,0.10413001850247383,0.0005139999557286501,0.18236800003796816,48,48,20,36.0,36.0
Quick,Quick,none,MultiPreserve,subst_var_all,9,Failed,1243892,2458581,0,0,0,1.4641620109323412,1.9627849890384823,0.000547999981790781,3.4269469999708235,52,52,20,39.0,39.0
Quick,Quick,none,SinglePreserve,subst_var_none,0,Failed,16462,32472,0,0,0,0.025692989584058523,0.040191010339185596,0.0005760001949965954,0.06588399992324412,12,12,12,1.0,1.0
Quick,Quick,none,SinglePreserve,subst_var_none,1,Failed,358613,706304,0,0,0,0.3920080221723765,0.563525977777317,0.0005169999785721302,0.9555339999496936,12,12,12,1.0,1.0
Quick,Quick,none,SinglePreserve,subst_var_none,2,Failed,956403,1886093,0,0,0,1.0960420051123947,1.6439809950534254,0.000547999981790781,2.74002300016582,12,12,12,1.0,1.0
Quick,Quick,none,SinglePreserve,subst_var_none,3,Failed,77512,153223,0,0,0,0.08450300642289221,0.12406899337656796,0.0005070001352578402,0.20857199979946017,48,48,12,36.0,36.0
Quick,Quick,none,SinglePreserve,subst_var_none,4,Failed,198416,391308,0,0,0,0.2163889836519957,0.3141980164218694,0.000536999898031354,0.5305870000738651,20,20,12,9.0,9.0
Quick,Quick,none,SinglePreserve,subst_var_none,5,Failed,159666,313677,0,0,0,0.17197200655937195,0.2526759933680296,0.0005310000851750374,0.42464799992740154,12,12,12,1.0,1.0
Quick,Quick,none,SinglePreserve,subst_var_none,6,Failed,420269,828824,0,0,0,0.45892202807590365,0.6632639719173312,0.0005319998599588871,1.1221859999932349,12,12,12,1.0,1.0
Quick,Quick,none,SinglePreserve,subst_var_none,7,Failed,216790,428250,0,0,0,0.23568498343229297,0.3440350166056305,0.00028200005181133747,0.5797200000379235,12,12,12,1.0,1.0
Quick,Quick,none,SinglePreserve,subst_var_none,8,Failed,125848,248078,0,0,0,0.13636799482628703,0.19984800508245826,0.0004259999841451645,0.3362159999087453,12,12,12,1.0,1.0
Quick,Quick,none,SinglePreserve,subst_var_none,9,Failed,221359,437258,0,0,0,0.24261798383668065,0.35337701626122,0.0005630000960081816,0.5959950000979006,32,32,12,20.0,20.0
Quick,Quick,none,MultiPreserve,subst_var_none,0,Failed,446727,883667,0,0,0,0.5317359690088779,0.713943030918017,0.00045599997974932194,1.245678999926895,12,12,12,1.0,1.0
Quick,Quick,none,MultiPreserve,subst_var_none,1,Failed,87067,171835,0,0,0,0.10422200872562826,0.13988599134609103,0.0005119999404996634,0.2441080000717193,20,20,12,10.0,10.0
Quick,Quick,none,MultiPreserve,subst_var_none,2,Failed,364875,719286,0,0,0,0.43331400281749666,0.5819949971046297,0.0005390001460909843,1.0153089999221263,44,44,12,33.0,33.0
Quick,Quick,none,MultiPreserve,subst_var_none,3,Failed,440143,869441,0,0,0,0.5186320412904024,0.7031279588118196,0.0005429999437183142,1.221760000102222,32,32,12,21.0,21.0
Quick,Quick,none,MultiPreserve,subst_var_none,4,Failed,476817,941102,0,0,0,0.5631559933535755,0.7582080066204071,0.0002620001323521137,1.3213639999739826,56,56,12,44.0,44.0
Quick,Quick,none,MultiPreserve,subst_var_none,5,Failed,403155,796414,0,0,0,0.4806649696547538,0.6513110303785652,0.0004339998122304678,1.131976000033319,12,12,12,0.0,0.0
Quick,Quick,none,MultiPreserve,subst_var_none,6,Failed,96509,191002,0,0,0,0.11545300856232645,0.1560139914508909,0.0004650000482797622,0.27146700001321733,20,20,12,10.0,10.0
Quick,Quick,none,MultiPreserve,subst_var_none,7,Failed,1079059,2125096,0,0,0,1.2766929580830038,1.7168490418698639,0.000528999837115407,2.9935419999528676,44,44,12,32.0,32.0
Quick,Quick,none,MultiPreserve,subst_var_none,8,Failed,567150,1121853,0,0,0,0.6740050106309354,0.9038129893597215,0.0004710000939667225,1.577817999990657,12,12,12,1.0,1.0
Quick,Quick,none,MultiPreserve,subst_var_none,9,Failed,431449,849806,0,0,0,0.5111429737880826,0.6861610261257738,0.000530000077560544,1.1973039999138564,12,12,12,0.0,0.0
Quick,Quick,none,SinglePreserve,subst_abs_no_shift,0,timed_out,,,,,,,0,,,0,0,24,,
Quick,Quick,none,MultiPreserve,subst_abs_no_shift,0,timed_out,,,,,,,0,,,0,0,24,,
Quick,Quick,none,SinglePreserve,subst_abs_no_incr,0,Failed,1895992,3738704,0,0,0,2.067098996369168,2.9871730036102235,0.0006240000948309898,5.054271999979392,20,20,20,0.0,0.0
Quick,Quick,none,SinglePreserve,subst_abs_no_incr,1,Failed,2313171,4562327,0,0,0,2.576940014725551,3.7735369852744043,0.00046699983067810535,6.350476999999955,24,24,20,6.0,6.0
Quick,Quick,none,SinglePreserve,subst_abs_no_incr,2,Failed,111223,219796,0,0,0,0.1211019861511886,0.17770401388406754,0.0005449999589473009,0.29880600003525615,20,20,20,1.0,1.0
Quick,Quick,none,SinglePreserve,subst_abs_no_incr,3,Failed,71090,140839,0,0,0,0.07685200381092727,0.11411399627104402,0.000617999816313386,0.1909660000819713,36,36,20,16.0,16.0
Quick,Quick,none,SinglePreserve,subst_abs_no_incr,4,Failed,1275894,2517583,0,0,0,1.3936529767233878,2.0107520231977105,0.000565999886021018,3.4044049999210984,24,24,20,6.0,6.0
Quick,Quick,none,SinglePreserve,subst_abs_no_incr,5,Failed,2565876,5062848,0,0,0,2.8298120128456503,4.098257987294346,0.0004859999753534794,6.928070000139996,20,20,20,2.0,2.0
Quick,Quick,none,SinglePreserve,subst_abs_no_incr,6,Failed,460405,907389,0,0,0,0.5000779628753662,0.7256920370273292,0.0004990000743418932,1.2257699999026954,25,25,20,6.0,6.0
Quick,Quick,none,SinglePreserve,subst_abs_no_incr,7,Failed,2304515,4543415,0,0,0,2.5209139573853463,3.6528120425064117,0.0005450001917779446,6.173725999891758,24,24,20,6.0,6.0
Quick,Quick,none,SinglePreserve,subst_abs_no_incr,8,Failed,900009,1775899,0,0,0,0.9799500252120196,1.4273569746874273,0.0005320000927895308,2.407306999899447,20,20,20,2.0,2.0
Quick,Quick,none,SinglePreserve,subst_abs_no_incr,9,Failed,1415137,2791198,0,0,0,1.5472299673128873,2.2329370328225195,0.0005669998936355114,3.780167000135407,20,20,20,2.0,2.0
Quick,Quick,none,MultiPreserve,subst_abs_no_incr,0,Failed,306635,603585,0,0,0,0.35898296628147364,0.4851380337495357,0.0005540000274777412,0.8441210000310093,24,24,20,5.0,5.0
Quick,Quick,none,MultiPreserve,subst_abs_no_incr,1,Failed,2411840,4755415,0,0,0,2.8341430292930454,3.7931559707503766,0.0005759999621659517,6.627299000043422,20,20,20,1.0,1.0
Quick,Quick,none,MultiPreserve,subst_abs_no_incr,2,Failed,4707390,9279601,0,0,0,5.545389952370897,7.413077047793195,0.0004369998350739479,12.958467000164092,20,20,20,2.0,2.0
Quick,Quick,none,MultiPreserve,subst_abs_no_incr,3,Failed,124478,244324,0,0,0,0.14821901288814843,0.1947309870738536,0.00028300005942583084,0.34294999996200204,20,20,20,0.0,0.0
Quick,Quick,none,MultiPreserve,subst_abs_no_incr,4,Failed,2953321,5825005,0,0,0,3.4694360163994133,4.651034983573481,0.0005749999545514584,8.120470999972895,20,20,20,2.0,2.0
Quick,Quick,none,MultiPreserve,subst_abs_no_incr,5,Failed,230304,456932,0,0,0,0.27212399523705244,0.365506004774943,0.0005550000350922346,0.6376300000119954,29,29,20,16.0,16.0
Quick,Quick,none,MultiPreserve,subst_abs_no_incr,6,Failed,491571,971540,0,0,0,0.6048730195034295,0.8390559805557132,0.00046900007873773575,1.4439290000591427,20,20,20,2.0,2.0
Quick,Quick,none,MultiPreserve,subst_abs_no_incr,7,Failed,2433953,4802920,0,0,0,2.8640409661456943,3.8448540340177715,0.0005729999393224716,6.708895000163466,20,20,20,2.0,2.0
Quick,Quick,none,MultiPreserve,subst_abs_no_incr,8,Failed,1526065,3011055,0,0,0,1.8054710342548788,2.4146059658378363,0.0005379999056458473,4.220077000092715,20,20,20,1.0,1.0
Quick,Quick,none,MultiPreserve,subst_abs_no_incr,9,Failed,35209,69104,0,0,0,0.04054799489676952,0.05698800506070257,0.0004450001288205385,0.09753599995747209,25,25,20,6.0,6.0
Quick,Quick,none,SinglePreserve,substTop_no_shift,0,Failed,375881,742575,0,0,0,0.4334549619816243,0.6377140379045159,0.00029399991035461426,1.0711689998861402,36,36,16,21.0,21.0
Quick,Quick,none,SinglePreserve,substTop_no_shift,1,Failed,810679,1597857,0,0,0,0.8809950025752187,1.2863019972573966,0.000530000077560544,2.1672969998326153,40,40,16,24.0,24.0
Quick,Quick,none,SinglePreserve,substTop_no_shift,2,Failed,3380,6729,0,0,0,0.004349000984802842,0.005697998916730286,0.0002850000746548176,0.010046999901533129,48,48,16,33.0,33.0
Quick,Quick,none,SinglePreserve,substTop_no_shift,3,Failed,377703,743465,0,0,0,0.4110230228397995,0.5949739771895111,0.0005080001428723335,1.0059970000293106,28,28,16,13.0,13.0
Quick,Quick,none,SinglePreserve,substTop_no_shift,4,Failed,1069707,2108140,0,0,0,1.163600005209446,1.69040099484846,0.0005419999361038208,2.854001000057906,24,24,16,9.0,9.0
Quick,Quick,none,SinglePreserve,substTop_no_shift,5,Failed,157504,310833,0,0,0,0.1737859749700874,0.2503610251005739,0.0005329998675733805,0.4241470000706613,20,20,16,6.0,6.0
Quick,Quick,none,SinglePreserve,substTop_no_shift,6,Failed,338390,668043,0,0,0,0.367339025484398,0.5319459745660424,0.0004090000875294209,0.8992850000504404,44,44,16,29.0,29.0
Quick,Quick,none,SinglePreserve,substTop_no_shift,7,Failed,38205,75943,0,0,0,0.04236000659875572,0.06176999327726662,0.0004990000743418932,0.10412999987602234,40,40,16,24.0,24.0
Quick,Quick,none,SinglePreserve,substTop_no_shift,8,Failed,192691,381483,0,0,0,0.21064798976294696,0.3058260101824999,0.000502999871969223,0.5164739999454468,48,48,16,33.0,33.0
Quick,Quick,none,SinglePreserve,substTop_no_shift,9,Failed,483813,952364,0,0,0,0.5231549735181034,0.7606890264432877,0.000547999981790781,1.283843999961391,44,44,16,28.0,28.0
Quick,Quick,none,MultiPreserve,substTop_no_shift,0,Failed,326516,647364,0,0,0,0.3824040051549673,0.5189529948402195,0.00034200004301965237,0.9013569999951868,36,36,16,20.0,20.0
Quick,Quick,none,MultiPreserve,substTop_no_shift,1,Failed,2480929,4891637,0,0,0,2.9152489721309394,3.9424070278182626,0.000582000007852912,6.857655999949202,52,52,16,37.0,37.0
Quick,Quick,none,MultiPreserve,substTop_no_shift,2,Failed,98546,193540,0,0,0,0.1181480053346604,0.16089699463918805,0.00032199989072978497,0.27904499997384846,36,36,16,20.0,20.0
Quick,Quick,none,MultiPreserve,substTop_no_shift,3,Failed,278851,549253,0,0,0,0.32530297967605293,0.44350402033887804,0.0005340001080185175,0.768807000014931,44,44,16,29.0,29.0
Quick,Quick,none,MultiPreserve,substTop_no_shift,4,Failed,209906,413817,0,0,0,0.24737899098545313,0.330867009004578,0.000547999981790781,0.5782459999900311,20,20,16,6.0,6.0
Quick,Quick,none,MultiPreserve,substTop_no_shift,5,Failed,380034,749250,0,0,0,0.4483039793558419,0.6018320205621421,0.000530000077560544,1.050135999917984,25,25,16,10.0,10.0
Quick,Quick,none,MultiPreserve,substTop_no_shift,6,Failed,1126786,2221794,0,0,0,1.3234019726514816,1.7868120272178203,0.0005180002190172672,3.110213999869302,16,16,16,1.0,1.0
Quick,Quick,none,MultiPreserve,substTop_no_shift,7,Failed,165254,325350,0,0,0,0.1953460059594363,0.2633519941009581,0.0005550000350922346,0.4586980000603944,40,40,16,25.0,25.0
Quick,Quick,none,MultiPreserve,substTop_no_shift,8,Failed,1318385,2602761,0,0,0,1.5542790507897737,2.081861949292942,0.000493000028654933,3.636141000082716,25,25,16,9.0,9.0
Quick,Quick,none,MultiPreserve,substTop_no_shift,9,Failed,823200,1622292,0,0,0,0.9629190023988484,1.3048849976621573,0.0005580000579357147,2.267804000061006,48,48,16,32.0,32.0
Quick,Quick,none,SinglePreserve,substTop_no_shift_back,0,Failed,296441,586992,0,0,0,0.3311200018506497,0.48284599813632667,0.00031700008548796177,0.8139659999869764,44,44,16,31.0,31.0
Quick,Quick,none,SinglePreserve,substTop_no_shift_back,1,Failed,107711,213667,0,0,0,0.11834597936831416,0.1713190204463899,0.00041900016367435455,0.28966499981470406,32,32,16,19.0,19.0
Quick,Quick,none,SinglePreserve,substTop_no_shift_back,2,Failed,284884,561626,0,0,0,0.3116050197277218,0.44731998024508357,0.0005250000394880772,0.7589249999728054,44,44,16,31.0,31.0
Quick,Quick,none,SinglePreserve,substTop_no_shift_back,3,Failed,785348,1551503,0,0,0,0.8519989701453596,1.2359770298935473,0.0005250000394880772,2.087976000038907,48,48,16,35.0,35.0
Quick,Quick,none,SinglePreserve,substTop_no_shift_back,4,Failed,317809,627323,0,0,0,0.34905199706554413,0.5021630029659718,0.0005320000927895308,0.851215000031516,32,32,16,19.0,19.0
Quick,Quick,none,SinglePreserve,substTop_no_shift_back,5,Failed,448503,885860,0,0,0,0.4924789995420724,0.7078940004575998,0.0005640001036226749,1.2003729999996722,28,28,16,15.0,15.0
Quick,Quick,none,SinglePreserve,substTop_no_shift_back,6,Failed,539425,1062835,0,0,0,0.5869539505802095,0.8500670492649076,0.0005459999665617943,1.437020999845117,16,16,16,3.0,3.0
Quick,Quick,none,SinglePreserve,substTop_no_shift_back,7,Failed,1249946,2469987,0,0,0,1.3874630515929312,1.9960549483075738,0.0004950000438839197,3.383517999900505,28,28,16,15.0,15.0
Quick,Quick,none,SinglePreserve,substTop_no_shift_back,8,Failed,773450,1524693,0,0,0,0.8407939861062914,1.216578013729304,0.0005000000819563866,2.0573719998355955,44,44,16,31.0,31.0
Quick,Quick,none,SinglePreserve,substTop_no_shift_back,9,Failed,949253,1872612,0,0,0,1.0425750855356457,1.505156914470717,0.0004569999873638153,2.547732000006363,37,37,16,24.0,24.0
Quick,Quick,none,MultiPreserve,substTop_no_shift_back,0,Failed,74021,146379,0,0,0,0.08766599697992206,0.11753300298005342,0.0004900000058114529,0.20519899995997548,44,44,16,31.0,31.0
Quick,Quick,none,MultiPreserve,substTop_no_shift_back,1,Failed,1170566,2306864,0,0,0,1.3806399935856462,1.846884006401524,0.0004590000025928021,3.22752399998717,32,32,16,19.0,19.0
Quick,Quick,none,MultiPreserve,substTop_no_shift_back,2,Failed,275859,545014,0,0,0,0.3280259903986007,0.4412190094590187,0.0005330001004040241,0.7692449998576194,24,24,16,11.0,11.0
Quick,Quick,none,MultiPreserve,substTop_no_shift_back,3,Failed,824982,1627851,0,0,0,0.9733160447794944,1.3030749552417547,0.0005119999404996634,2.276391000021249,44,44,16,31.0,31.0
Quick,Quick,none,MultiPreserve,substTop_no_shift_back,4,Failed,353447,698045,0,0,0,0.414762991014868,0.5587730091065167,0.0005319998599588871,0.9735360001213847,48,48,16,35.0,35.0
Quick,Quick,none,MultiPreserve,substTop_no_shift_back,5,Failed,87613,172378,0,0,0,0.10307599604129793,0.1394890039227903,0.0005360001232475042,0.2425649999640882,24,24,16,11.0,11.0
Quick,Quick,none,MultiPreserve,substTop_no_shift_back,6,Failed,2004184,3948977,0,0,0,2.383441065438092,3.202934934524819,0.0004360000602900982,5.586375999962911,40,40,16,27.0,27.0
Quick,Quick,none,MultiPreserve,substTop_no_shift_back,7,Failed,385221,760137,0,0,0,0.4537450270727277,0.6073839729651809,0.00048399996012449265,1.0611290000379086,20,20,16,7.0,7.0
Quick,Quick,none,MultiPreserve,substTop_no_shift_back,8,Failed,16252,32122,0,0,0,0.02152899350039661,0.029654006473720074,0.0005240000318735838,0.05118299997411668,44,44,16,31.0,31.0
Quick,Quick,none,MultiPreserve,substTop_no_shift_back,9,Failed,153567,303978,0,0,0,0.1835699859075248,0.24644801393151286,0.0005110001657158136,0.43001799983903766,32,32,16,19.0,19.0
Quick,Correct,none,SinglePreserve,shift_var_none,0,Failed,294,0,0,0,0,0.0018360009416937828,0.0012519990559667349,0.001579999923706055,0.0030879999976605177,1183,1183,16,1168.0,1168.0
Quick,Correct,none,SinglePreserve,shift_var_none,1,Failed,83,0,0,0,0,0.00030099996365606785,0.00034200004301965237,0.0003339999821037054,0.0006430000066757202,163,163,16,147.0,147.0
Quick,Correct,none,SinglePreserve,shift_var_none,2,Failed,260,0,0,0,0,0.0006860001012682915,0.0004279997665435076,0.0007720000576227903,0.001113999867811799,64,64,16,49.0,49.0
Quick,Correct,none,SinglePreserve,shift_var_none,3,Failed,83,0,0,0,0,0.00027099973522126675,0.0005900003015995026,0.00023499992676079273,0.0008610000368207693,120,120,16,105.0,105.0
Quick,Correct,none,SinglePreserve,shift_var_none,4,Failed,237,0,0,0,0,0.0005419997032731771,0.00037300027906894684,0.0010309999343007803,0.000914999982342124,376,376,16,360.0,360.0
Quick,Correct,none,SinglePreserve,shift_var_none,5,Failed,147,0,0,0,0,0.0003609997220337391,0.0007960002403706312,0.00030099996365606785,0.0011569999624043703,352,352,16,337.0,337.0
Quick,Correct,none,SinglePreserve,shift_var_none,6,Failed,23,0,0,0,0,6.800005212426186e-05,0.00022699986584484577,0.000297000166028738,0.00029499991796910763,153,153,16,137.0,137.0
Quick,Correct,none,SinglePreserve,shift_var_none,7,Failed,18,0,0,0,0,3.800005652010441e-05,0.0002470000181347132,0.00025599985383450985,0.0002850000746548176,155,155,16,139.0,139.0
Quick,Correct,none,SinglePreserve,shift_var_none,8,Failed,231,0,0,0,0,0.0006979992613196373,0.0003820008132606745,0.0003309999592602253,0.0010800000745803118,71,71,16,57.0,57.0
Quick,Correct,none,SinglePreserve,shift_var_none,9,Failed,30,0,0,0,0,8.000037632882595e-05,0.00023299967870116234,0.0002429999876767397,0.0003130000550299883,139,139,16,124.0,124.0
Quick,Correct,none,MultiPreserve,shift_var_none,0,Failed,51,0,0,0,0,0.00011399993672966956,0.00025000027380883694,0.00024099997244775295,0.0003640002105385065,83,83,16,68.0,68.0
Quick,Correct,none,MultiPreserve,shift_var_none,1,Failed,216,0,0,0,0,0.0005029996391385794,0.0003410005010664463,0.00027299998328089714,0.0008440001402050257,142,142,16,128.0,128.0
Quick,Correct,none,MultiPreserve,shift_var_none,2,Failed,319,0,0,0,0,0.000690999673679471,0.0006400002166628838,0.00031800009310245514,0.0013309998903423548,223,223,16,207.0,207.0
Quick,Correct,none,MultiPreserve,shift_var_none,3,Failed,56,0,0,0,0,0.00013999990187585354,0.00025100004859268665,0.0002359999343752861,0.0003909999504685402,124,124,16,108.0,108.0
Quick,Correct,none,MultiPreserve,shift_var_none,4,Failed,97,0,0,0,0,0.00026699970476329327,0.00029200012795627117,0.00024099997244775295,0.0005589998327195644,20,20,16,5.0,5.0
Quick,Correct,none,MultiPreserve,shift_var_none,5,Failed,235,0,0,0,0,0.0005230004899203777,0.00031999964267015457,0.0002079999540001154,0.0008430001325905323,54,54,16,38.0,38.0
Quick,Correct,none,MultiPreserve,shift_var_none,6,Failed,354,0,0,0,0,0.0012770008761435747,0.00038799899630248547,0.0004420001059770584,0.0016649998724460602,351,351,16,335.0,335.0
Quick,Correct,none,MultiPreserve,shift_var_none,7,Failed,38,0,0,0,0,0.00011600018478929996,0.00025199982337653637,0.0002470000181347132,0.00036800000816583633,20,20,16,6.0,6.0
Quick,Correct,none,MultiPreserve,shift_var_none,8,Failed,293,0,0,0,0,0.0013959999196231363,0.0006260001100599768,0.00038599991239607334,0.002022000029683113,324,324,16,308.0,308.0
Quick,Correct,none,MultiPreserve,shift_var_none,9,Failed,40,0,0,0,0,9.900028817355631e-05,0.00027199974283576017,0.0002359999343752861,0.0003710000310093165,44,44,16,30.0,30.0
Quick,Correct,none,SinglePreserve,shift_var_all,0,Failed,81,0,0,0,0,0.00043199979700148106,0.0010110002476722002,0.0008239999879151583,0.0014430000446736813,158,158,16,143.0,143.0
Quick,Correct,none,SinglePreserve,shift_var_all,1,Failed,10,0,0,0,0,4.7999899834394455e-05,0.00030099996365606785,0.0003200001083314419,0.0003489998634904623,57,57,16,42.0,42.0
Quick,Correct,none,SinglePreserve,shift_var_all,2,Failed,70,0,0,0,0,0.00021199998445808887,0.0002999999560415745,0.0003299999516457319,0.0005119999404996634,211,211,16,195.0,195.0
Quick,Correct,none,SinglePreserve,shift_var_all,3,Failed,118,0,0,0,0,0.00028299959376454353,0.0002960003912448883,0.0002770000137388706,0.0005789999850094318,185,185,16,169.0,169.0
Quick,Correct,none,SinglePreserve,shift_var_all,4,Failed,19,0,0,0,0,4.800036549568176e-05,0.00023499969393014908,0.0002749999985098839,0.00028300005942583084,205,205,16,190.0,190.0
Quick,Correct,none,SinglePreserve,shift_var_all,5,Failed,46,0,0,0,0,0.00013700011186301708,0.00022799987345933914,0.0004070000723004341,0.0003649999853223562,661,661,16,645.0,645.0
Quick,Correct,none,SinglePreserve,shift_var_all,6,Failed,27,0,0,0,0,5.100038833916187e-05,0.00021999957971274853,0.00024199998006224632,0.0002709999680519104,64,64,16,48.0,48.0
Quick,Correct,none,SinglePreserve,shift_var_all,7,Failed,55,0,0,0,0,0.00011199968867003918,0.0002720002084970474,0.0002390001900494099,0.0003839998971670866,25,25,16,10.0,10.0
Quick,Correct,none,SinglePreserve,shift_var_all,8,Failed,173,0,0,0,0,0.0005430006422102451,0.0005129994824528692,0.0004469999112188816,0.0010560001246631143,291,291,16,276.0,276.0
Quick,Correct,none,SinglePreserve,shift_var_all,9,Failed,361,0,0,0,0,0.0007769998628646135,0.0006230000872164965,0.0003260001540184021,0.00139999995008111,327,327,16,311.0,311.0
Quick,Correct,none,MultiPreserve,shift_var_all,0,Failed,88,0,0,0,0,0.00017699995078146458,0.0002590001095086336,0.00026999996043741703,0.0004360000602900982,32,32,16,17.0,17.0
Quick,Correct,none,MultiPreserve,shift_var_all,1,Failed,182,0,0,0,0,0.00043900078162550926,0.0003129991237074137,0.0006989999674260616,0.0007519999053329229,473,473,16,457.0,457.0
Quick,Correct,none,MultiPreserve,shift_var_all,2,Failed,388,0,0,0,0,0.001018000766634941,0.0004759992007166147,0.00020899996161460876,0.0014939999673515558,16,16,16,0.0,0.0
Quick,Correct,none,MultiPreserve,shift_var_all,3,Failed,194,0,0,0,0,0.0004600004758685827,0.0003269994631409645,0.0005920000839978456,0.0007869999390095472,465,465,16,450.0,450.0
Quick,Correct,none,MultiPreserve,shift_var_all,4,Failed,74,0,0,0,0,0.00014899997040629387,0.00024800002574920654,0.000206999946385622,0.0003969999961555004,29,29,16,13.0,13.0
Quick,Correct,none,MultiPreserve,shift_var_all,5,Failed,183,0,0,0,0,0.0004200004041194916,0.000330999493598938,0.0002590001095086336,0.0007509998977184296,87,87,16,71.0,71.0
Quick,Correct,none,MultiPreserve,shift_var_all,6,Failed,155,0,0,0,0,0.0003149998374283314,0.0003190001007169485,0.0003060000017285347,0.0006339999381452799,257,257,16,241.0,241.0
Quick,Correct,none,MultiPreserve,shift_var_all,7,Failed,469,0,0,0,0,0.0012949989177286625,0.0005030012689530849,0.00033299997448921204,0.0017980001866817474,485,485,16,469.0,469.0
Quick,Correct,none,MultiPreserve,shift_var_all,8,Failed,189,0,0,0,0,0.0003649995196610689,0.00031100050546228886,0.0003800000995397568,0.0006760000251233578,511,511,16,495.0,495.0
Quick,Correct,none,MultiPreserve,shift_var_all,9,Failed,259,0,0,0,0,0.0005610000807791948,0.00036599976010620594,0.0005530000198632479,0.0009269998408854008,157,157,16,142.0,142.0
Quick,Correct,none,SinglePreserve,shift_var_leq,0,Failed,15890,0,0,0,0,0.054062999319285154,0.016571000684052706,0.000467000063508749,0.07063400000333786,419,419,24,395.0,395.0
Quick,Correct,none,SinglePreserve,shift_var_leq,1,Failed,162,0,0,0,0,0.00032699969597160816,0.0003220003563910723,0.0005159999709576368,0.0006490000523626804,440,440,24,417.0,417.0
Quick,Correct,none,SinglePreserve,shift_var_leq,2,Failed,2444,0,0,0,0,0.0065390001982450485,0.0017949999310076237,0.0003599999472498894,0.008334000129252672,111,111,24,88.0,88.0
Quick,Correct,none,SinglePreserve,shift_var_leq,3,Failed,77,0,0,0,0,0.00020700087770819664,0.0002479993272572756,0.0003489998634904623,0.0004550002049654722,427,427,24,403.0,403.0
Quick,Correct,none,SinglePreserve,shift_var_leq,4,Failed,741,0,0,0,0,0.0020689989905804396,0.0006310008466243744,0.00024099997244775295,0.002699999837204814,186,186,24,162.0,162.0
Quick,Correct,none,SinglePreserve,shift_var_leq,5,Failed,1951,0,0,0,0,0.005441000452265143,0.0013369994703680277,0.0003610001876950264,0.006777999922633171,413,413,24,389.0,389.0
Quick,Correct,none,SinglePreserve,shift_var_leq,6,Failed,12786,0,0,0,0,0.028443997958675027,0.008474001893773675,0.0002630001399666071,0.0369179998524487,38,38,24,14.0,14.0
Quick,Correct,none,SinglePreserve,shift_var_leq,7,Failed,9787,0,0,0,0,0.02181200124323368,0.006289998767897487,0.0005130001809448004,0.028102000011131167,739,739,24,716.0,716.0
Quick,Correct,none,SinglePreserve,shift_var_leq,8,Failed,764,0,0,0,0,0.002047999994829297,0.000645000021904707,0.0003339999821037054,0.002693000016734004,418,418,24,394.0,394.0
Quick,Correct,none,SinglePreserve,shift_var_leq,9,Failed,10382,0,0,0,0,0.022565997438505292,0.007151002762839198,0.00031899986788630486,0.02971700020134449,262,262,24,239.0,239.0
Quick,Correct,none,MultiPreserve,shift_var_leq,0,Failed,20259,0,0,0,0,0.04752100305631757,0.012843996984884143,0.00025200005620718,0.06036500004120171,42,42,24,19.0,19.0
Quick,Correct,none,MultiPreserve,shift_var_leq,1,Failed,1567,0,0,0,0,0.00390800042077899,0.0012329996097832918,0.0002180000301450491,0.005141000030562282,50,50,24,26.0,26.0
Quick,Correct,none,MultiPreserve,shift_var_leq,2,Failed,17644,0,0,0,0,0.03914699633605778,0.01165100373327732,0.0003299999516457319,0.0507980000693351,291,291,24,267.0,267.0
Quick,Correct,none,MultiPreserve,shift_var_leq,3,Failed,1637,0,0,0,0,0.004025998990982771,0.0011160008143633604,0.0004200001712888479,0.005141999805346131,306,306,24,282.0,282.0
Quick,Correct,none,MultiPreserve,shift_var_leq,4,Failed,18831,0,0,0,0,0.04279200313612819,0.012301997048780322,0.0002539998386055231,0.05509400018490851,41,41,24,17.0,17.0
Quick,Correct,none,MultiPreserve,shift_var_leq,5,Failed,7789,0,0,0,0,0.01771600218489766,0.005344997858628631,0.0002570000942796469,0.023061000043526292,36,36,24,12.0,12.0
Quick,Correct,none,MultiPreserve,shift_var_leq,6,Failed,8431,0,0,0,0,0.01874299650080502,0.0053850035183131695,0.00027900002896785736,0.02412800001911819,105,105,24,82.0,82.0
Quick,Correct,none,MultiPreserve,shift_var_leq,7,Failed,4890,0,0,0,0,0.011987000470981002,0.0034039993770420534,0.00026100012473762035,0.015390999848023055,110,110,24,87.0,87.0
Quick,Correct,none,MultiPreserve,shift_var_leq,8,Failed,364,0,0,0,0,0.0012359993997961285,0.00043500075116753557,0.0003779998514801264,0.001671000150963664,207,207,24,183.0,183.0
Quick,Correct,none,MultiPreserve,shift_var_leq,9,Failed,13286,0,0,0,0,0.0313620048109442,0.008348995121195912,0.0003120000474154949,0.03971099993214011,240,240,24,217.0,217.0
Quick,Correct,none,SinglePreserve,shift_abs_no_incr,0,Failed,64,0,0,0,0,0.0001860000193119049,0.0005199997685849667,0.0003820001147687435,0.0007059997878968716,127,127,16,111.0,111.0
Quick,Correct,none,SinglePreserve,shift_abs_no_incr,1,Failed,151,0,0,0,0,0.00041199964471161366,0.0003650002181529999,0.0003939999733120203,0.0007769998628646135,146,146,16,130.0,130.0
Quick,Correct,none,SinglePreserve,shift_abs_no_incr,2,Failed,111,0,0,0,0,0.0004379998426884413,0.0004080000799149275,0.00047399988397955894,0.0008459999226033688,81,81,16,66.0,66.0
Quick,Correct,none,SinglePreserve,shift_abs_no_incr,3,Failed,356,0,0,0,0,0.0009299998637288808,0.0008300002664327623,0.00029099988751113415,0.001760000130161643,45,45,16,29.0,29.0
Quick,Correct,none,SinglePreserve,shift_abs_no_incr,4,Failed,88,0,0,0,0,0.00020299991592764857,0.00030499999411404133,0.00021199998445808887,0.0005079999100416899,45,45,16,30.0,30.0
Quick,Correct,none,SinglePreserve,shift_abs_no_incr,5,Failed,91,0,0,0,0,0.0002180000301450491,0.00028099981136620045,0.00023600016720592976,0.0004989998415112495,50,50,16,36.0,36.0
Quick,Correct,none,SinglePreserve,shift_abs_no_incr,6,Failed,320,0,0,0,0,0.0008020000532269478,0.00040799984708428383,0.0002460000105202198,0.0012099999003112316,25,25,16,10.0,10.0
Quick,Correct,none,SinglePreserve,shift_abs_no_incr,7,Failed,158,0,0,0,0,0.000288000563159585,0.00033199950121343136,0.0004590000025928021,0.0006200000643730164,754,754,16,738.0,738.0
Quick,Correct,none,SinglePreserve,shift_abs_no_incr,8,Failed,196,0,0,0,0,0.000447999918833375,0.0003279999364167452,0.00032400013878941536,0.0007759998552501202,377,377,16,362.0,362.0
Quick,Correct,none,SinglePreserve,shift_abs_no_incr,9,Failed,16,0,0,0,0,4.2999861761927605e-05,0.00022000004537403584,0.0002429999876767397,0.00026299990713596344,55,55,16,40.0,40.0
Quick,Correct,none,MultiPreserve,shift_abs_no_incr,0,Failed,69,0,0,0,0,0.00014199991710484028,0.0002490000333636999,0.0002289998810738325,0.0003909999504685402,102,102,16,86.0,86.0
Quick,Correct,none,MultiPreserve,shift_abs_no_incr,1,Failed,170,0,0,0,0,0.00040999986231327057,0.00035200011916458607,0.000297000166028738,0.0007619999814778566,16,16,16,1.0,1.0
Quick,Correct,none,MultiPreserve,shift_abs_no_incr,2,Failed,387,0,0,0,0,0.001076000276952982,0.0004649998154491186,0.0002099999692291021,0.0015410000924021006,25,25,16,10.0,10.0
Quick,Correct,none,MultiPreserve,shift_abs_no_incr,3,Failed,45,0,0,0,0,8.199992589652538e-05,0.00023099989630281925,0.0002280001062899828,0.00031299982219934464,57,57,16,41.0,41.0
Quick,Correct,none,MultiPreserve,shift_abs_no_incr,4,Failed,215,0,0,0,0,0.0004199997056275606,0.0003400002606213093,0.00025999988429248333,0.0007599999662488699,157,157,16,141.0,141.0
Quick,Correct,none,MultiPreserve,shift_abs_no_incr,5,Failed,27,0,0,0,0,7.099984213709831e-05,0.00022100028581917286,0.00030099996365606785,0.00029200012795627117,338,338,16,322.0,322.0
Quick,Correct,none,MultiPreserve,shift_abs_no_incr,6,Failed,176,0,0,0,0,0.0003979997709393502,0.0003100002650171518,0.00030800001695752144,0.000708000035956502,370,370,16,355.0,355.0
Quick,Correct,none,MultiPreserve,shift_abs_no_incr,7,Failed,795,0,0,0,0,0.0023320005275309086,0.0013999994844198227,0.0002679999452084303,0.0037320000119507313,33,33,16,18.0,18.0
Quick,Correct,none,MultiPreserve,shift_abs_no_incr,8,Failed,110,0,0,0,0,0.0001880002673715353,0.0002569998614490032,0.0002139999996870756,0.0004450001288205385,59,59,16,43.0,43.0
Quick,Correct,none,MultiPreserve,shift_abs_no_incr,9,Failed,78,0,0,0,0,0.00021299999207258224,0.00032299989834427834,0.0003919999580830336,0.0005359998904168606,441,441,16,426.0,426.0
Quick,Correct,none,SinglePreserve,subst_var_all,0,Failed,22,0,0,0,0,0.00011399970389902592,0.0005560002755373716,0.0004569999873638153,0.0006699999794363976,195,195,20,177.0,177.0
Quick,Correct,none,SinglePreserve,subst_var_all,1,Failed,26,0,0,0,0,9.599979966878892e-05,0.0003360002301633358,0.000404000049456954,0.0004320000298321247,185,185,20,166.0,166.0
Quick,Correct,none,SinglePreserve,subst_var_all,2,Failed,51,0,0,0,0,0.00015899981372058392,0.0002660001628100872,0.0004140001256018877,0.0004249999765306711,461,461,20,442.0,442.0
Quick,Correct,none,SinglePreserve,subst_var_all,3,Failed,61,0,0,0,0,0.0001679996494203806,0.0003190003335475922,0.0002739999908953905,0.0004869999829679728,88,88,20,72.0,72.0
Quick,Correct,none,SinglePreserve,subst_var_all,4,Failed,86,0,0,0,0,0.000206999946385622,0.00025100004859268665,0.00024399999529123304,0.0004579999949783087,150,150,20,132.0,132.0
Quick,Correct,none,SinglePreserve,subst_var_all,5,Failed,93,0,0,0,0,0.00023899972438812256,0.00025900034233927727,0.00023699994198977947,0.0004980000667273998,104,104,20,87.0,87.0
Quick,Correct,none,SinglePreserve,subst_var_all,6,Failed,158,0,0,0,0,0.00029399944469332695,0.00028000050224363804,0.00031100003980100155,0.000573999946936965,240,240,20,220.0,220.0
Quick,Correct,none,SinglePreserve,subst_var_all,7,Failed,25,0,0,0,0,7.000030018389225e-05,0.00025299983099102974,0.0003980000037699938,0.000323000131174922,619,619,20,600.0,600.0
Quick,Correct,none,SinglePreserve,subst_var_all,8,Failed,17,0,0,0,0,4.2999861761927605e-05,0.00019800011068582535,0.00024099997244775295,0.00024099997244775295,184,184,20,165.0,165.0
Quick,Correct,none,SinglePreserve,subst_var_all,9,Failed,392,0,0,0,0,0.0010920001659542322,0.00048099993728101254,0.00020299991592764857,0.0015730001032352448,20,20,20,13.0,13.0
Quick,Correct,none,MultiPreserve,subst_var_all,0,Failed,311,0,0,0,0,0.0008519997354596853,0.00037000025622546673,0.00025999988429248333,0.001221999991685152,88,88,20,70.0,70.0
Quick,Correct,none,MultiPreserve,subst_var_all,1,Failed,215,0,0,0,0,0.0004689996130764485,0.00032700039446353907,0.00024800002574920654,0.0007960000075399876,184,184,20,165.0,165.0
Quick,Correct,none,MultiPreserve,subst_var_all,2,Failed,354,0,0,0,0,0.0009940005838871002,0.00043799937702715397,0.0002850000746548176,0.0014319999609142542,167,167,20,148.0,148.0
Quick,Correct,none,MultiPreserve,subst_var_all,3,Failed,110,0,0,0,0,0.00027199997566640377,0.00024199998006224632,0.0006870001088827848,0.0005139999557286501,40,40,20,27.0,27.0
Quick,Correct,none,MultiPreserve,subst_var_all,4,Failed,21,0,0,0,0,5.800020880997181e-05,0.00021799979731440544,0.000232999911531806,0.00027600000612437725,74,74,20,56.0,56.0
Quick,Correct,none,MultiPreserve,subst_var_all,5,Failed,21,0,0,0,0,4.800013266503811e-05,0.000250999815762043,0.0004950000438839197,0.0002989999484270811,64,64,20,45.0,45.0
Quick,Correct,none,MultiPreserve,subst_var_all,6,Failed,77,0,0,0,0,0.00017900019884109497,0.00025299983099102974,0.0004259999841451645,0.0004320000298321247,653,653,20,634.0,634.0
Quick,Correct,none,MultiPreserve,subst_var_all,7,Failed,328,0,0,0,0,0.0007629997562617064,0.0006030001677572727,0.0003529998939484358,0.001365999924018979,275,275,20,256.0,256.0
Quick,Correct,none,MultiPreserve,subst_var_all,8,Failed,61,0,0,0,0,0.0001639996189624071,0.0002450002357363701,0.0002300001215189695,0.0004089998546987772,118,118,20,102.0,102.0
Quick,Correct,none,MultiPreserve,subst_var_all,9,Failed,291,0,0,0,0,0.0013119999784976244,0.0003720000386238098,0.0005290000699460506,0.0016840000171214342,282,282,20,263.0,263.0
Quick,Correct,none,SinglePreserve,subst_var_none,0,Failed,14,0,0,0,0,0.00019199983216822147,0.0011080000549554825,0.0007939999923110008,0.001299999887123704,68,68,12,56.0,56.0
Quick,Correct,none,SinglePreserve,subst_var_none,1,Failed,7,0,0,0,0,3.200001083314419e-05,0.00030099996365606785,0.0002810000441968441,0.00033299997448921204,21,21,12,10.0,10.0
Quick,Correct,none,SinglePreserve,subst_var_none,2,Failed,5,0,0,0,0,2.600019797682762e-05,0.0003209998831152916,0.0002579998690634966,0.0003470000810921192,54,54,12,42.0,42.0
Quick,Correct,none,SinglePreserve,subst_var_none,3,Failed,38,0,0,0,0,9.099999442696571e-05,0.00022500008344650269,0.0002579998690634966,0.0003160000778734684,247,247,12,235.0,235.0
Quick,Correct,none,SinglePreserve,subst_var_none,4,Failed,13,0,0,0,0,4.000007174909115e-05,0.000232999911531806,0.00021199998445808887,0.00027299998328089714,12,12,12,0.0,0.0
Quick,Correct,none,SinglePreserve,subst_var_none,5,Failed,27,0,0,0,0,5.900021642446518e-05,0.0002389999572187662,0.000206999946385622,0.0002980001736432314,21,21,12,9.0,9.0
Quick,Correct,none,SinglePreserve,subst_var_none,6,Failed,3,0,0,0,0,1.8999911844730377e-05,0.00022900011390447617,0.0002859998494386673,0.00024800002574920654,29,29,12,18.0,18.0
Quick,Correct,none,SinglePreserve,subst_var_none,7,Failed,22,0,0,0,0,5.50001859664917e-05,0.00022599962539970875,0.0002139999996870756,0.00028099981136620045,24,24,12,14.0,14.0
Quick,Correct,none,SinglePreserve,subst_var_none,8,Failed,5,0,0,0,0,4.00003045797348e-05,0.0003219996578991413,0.00025899987667798996,0.0003619999624788761,37,37,12,25.0,25.0
Quick,Correct,none,SinglePreserve,subst_var_none,9,Failed,45,0,0,0,0,0.00010799989104270936,0.00023500015959143639,0.0003199998755007982,0.00034300005063414574,301,301,12,289.0,289.0
Quick,Correct,none,MultiPreserve,subst_var_none,0,Failed,19,0,0,0,0,4.0999846532940865e-05,0.0002310001291334629,0.00020400015637278557,0.00027199997566640377,12,12,12,1.0,1.0
Quick,Correct,none,MultiPreserve,subst_var_none,1,Failed,34,0,0,0,0,7.399986498057842e-05,0.00023400015197694302,0.00023799994960427284,0.00030800001695752144,48,48,12,36.0,36.0
Quick,Correct,none,MultiPreserve,subst_var_none,2,Failed,90,0,0,0,0,0.00020200014114379883,0.00028099981136620045,0.00021500000730156896,0.0004829999525099993,44,44,12,34.0,34.0
Quick,Correct,none,MultiPreserve,subst_var_none,3,Failed,2,0,0,0,0,1.6999896615743637e-05,0.00020899996161460876,0.00020200014114379883,0.0002259998582303524,21,21,12,10.0,10.0
Quick,Correct,none,MultiPreserve,subst_var_none,4,Failed,15,0,0,0,0,4.100007936358452e-05,0.000250999815762043,0.0002359999343752861,0.0002919998951256275,63,63,12,51.0,51.0
Quick,Correct,none,MultiPreserve,subst_var_none,5,Failed,15,0,0,0,0,3.800005652010441e-05,0.0002280001062899828,0.00025899987667798996,0.0002660001628100872,216,216,12,204.0,204.0
Quick,Correct,none,MultiPreserve,subst_var_none,6,Failed,55,0,0,0,0,0.00010899989865720272,0.0002730002161115408,0.0002159997820854187,0.0003820001147687435,12,12,12,0.0,0.0
Quick,Correct,none,MultiPreserve,subst_var_none,7,Failed,161,0,0,0,0,0.0003689995501190424,0.0003250003792345524,0.0003339999821037054,0.0006939999293535948,342,342,12,330.0,330.0
Quick,Correct,none,MultiPreserve,subst_var_none,8,Failed,17,0,0,0,0,4.5999884605407715e-05,0.0002280001062899828,0.00028300005942583084,0.0002739999908953905,263,263,12,251.0,251.0
Quick,Correct,none,MultiPreserve,subst_var_none,9,Failed,120,0,0,0,0,0.00029399991035461426,0.00032100011594593525,0.0002679999452084303,0.0006150000263005495,152,152,12,140.0,140.0
Quick,Correct,none,SinglePreserve,subst_abs_no_shift,0,Failed,3798,0,0,0,0,0.019312998047098517,0.005037001799792051,0.0005210000090301037,0.02434999984689057,24,24,24,0.0,0.0
Quick,Correct,none,SinglePreserve,subst_abs_no_shift,1,Failed,4350,0,0,0,0,0.01403899979777634,0.003745000110939147,0.0005000000819563866,0.017783999908715487,220,220,24,198.0,198.0
Quick,Correct,none,SinglePreserve,subst_abs_no_shift,2,Failed,488,0,0,0,0,0.001324000535532832,0.0005079994443804028,0.00028200005181133747,0.0018319999799132347,236,236,24,212.0,212.0
Quick,Correct,none,SinglePreserve,subst_abs_no_shift,3,Failed,18,0,0,0,0,5.000014789402485e-05,0.00020999973639845848,0.00026999996043741703,0.00025999988429248333,218,218,24,197.0,197.0
Quick,Correct,none,SinglePreserve,subst_abs_no_shift,4,Failed,1296,0,0,0,0,0.003477000165730715,0.0012349998578429222,0.00028499984182417393,0.004712000023573637,110,110,24,87.0,87.0
Quick,Correct,none,SinglePreserve,subst_abs_no_shift,5,Failed,8325,0,0,0,0,0.018654999556019906,0.005675000604242083,0.00029499991796910763,0.02433000016026199,188,188,24,164.0,164.0
Quick,Correct,none,SinglePreserve,subst_abs_no_shift,6,Failed,557,0,0,0,0,0.0015379993710666897,0.0007840006146579979,0.00023400015197694304,0.0023219999857246876,126,126,24,104.0,104.0
Quick,Correct,none,SinglePreserve,subst_abs_no_shift,7,Failed,9876,0,0,0,0,0.022464001551270485,0.00669599836692214,0.0004660000558942557,0.029159999918192625,580,580,24,556.0,556.0
Quick,Correct,none,SinglePreserve,subst_abs_no_shift,8,Failed,6755,0,0,0,0,0.014652998419478536,0.004760001553222537,0.0005090001504868269,0.019412999972701073,734,734,24,711.0,711.0
Quick,Correct,none,SinglePreserve,subst_abs_no_shift,9,Failed,7233,0,0,0,0,0.016821001190692186,0.004357998725026846,0.00029900018125772476,0.021178999915719032,192,192,24,168.0,168.0
Quick,Correct,none,MultiPreserve,subst_abs_no_shift,0,Failed,2482,0,0,0,0,0.006434000562876463,0.001793999457731843,0.00038499990478158,0.008228000020608306,436,436,24,414.0,414.0
Quick,Correct,none,MultiPreserve,subst_abs_no_shift,1,Failed,5770,0,0,0,0,0.013893000315874817,0.004114999668672679,0.0003510001115500927,0.018007999984547496,126,126,24,102.0,102.0
Quick,Correct,none,MultiPreserve,subst_abs_no_shift,2,Failed,2796,0,0,0,0,0.007184001384302974,0.002204998629167676,0.0004959998186677694,0.00938900001347065,39,39,24,23.0,23.0
Quick,Correct,none,MultiPreserve,subst_abs_no_shift,3,Failed,5395,0,0,0,0,0.01267699827440083,0.003701001638546586,0.00029799994081258774,0.016377999912947416,113,113,24,90.0,90.0
Quick,Correct,none,MultiPreserve,subst_abs_no_shift,4,Failed,15129,0,0,0,0,0.03422299516387284,0.009591004811227322,0.00025500007905066013,0.04381399997510016,24,24,24,0.0,0.0
Quick,Correct,none,MultiPreserve,subst_abs_no_shift,5,Failed,9575,0,0,0,0,0.02196899824775755,0.005941001698374752,0.00027600000612437725,0.027909999946132302,44,44,24,20.0,20.0
Quick,Correct,none,MultiPreserve,subst_abs_no_shift,6,Failed,15027,0,0,0,0,0.03509500343352556,0.009045996703207493,0.0002609998919069767,0.044141000136733055,72,72,24,48.0,48.0
Quick,Correct,none,MultiPreserve,subst_abs_no_shift,7,Failed,1998,0,0,0,0,0.004252998623996973,0.0018460012506693602,0.0002880000974982977,0.006098999874666333,333,333,24,310.0,310.0
Quick,Correct,none,MultiPreserve,subst_abs_no_shift,8,Failed,18054,0,0,0,0,0.04045099811628461,0.011342001846060157,0.0002539998386055231,0.051792999962344766,40,40,24,17.0,17.0
Quick,Correct,none,MultiPreserve,subst_abs_no_shift,9,Failed,3995,0,0,0,0,0.009891998721286654,0.003177001373842357,0.00035399990156292915,0.013069000095129011,53,53,24,30.0,30.0
Quick,Correct,none,SinglePreserve,subst_abs_no_incr,0,Failed,79,0,0,0,0,0.0006019999273121357,0.001149000134319067,0.0008620000444352627,0.0017510000616312027,201,201,20,181.0,181.0
Quick,Correct,none,SinglePreserve,subst_abs_no_incr,1,Failed,304,0,0,0,0,0.0015009997878223658,0.0005970001220703125,0.0003349999897181988,0.0020979999098926783,56,56,20,39.0,39.0
Quick,Correct,none,SinglePreserve,subst_abs_no_incr,2,Failed,32,0,0,0,0,0.0001150001771748066,0.00030299974605441093,0.00045599997974932194,0.00041799992322921753,552,552,20,533.0,533.0
Quick,Correct,none,SinglePreserve,subst_abs_no_incr,3,Failed,174,0,0,0,0,0.000467000063508749,0.0003209998831152916,0.0007589999586343765,0.0007879999466240406,864,864,20,845.0,845.0
Quick,Correct,none,SinglePreserve,subst_abs_no_incr,4,Failed,255,0,0,0,0,0.0005689994432032108,0.00034300051629543315,0.0005920000839978456,0.000911999959498644,376,376,20,357.0,357.0
Quick,Correct,none,SinglePreserve,subst_abs_no_incr,5,Failed,149,0,0,0,0,0.00035200011916458607,0.0002929999027401209,0.00033199996687471867,0.000645000021904707,330,330,20,310.0,310.0
Quick,Correct,none,SinglePreserve,subst_abs_no_incr,6,Failed,53,0,0,0,0,0.00012099975720047952,0.0002200002782046795,0.0002399999648332596,0.000341000035405159,162,162,20,142.0,142.0
Quick,Correct,none,SinglePreserve,subst_abs_no_incr,7,Failed,98,0,0,0,0,0.00022700056433677673,0.0002669994719326496,0.0005099999252706766,0.0004940000362694263,940,940,20,921.0,921.0
Quick,Correct,none,SinglePreserve,subst_abs_no_incr,8,Failed,124,0,0,0,0,0.00028399983420968056,0.0002660001628100872,0.0003799998667091131,0.0005499999970197678,626,626,20,607.0,607.0
Quick,Correct,none,SinglePreserve,subst_abs_no_incr,9,Failed,39,0,0,0,0,0.0001050001010298729,0.00022099982015788555,0.00025400007143616676,0.00032599992118775845,290,290,20,272.0,272.0
Quick,Correct,none,MultiPreserve,subst_abs_no_incr,0,Failed,59,0,0,0,0,0.00013400032185018065,0.00022699986584484574,0.0002259998582303524,0.0003610001876950264,64,64,20,45.0,45.0
Quick,Correct,none,MultiPreserve,subst_abs_no_incr,1,Failed,134,0,0,0,0,0.00029900018125772476,0.0002939996775239706,0.0002470000181347132,0.0005929998587816954,141,141,20,122.0,122.0
Quick,Correct,none,MultiPreserve,subst_abs_no_incr,2,Failed,89,0,0,0,0,0.00021899957209825516,0.00027600047178566456,0.0002079999540001154,0.0004950000438839197,46,46,20,30.0,30.0
Quick,Correct,none,MultiPreserve,subst_abs_no_incr,3,Failed,268,0,0,0,0,0.0006929996889084578,0.0003640002105385067,0.0004680000711232424,0.0010569998994469645,45,45,20,29.0,29.0
Quick,Correct,none,MultiPreserve,subst_abs_no_incr,4,Failed,315,0,0,0,0,0.0008330000564455986,0.0006160000339150431,0.0002639999147504568,0.0014490000903606417,129,129,20,111.0,111.0
Quick,Correct,none,MultiPreserve,subst_abs_no_incr,5,Failed,72,0,0,0,0,0.00016900012269616127,0.00023999996483325964,0.00025999988429248333,0.0004090000875294209,197,197,20,177.0,177.0
Quick,Correct,none,MultiPreserve,subst_abs_no_incr,6,Failed,595,0,0,0,0,0.001292998669669032,0.001256001414731145,0.0002180000301450491,0.002549000084400177,69,69,20,52.0,52.0
Quick,Correct,none,MultiPreserve,subst_abs_no_incr,7,Failed,66,0,0,0,0,0.00015100045129656792,0.0002629996743053198,0.0002099999692291021,0.0004140001256018877,93,93,20,75.0,75.0
Quick,Correct,none,MultiPreserve,subst_abs_no_incr,8,Failed,20,0,0,0,0,4.800013266503811e-05,0.0002180000301450491,0.0002190000377595425,0.0002660001628100872,94,94,20,75.0,75.0
Quick,Correct,none,MultiPreserve,subst_abs_no_incr,9,Failed,287,0,0,0,0,0.0011620000004768372,0.00039900001138448715,0.00035099987871944904,0.0015610000118613243,220,220,20,201.0,201.0
Quick,Correct,none,SinglePreserve,substTop_no_shift,0,Failed,116,0,0,0,0,0.0007569994777441025,0.0012350005563348532,0.000816000159829855,0.0019920000340789557,145,145,16,129.0,129.0
Quick,Correct,none,SinglePreserve,substTop_no_shift,1,Failed,196,0,0,0,0,0.0007519996725022793,0.0004790003877133131,0.0011209999211132526,0.0012310000602155924,818,818,16,802.0,802.0
Quick,Correct,none,SinglePreserve,substTop_no_shift,2,Failed,87,0,0,0,0,0.00022200029343366623,0.00029299966990947723,0.0002770000137388706,0.0005149999633431435,122,122,16,106.0,106.0
Quick,Correct,none,SinglePreserve,substTop_no_shift,3,Failed,57,0,0,0,0,0.0001340007875114679,0.0002499993424862623,0.00034600007347762585,0.00038400012999773026,357,357,16,342.0,342.0
Quick,Correct,none,SinglePreserve,substTop_no_shift,4,Failed,57,0,0,0,0,0.00014799972996115685,0.00025100028142333025,0.00021600001491606236,0.0003990000113844871,29,29,16,13.0,13.0
Quick,Correct,none,SinglePreserve,substTop_no_shift,5,Failed,363,0,0,0,0,0.0008619993459433317,0.0006520005408674479,0.00024000019766390324,0.0015139998868107796,16,16,16,0.0,0.0
Quick,Correct,none,SinglePreserve,substTop_no_shift,6,Failed,73,0,0,0,0,0.00018800050020217896,0.00023499946109950542,0.00040699983946979046,0.0004229999613016844,660,660,16,644.0,644.0
Quick,Correct,none,SinglePreserve,substTop_no_shift,7,Failed,38,0,0,0,0,9.400025010108948e-05,0.00023199967108666897,0.00022700009867548945,0.00032599992118775845,94,94,16,79.0,79.0
Quick,Correct,none,SinglePreserve,substTop_no_shift,8,Failed,28,0,0,0,0,5.499972030520439e-05,0.0002480002585798502,0.00025500007905066013,0.0003029999788850546,228,228,16,212.0,212.0
Quick,Correct,none,SinglePreserve,substTop_no_shift,9,Failed,112,0,0,0,0,0.00023699970915913585,0.00027100020088255405,0.00022600009106099608,0.0005079999100416899,104,104,16,89.0,89.0
Quick,Correct,none,MultiPreserve,substTop_no_shift,0,Failed,594,0,0,0,0,0.0022299999836832285,0.0005680001340806484,0.0002460000105202198,0.002798000117763877,34,34,16,18.0,18.0
Quick,Correct,none,MultiPreserve,substTop_no_shift,1,Failed,197,0,0,0,0,0.0003990000113844871,0.0003180000931024552,0.0006120000034570694,0.0007170001044869423,529,529,16,514.0,514.0
Quick,Correct,none,MultiPreserve,substTop_no_shift,2,Failed,249,0,0,0,0,0.000528999138623476,0.0003300006501376629,0.00024500000290572643,0.0008589997887611389,122,122,16,106.0,106.0
Quick,Correct,none,MultiPreserve,substTop_no_shift,3,Failed,376,0,0,0,0,0.0009690006263554096,0.0007179994136095047,0.00027199997566640377,0.0016870000399649143,138,138,16,123.0,123.0
Quick,Correct,none,MultiPreserve,substTop_no_shift,4,Failed,595,0,0,0,0,0.001596000511199236,0.00116499955765903,0.0003060000017285347,0.002761000068858266,162,162,16,146.0,146.0
Quick,Correct,none,MultiPreserve,substTop_no_shift,5,Failed,6,0,0,0,0,2.3999949917197227e-05,0.00020299991592764854,0.00020399992354214191,0.00022699986584484577,29,29,16,13.0,13.0
Quick,Correct,none,MultiPreserve,substTop_no_shift,6,Failed,128,0,0,0,0,0.00032900040969252586,0.00029399944469332695,0.0003349999897181988,0.0006229998543858528,239,239,16,224.0,224.0
Quick,Correct,none,MultiPreserve,substTop_no_shift,7,Failed,128,0,0,0,0,0.0003180007915943861,0.00028599938377738,0.00026599992997944355,0.0006040001753717661,197,197,16,182.0,182.0
Quick,Correct,none,MultiPreserve,substTop_no_shift,8,Failed,196,0,0,0,0,0.0004740001168102026,0.0003169998526573181,0.0003100000321865082,0.0007909999694675207,151,151,16,136.0,136.0
Quick,Correct,none,MultiPreserve,substTop_no_shift,9,Failed,174,0,0,0,0,0.0004219992551952601,0.00032100081443786616,0.00030499999411404133,0.0007430000696331263,272,272,16,258.0,258.0
Quick,Correct,none,SinglePreserve,substTop_no_shift_back,0,Failed,256,0,0,0,0,0.0010889987461268902,0.001096001360565424,0.0016119999345391989,0.002185000106692314,269,269,16,255.0,255.0
Quick,Correct,none,SinglePreserve,substTop_no_shift_back,1,Failed,28,0,0,0,0,7.599988020956516e-05,0.0002560000866651535,0.0003249999135732651,0.00033199996687471867,307,307,16,294.0,294.0
Quick,Correct,none,SinglePreserve,substTop_no_shift_back,2,Failed,245,0,0,0,0,0.0006820003036409616,0.00042599975131452084,0.00028900010511279106,0.0011080000549554825,81,81,16,66.0,66.0
Quick,Correct,none,SinglePreserve,substTop_no_shift_back,3,Failed,208,0,0,0,0,0.0005499997641891241,0.00035900017246603966,0.00027900002896785736,0.0009089999366551638,118,118,16,105.0,105.0
Quick,Correct,none,SinglePreserve,substTop_no_shift_back,4,Failed,15,0,0,0,0,3.3999793231487274e-05,0.00023700017482042313,0.0002470000181347132,0.0002709999680519104,59,59,16,45.0,45.0
Quick,Correct,none,SinglePreserve,substTop_no_shift_back,5,Failed,37,0,0,0,0,8.200039155781269e-05,0.0002589996438473463,0.0002579998690634966,0.000341000035405159,66,66,16,52.0,52.0
Quick,Correct,none,SinglePreserve,substTop_no_shift_back,6,Failed,59,0,0,0,0,0.00016399985179305077,0.00024000019766390324,0.000260000117123127,0.000404000049456954,88,88,16,75.0,75.0
Quick,Correct,none,SinglePreserve,substTop_no_shift_back,7,Failed,99,0,0,0,0,0.0002489995677024126,0.00025700032711029053,0.00022500008344650269,0.0005059998948127031,16,16,16,0.0,0.0
Quick,Correct,none,SinglePreserve,substTop_no_shift_back,8,Failed,10,0,0,0,0,3.200001083314419e-05,0.00023200013674795628,0.00024199998006224632,0.00026400014758110046,127,127,16,114.0,114.0
Quick,Correct,none,SinglePreserve,substTop_no_shift_back,9,Failed,43,0,0,0,0,0.00013699987903237343,0.00022900034673511987,0.00022799987345933911,0.0003660002257674933,47,47,16,31.0,31.0
Quick,Correct,none,MultiPreserve,substTop_no_shift_back,0,Failed,1819,0,0,0,0,0.00444800010882318,0.0017609999049454927,0.00022300006821751597,0.006209000013768673,16,16,16,3.0,3.0
Quick,Correct,none,MultiPreserve,substTop_no_shift_back,1,Failed,25,0,0,0,0,5.899975076317787e-05,0.00020800018683075905,0.00021199998445808887,0.0002669999375939369,30,30,16,17.0,17.0
Quick,Correct,none,MultiPreserve,substTop_no_shift_back,2,Failed,68,0,0,0,0,0.00014399993233382702,0.00023300014436244965,0.00025400007143616676,0.00037700007669627666,215,215,16,201.0,201.0
Quick,Correct,none,MultiPreserve,substTop_no_shift_back,3,Failed,164,0,0,0,0,0.00042899977415800095,0.00031600031070411205,0.0003370000049471855,0.000745000084862113,350,350,16,335.0,335.0
Quick,Correct,none,MultiPreserve,substTop_no_shift_back,4,Failed,65,0,0,0,0,0.00019299983978271484,0.00023200013674795628,0.0002660001628100872,0.0004249999765306711,190,190,16,176.0,176.0
Quick,Correct,none,MultiPreserve,substTop_no_shift_back,5,Failed,351,0,0,0,0,0.0007779996376484632,0.0008510004263371229,0.0005620000883936882,0.0016290000639855862,496,496,16,480.0,480.0
Quick,Correct,none,MultiPreserve,substTop_no_shift_back,6,Failed,240,0,0,0,0,0.0005889998283237219,0.00037200027145445347,0.00023199990391731265,0.0009610000997781754,48,48,16,35.0,35.0
Quick,Correct,none,MultiPreserve,substTop_no_shift_back,7,Failed,20,0,0,0,0,5.700020119547844e-05,0.00019499985501170158,0.00023099989630281925,0.00025200005620718,109,109,16,94.0,94.0
Quick,Correct,none,MultiPreserve,substTop_no_shift_back,8,Failed,29,0,0,0,0,8.099991828203201e-05,0.0002280001062899828,0.00025400007143616676,0.0003090000245720148,43,43,16,30.0,30.0
Quick,Correct,none,MultiPreserve,substTop_no_shift_back,9,Failed,26,0,0,0,0,5.900044925510883e-05,0.00023499969393014908,0.000206999946385622,0.0002940001431852579,24,24,16,11.0,11.0
Quick,Quick,default,SinglePreserve,shift_var_none,0,Failed,210009,413409,3,1,2,0.2317950308788568,0.34005796909332275,0.0006750000175088644,0.5718529999721795,36,16,16,20.0,0.0
Quick,Quick,default,SinglePreserve,shift_var_none,1,Failed,1601156,3156069,8,6,13,1.7886340233962983,2.632373976521194,0.00029900018125772476,4.421007999917492,52,20,16,38.0,5.0
Quick,Quick,default,SinglePreserve,shift_var_none,2,Failed,227602,448927,6,7,28,0.2518910125363618,0.3663159874267876,0.0005090001504868269,0.6182069999631494,53,16,16,37.0,0.0
Quick,Quick,default,SinglePreserve,shift_var_none,3,Failed,959613,1892842,6,3,5,1.0772429921198636,1.5525850078556687,0.0005210000090301037,2.6298279999755323,52,16,16,37.0,0.0
Quick,Quick,default,SinglePreserve,shift_var_none,4,Failed,146681,288526,4,2,6,0.16171198850497603,0.23524201149120927,0.0005569998174905777,0.3969539999961853,40,20,16,25.0,5.0
Quick,Quick,default,SinglePreserve,shift_var_none,5,Failed,822143,1621111,6,4,6,0.9351019733585416,1.350278026657179,0.000567000126466155,2.2853800000157207,36,16,16,21.0,0.0
Quick,Quick,default,SinglePreserve,shift_var_none,6,Failed,138818,274275,3,3,4,0.16790600214153528,0.2579039977863431,0.0005550000350922346,0.4258099999278784,48,16,16,32.0,0.0
Quick,Quick,default,SinglePreserve,shift_var_none,7,Failed,1660969,3276360,6,5,13,1.8670378925744444,2.7008761074393988,0.0005850000306963921,4.567914000013843,37,16,16,22.0,0.0
Quick,Quick,default,SinglePreserve,shift_var_none,8,Failed,128684,252441,4,4,8,0.14404201321303844,0.21290798694826663,0.0004980000667273998,0.35695000016130507,56,20,16,41.0,5.0
Quick,Quick,default,SinglePreserve,shift_var_none,9,Failed,451576,891049,4,2,7,0.5177740505896509,0.7570869494229555,0.0006039999425411224,1.2748610000126064,32,20,16,17.0,5.0
Quick,Quick,default,MultiPreserve,shift_var_none,0,Failed,350137,690497,3,3,4,0.4274709851015359,0.5844290149398148,0.0003489998634904623,1.0119000000413507,56,16,16,40.0,0.0
Quick,Quick,default,MultiPreserve,shift_var_none,1,Failed,171619,338633,6,4,6,0.21095499373041093,0.28487300616689026,0.0005459999665617943,0.4958279998973012,56,16,16,41.0,0.0
Quick,Quick,default,MultiPreserve,shift_var_none,2,Failed,76591,150097,6,1,5,0.0939520054962486,0.12524799443781376,0.0005950001068413258,0.21919999993406236,25,16,16,9.0,0.0
Quick,Quick,default,MultiPreserve,shift_var_none,3,Failed,565807,1117060,8,1,6,0.7241419756319374,1.0404220244381577,0.0005649998784065247,1.764564000070095,20,20,16,6.0,5.0
Quick,Quick,default,MultiPreserve,shift_var_none,4,Failed,118685,232809,6,2,4,0.1441159846726805,0.19408001517876983,0.0005620000883936882,0.3381959998514503,48,16,16,33.0,0.0
Quick,Quick,default,MultiPreserve,shift_var_none,5,Failed,785132,1546800,3,3,4,1.034630029462278,1.410113970516249,0.0005759999621659517,2.444743999978527,48,16,16,32.0,0.0
Quick,Quick,default,MultiPreserve,shift_var_none,6,Failed,477779,946812,4,3,6,0.6239280046429485,0.8476999953854829,0.0003629999700933695,1.4716280000284314,44,20,16,29.0,5.0
Quick,Quick,default,MultiPreserve,shift_var_none,7,Failed,664546,1310114,3,3,4,0.8497739927843213,1.1884480072185397,0.0003779998514801264,2.038222000002861,32,16,16,16.0,0.0
Quick,Quick,default,MultiPreserve,shift_var_none,8,Failed,108663,213528,4,4,9,0.15856199129484594,0.2304450087249279,0.00031500007025897503,0.38900700001977384,48,20,16,33.0,5.0
Quick,Quick,default,MultiPreserve,shift_var_none,9,Failed,723417,1427875,6,2,4,0.8617349669802934,1.1673200330697,0.0005850000306963921,2.0290550000499934,32,16,16,17.0,0.0
Quick,Quick,default,SinglePreserve,shift_var_all,0,Failed,5928243,11688430,10,2,1,6.850938023999333,9.981821975903586,0.0005489999894052744,16.83275999990292,24,16,16,9.0,0.0
Quick,Quick,default,SinglePreserve,shift_var_all,1,Failed,572614,1129034,11,2,1,0.7185029787942767,1.0884260211605576,0.0003370000049471855,1.8069289999548344,20,16,16,5.0,0.0
Quick,Quick,default,SinglePreserve,shift_var_all,2,Failed,703696,1388183,6,1,1,0.790954998228699,1.1316200017463418,0.0005000000819563866,1.9225749999750408,24,16,16,8.0,0.0
Quick,Quick,default,SinglePreserve,shift_var_all,3,Failed,3556472,7015203,12,2,2,3.954736024606973,5.728544975398107,0.0005890000611543655,9.68328100000508,24,16,16,9.0,0.0
Quick,Quick,default,SinglePreserve,shift_var_all,4,Failed,743599,1465271,6,1,1,0.8274620438460261,1.19715295615606,0.0005429999437183142,2.024615000002086,24,16,16,8.0,0.0
Quick,Quick,default,SinglePreserve,shift_var_all,5,Failed,67964,134093,10,2,1,0.0770520125515759,0.10998598742298782,0.00046900007873773575,0.18703799997456372,24,16,16,9.0,0.0
Quick,Quick,default,SinglePreserve,shift_var_all,6,Failed,1363657,2691368,10,2,1,1.564533966826275,2.2051850331481546,0.00036700000055134296,3.7697189999744296,24,16,16,9.0,0.0
Quick,Quick,default,SinglePreserve,shift_var_all,7,Failed,373226,735557,8,2,0,0.4223400233313441,0.6198489766102282,0.000591999851167202,1.0421889999415723,48,16,16,33.0,0.0
Quick,Quick,default,SinglePreserve,shift_var_all,8,Failed,63908,126858,4,1,0,0.07197000458836555,0.1013749954290688,0.000536999898031354,0.17334500001743436,20,16,16,4.0,0.0
Quick,Quick,default,SinglePreserve,shift_var_all,9,Failed,735758,1449578,16,3,2,0.8167209941893816,1.191569005837664,0.00035699992440640926,2.0082900000270456,24,16,16,10.0,0.0
Quick,Quick,default,MultiPreserve,shift_var_all,0,Failed,1700626,3351084,14,3,26,2.096048020059243,2.8759349801111966,0.0005009998567402363,4.9719830001704395,40,32,16,26.0,16.0
Quick,Quick,default,MultiPreserve,shift_var_all,1,Failed,516350,1019434,6,1,1,0.6383859887719154,0.8667070113588127,0.0005189999938011169,1.505093000130728,24,16,16,8.0,0.0
Quick,Quick,default,MultiPreserve,shift_var_all,2,Failed,3706236,7313588,11,2,1,4.501516981283203,6.066602018661797,0.0006049999501556158,10.568118999945,20,16,16,5.0,0.0
Quick,Quick,default,MultiPreserve,shift_var_all,3,Failed,959654,1895483,8,2,0,1.1714409899432212,1.5689320100937039,0.0004859999753534794,2.740373000036925,20,16,16,5.0,0.0
Quick,Quick,default,MultiPreserve,shift_var_all,4,Failed,330587,651688,8,1,0,0.42432902264408767,0.5515719773247839,0.00032800016924738884,0.9759009999688716,16,16,16,1.0,0.0
Quick,Quick,default,MultiPreserve,shift_var_all,5,Failed,951977,1877542,9,2,5,1.1855169485788792,1.5715850514825433,0.000619000056758523,2.7571020000614226,25,16,16,9.0,0.0
Quick,Quick,default,MultiPreserve,shift_var_all,6,Failed,427592,845588,10,2,0,0.526599996490404,0.70711400359869,0.0005949998740106821,1.233714000089094,20,16,16,5.0,0.0
Quick,Quick,default,MultiPreserve,shift_var_all,7,Failed,1917047,3781439,6,1,0,2.487859047949314,3.418507952010259,0.0005469999741762877,5.906366999959573,20,16,16,4.0,0.0
Quick,Quick,default,MultiPreserve,shift_var_all,8,Failed,844099,1667982,7,1,1,1.0469660239759833,1.3991869760211557,0.0004759998992085457,2.446152999997139,20,16,16,4.0,0.0
Quick,Quick,default,MultiPreserve,shift_var_all,9,Failed,515095,1017719,4,1,0,0.6373279867693782,0.8544550132937729,0.0003440000582486391,1.4917830000631511,40,16,16,24.0,0.0
Quick,Quick,default,SinglePreserve,shift_var_leq,0,timed_out,,,,,,,0,,,0,0,24,,
Quick,Quick,default,MultiPreserve,shift_var_leq,0,timed_out,,,,,,,0,,,0,0,24,,
Quick,Quick,default,SinglePreserve,shift_abs_no_incr,0,Failed,438770,865434,16,3,2,0.4934440045617521,0.7239909954369068,0.0005320000927895308,1.217434999998659,24,16,16,10.0,0.0
Quick,Quick,default,SinglePreserve,shift_abs_no_incr,1,Failed,1818535,3587687,10,2,2,2.013250960037112,2.918213039869443,0.0005139999557286501,4.931463999906555,33,16,16,17.0,0.0
Quick,Quick,default,SinglePreserve,shift_abs_no_incr,2,Failed,2638146,5199892,7,1,1,2.9407700044102967,4.254003995563835,0.0005469999741762877,7.194773999974132,20,16,16,4.0,0.0
Quick,Quick,default,SinglePreserve,shift_abs_no_incr,3,Failed,1439908,2840064,16,3,2,1.5935390093363822,2.3166339905001228,0.00047900015488266945,3.910172999836505,24,16,16,10.0,0.0
Quick,Quick,default,SinglePreserve,shift_abs_no_incr,4,Failed,1629822,3208627,4,1,0,1.8035270816180855,2.603323918301612,0.0005080001428723335,4.406850999919698,20,16,16,4.0,0.0
Quick,Quick,default,SinglePreserve,shift_abs_no_incr,5,Failed,212005,418382,6,1,0,0.2364319998305291,0.3400840002577752,0.0004709998611360788,0.5765160000883043,20,16,16,4.0,0.0
Quick,Quick,default,SinglePreserve,shift_abs_no_incr,6,Failed,498786,982880,8,2,0,0.5390589765738696,0.7728010234422982,0.0003060000017285347,1.3118600000161678,44,16,16,29.0,0.0
Quick,Quick,default,SinglePreserve,shift_abs_no_incr,7,Failed,158573,310792,3,1,4,0.16806300776079297,0.24148399219848216,0.00047399988397955894,0.4095469999592751,52,24,16,36.0,8.0
Quick,Quick,default,SinglePreserve,shift_abs_no_incr,8,Failed,3433044,6769076,4,1,0,3.656788894440979,5.296106105670333,0.0004829999525099993,8.952895000111312,48,16,16,32.0,0.0
Quick,Quick,default,SinglePreserve,shift_abs_no_incr,9,Failed,1910756,3770844,7,1,1,2.0189610535744578,2.915664946427569,0.0005259998142719269,4.934626000002027,20,16,16,4.0,0.0
Quick,Quick,default,MultiPreserve,shift_abs_no_incr,0,Failed,1841514,3630762,10,2,1,2.1506490441970527,2.873530955752358,0.0005379999056458473,5.024179999949411,24,16,16,9.0,0.0
Quick,Quick,default,MultiPreserve,shift_abs_no_incr,1,Failed,1374145,2712975,11,2,1,1.5739060565829277,2.1071749432012434,0.00046900007873773575,3.681080999784171,20,16,16,5.0,0.0
Quick,Quick,default,MultiPreserve,shift_abs_no_incr,2,Failed,1752220,3449516,8,1,0,2.0156600249465555,2.6924029749352485,0.0005079999100416899,4.708062999881804,16,16,16,1.0,0.0
Quick,Quick,default,MultiPreserve,shift_abs_no_incr,3,Failed,250342,492651,7,1,1,0.28733498929068446,0.3832220109179616,0.0004869999829679728,0.6705570002086461,20,16,16,4.0,0.0
Quick,Quick,default,MultiPreserve,shift_abs_no_incr,4,Failed,451965,889108,4,0,0,0.5224670022726059,0.6941549978218973,0.00047699990682303905,1.2166220000945032,16,16,16,0.0,0.0
Quick,Quick,default,MultiPreserve,shift_abs_no_incr,5,Failed,12504,24460,4,1,0,0.014584993245080112,0.020848006708547473,0.000323000131174922,0.035432999953627586,44,16,16,28.0,0.0
Quick,Quick,default,MultiPreserve,shift_abs_no_incr,6,Failed,690947,1362051,6,1,1,0.8197190256323665,1.1070399743039159,0.0005080001428723335,1.9267589999362824,24,16,16,8.0,0.0
Quick,Quick,default,MultiPreserve,shift_abs_no_incr,7,Failed,264161,521459,10,2,1,0.3119790111668408,0.4258139890152961,0.0004719998687505722,0.7377930001821369,24,16,16,9.0,0.0
Quick,Quick,default,MultiPreserve,shift_abs_no_incr,8,Failed,662487,1304394,4,1,0,0.7643119825515896,1.02201801748015,0.0004590000025928021,1.7863300000317397,32,16,16,16.0,0.0
Quick,Quick,default,MultiPreserve,shift_abs_no_incr,9,Failed,491894,971555,4,1,0,0.5668409736827016,0.7542760265059769,0.0004590000025928021,1.3211170001886785,44,16,16,28.0,0.0
Quick,Quick,default,SinglePreserve,subst_var_all,0,Failed,63355,125313,10,3,6,0.079785994021222,0.1113650060724467,0.0005679999012500048,0.1911510000936687,44,20,20,30.0,13.0
Quick,Quick,default,SinglePreserve,subst_var_all,1,Failed,255582,504579,5,2,3,0.274910984095186,0.3965080159250647,0.00047699990682303905,0.6714190000202507,48,20,20,33.0,13.0
Quick,Quick,default,SinglePreserve,subst_var_all,2,Failed,61051,120191,10,4,9,0.06772198108956218,0.09524701884947717,0.0002770000137388706,0.16296899993903935,52,24,20,37.0,15.0
Quick,Quick,default,SinglePreserve,subst_var_all,3,Failed,364419,719702,7,2,5,0.3928200069349259,0.5685199929866941,0.0004799999296665192,0.96133999992162,44,24,20,29.0,15.0
Quick,Quick,default,SinglePreserve,subst_var_all,4,Failed,997867,1972108,10,4,11,1.0674690098967403,1.5295529901050027,0.000512000173330307,2.597022000001743,33,20,20,22.0,13.0
Quick,Quick,default,SinglePreserve,subst_var_all,5,Failed,90567,178117,5,2,4,0.0960409881081432,0.14042401174083352,0.0004900000058114529,0.23646499984897673,32,20,20,20.0,13.0
Quick,Quick,default,SinglePreserve,subst_var_all,6,Failed,130950,258398,7,0,1,0.13995201769284904,0.20302398223429918,0.0003060000017285347,0.3429759999271482,24,24,20,5.0,5.0
Quick,Quick,default,SinglePreserve,subst_var_all,7,Failed,58715,116344,15,4,10,0.06207199837081134,0.09023700165562332,0.0005249998066574335,0.15230900002643466,44,24,20,30.0,15.0
Quick,Quick,default,SinglePreserve,subst_var_all,8,Failed,246197,487030,10,3,6,0.2615130085032433,0.3772339913994074,0.0004789999220520258,0.6387469999026507,44,20,20,30.0,13.0
Quick,Quick,default,SinglePreserve,subst_var_all,9,Failed,459609,907027,6,2,8,0.4890779859852046,0.7000730140134692,0.0009859998244792223,1.1891509999986738,28,24,20,13.0,12.0
Quick,Quick,default,MultiPreserve,subst_var_all,0,Failed,57773,113343,10,2,7,0.06622800161130726,0.08883999846875668,0.0005319998599588871,0.15506800008006394,32,24,20,19.0,15.0
Quick,Quick,default,MultiPreserve,subst_var_all,1,Failed,427134,845110,17,5,12,0.4952179831452668,0.6600190168246629,0.0005580000579357147,1.1552369999699297,56,24,20,42.0,15.0
Quick,Quick,default,MultiPreserve,subst_var_all,2,Failed,284883,562889,5,0,1,0.3282580003142357,0.43562799971550703,0.0004910000134259462,0.7638860000297427,20,20,20,0.0,0.0
Quick,Quick,default,MultiPreserve,subst_var_all,3,Failed,493009,972496,12,3,8,0.5663979793898761,0.7528490205295382,0.0004889999981969595,1.3192469999194143,44,24,20,30.0,15.0
Quick,Quick,default,MultiPreserve,subst_var_all,4,Failed,470688,926350,6,2,5,0.5389960124157369,0.7203409876674416,0.00048099993728101254,1.2593370000831785,32,24,20,21.0,13.0
Quick,Quick,default,MultiPreserve,subst_var_all,5,Failed,405747,798434,10,3,5,0.47681602416560054,0.636625975603238,0.0005470002070069313,1.1134419997688385,60,20,20,46.0,13.0
Quick,Quick,default,MultiPreserve,subst_var_all,6,Failed,103618,205243,13,3,8,0.12084399675950408,0.16416500322520733,0.0005489999894052744,0.2850089999847114,36,24,20,22.0,15.0
Quick,Quick,default,MultiPreserve,subst_var_all,7,Failed,197453,389903,10,3,6,0.22781401430256665,0.30440198560245335,0.0004940000362694263,0.53221599990502,40,20,20,28.0,13.0
Quick,Quick,default,MultiPreserve,subst_var_all,8,Failed,74073,146340,16,5,12,0.08586500585079193,0.11284199403598902,0.0005310000851750374,0.19870699988678095,60,24,20,46.0,15.0
Quick,Quick,default,MultiPreserve,subst_var_all,9,Failed,277182,547110,14,4,10,0.3158040135167539,0.42060998640954494,0.0004940000362694263,0.7364139999262989,52,24,20,40.0,15.0
Quick,Quick,default,SinglePreserve,subst_var_none,0,Failed,352173,693066,10,1,4,0.38205699622631073,0.5568930038716645,0.0003090000245720148,0.9389500000979752,20,20,12,10.0,9.0
Quick,Quick,default,SinglePreserve,subst_var_none,1,Failed,199872,395227,2,2,1,0.2117419948335737,0.31060000509023666,0.0004440001212060451,0.5223419999238104,20,12,12,8.0,0.0
Quick,Quick,default,SinglePreserve,subst_var_none,2,Failed,307831,608593,2,2,1,0.33648199890740216,0.4832360011059791,0.0004489999264478683,0.8197180000133812,21,12,12,9.0,0.0
Quick,Quick,default,SinglePreserve,subst_var_none,3,Failed,45358,89346,6,0,3,0.04880900355055928,0.07069299649447204,0.0004700000863522291,0.11950200004503132,24,24,12,13.0,13.0
Quick,Quick,default,SinglePreserve,subst_var_none,4,Failed,96471,189708,2,0,1,0.10305998963303864,0.1480250102467835,0.0004430001135915518,0.25108499987982213,12,12,12,0.0,0.0
Quick,Quick,default,SinglePreserve,subst_var_none,5,Failed,175793,345514,2,2,1,0.1860260064713657,0.2673979934770614,0.000447999918833375,0.4534239999484271,44,12,12,32.0,0.0
Quick,Quick,default,SinglePreserve,subst_var_none,6,Failed,222746,438863,4,1,2,0.2378780071157962,0.3415349929127842,0.0004590000025928021,0.5794130000285804,12,12,12,1.0,0.0
Quick,Quick,default,SinglePreserve,subst_var_none,7,Failed,393556,774877,4,3,2,0.4159590043127537,0.5989749957807364,0.0004610000178217888,1.01493400009349,36,12,12,25.0,0.0
Quick,Quick,default,SinglePreserve,subst_var_none,8,Failed,168322,331544,2,2,1,0.17834797757677734,0.25687402253970504,0.0004489999264478683,0.4352220001164824,56,12,12,44.0,0.0
Quick,Quick,default,SinglePreserve,subst_var_none,9,Failed,57710,113577,2,2,1,0.0617179898545146,0.0896810102276504,0.0004730001091957092,0.151399000082165,52,12,12,40.0,0.0
Quick,Quick,default,MultiPreserve,subst_var_none,0,Failed,121202,238967,4,1,2,0.14142202120274305,0.1875289788004011,0.0004520001821219921,0.32895100000314415,12,12,12,1.0,0.0
Quick,Quick,default,MultiPreserve,subst_var_none,1,Failed,115725,229250,2,0,1,0.13332300260663033,0.17842299723997712,0.000475000124424696,0.31174599984660745,12,12,12,0.0,0.0
Quick,Quick,default,MultiPreserve,subst_var_none,2,Failed,32516,64011,4,1,2,0.037559996359050274,0.05112200370058417,0.0003269999288022518,0.08868200005963445,12,12,12,1.0,0.0
Quick,Quick,default,MultiPreserve,subst_var_none,3,Failed,182696,362827,4,3,2,0.2113860109820962,0.28455098904669285,0.0004949998110532761,0.49593700002878904,48,12,12,37.0,0.0
Quick,Quick,default,MultiPreserve,subst_var_none,4,Failed,349991,691520,2,0,1,0.4065120401792228,0.545873959781602,0.000467000063508749,0.9523859999608248,12,12,12,0.0,0.0
Quick,Quick,default,MultiPreserve,subst_var_none,5,Failed,993678,1956504,9,2,9,1.139481961261481,1.5193940387107427,0.0004729998763650656,2.658875999972224,21,21,12,10.0,9.0
Quick,Quick,default,MultiPreserve,subst_var_none,6,Failed,619357,1221688,4,3,2,0.7139049756806344,0.959490024484694,0.00045599997974932194,1.6733950001653284,32,12,12,21.0,0.0
Quick,Quick,default,MultiPreserve,subst_var_none,7,Failed,721717,1426560,2,2,1,0.8361230201553553,1.1176819799002258,0.0002829998265951872,1.953805000055581,40,12,12,28.0,0.0
Quick,Quick,default,MultiPreserve,subst_var_none,8,Failed,1247,2478,2,0,1,0.007520000683143735,0.0025359992869198322,0.000278000021353364,0.010055999970063567,12,12,12,0.0,0.0
Quick,Quick,default,MultiPreserve,subst_var_none,9,Failed,103589,204150,2,0,1,0.12292300118133426,0.1680509988218546,0.0002679999452084303,0.29097400000318885,12,12,12,0.0,0.0
Quick,Quick,default,SinglePreserve,subst_abs_no_shift,0,timed_out,,,,,,,0,,,0,0,24,,
Quick,Quick,default,MultiPreserve,subst_abs_no_shift,0,timed_out,,,,,,,0,,,0,0,24,,
Quick,Quick,default,SinglePreserve,subst_abs_no_incr,0,Failed,4451714,8781836,5,0,1,5.0136910576839,7.3555209424812364,0.000547999981790781,12.369212000165136,20,20,20,0.0,0.0
Quick,Quick,default,SinglePreserve,subst_abs_no_incr,1,Failed,186459,367716,5,0,1,0.2069279805291444,0.299217019462958,0.00045599997974932194,0.5061449999921024,20,20,20,0.0,0.0
Quick,Quick,default,SinglePreserve,subst_abs_no_incr,2,Failed,1237068,2443221,14,2,4,1.3717290475033224,1.988972952356562,0.0004920000210404396,3.3607019998598844,20,20,20,2.0,0.0
Quick,Quick,default,SinglePreserve,subst_abs_no_incr,3,Failed,2042123,4031264,9,1,3,2.280542087042704,3.324273912934587,0.0003459998406469822,5.604815999977291,20,20,20,1.0,0.0
Quick,Quick,default,SinglePreserve,subst_abs_no_incr,4,Failed,1539350,3033910,5,0,1,1.72436304227449,2.5086149575654417,0.0003160000778734684,4.232977999839932,20,20,20,0.0,0.0
Quick,Quick,default,SinglePreserve,subst_abs_no_incr,5,Failed,1487267,2934303,5,0,1,1.659844016423449,2.4060749837663025,0.0004979998338967562,4.065919000189751,20,20,20,0.0,0.0
Quick,Quick,default,SinglePreserve,subst_abs_no_incr,6,Failed,1358921,2683770,7,1,5,1.516753013944253,2.1962939859367907,0.0004820001777261496,3.713046999881044,25,20,20,5.0,0.0
Quick,Quick,default,SinglePreserve,subst_abs_no_incr,7,Failed,673387,1326687,14,2,4,0.756848952267319,1.0995950477663425,0.0004970000591129065,1.8564440000336615,20,20,20,2.0,0.0
Quick,Quick,default,SinglePreserve,subst_abs_no_incr,8,Failed,915,1949,6,0,3,0.0013480002526193855,0.0019769996870309114,0.0002300001215189695,0.003324999939650297,24,24,20,5.0,5.0
Quick,Quick,default,SinglePreserve,subst_abs_no_incr,9,Failed,2941125,5801223,8,3,12,3.2792529633734375,4.768285036552697,0.0005280000623315573,8.047537999926135,28,24,20,14.0,12.0
Quick,Quick,default,MultiPreserve,subst_abs_no_incr,0,Failed,1377265,2718063,9,1,3,1.662769937189296,2.2442550628911704,0.000528999837115407,3.9070250000804663,20,20,20,1.0,0.0
Quick,Quick,default,MultiPreserve,subst_abs_no_incr,1,Failed,739381,1456244,6,0,3,0.8865109779872,1.1918070220854138,0.0004770001396536827,2.078318000072614,24,24,20,5.0,5.0
Quick,Quick,default,MultiPreserve,subst_abs_no_incr,2,Failed,247872,489176,5,0,1,0.30572099331766367,0.40467600664123893,0.0004650000482797622,0.7103969999589026,20,20,20,0.0,0.0
Quick,Quick,default,MultiPreserve,subst_abs_no_incr,3,Failed,2886696,5704081,12,1,6,3.5507019935175776,4.825296006631106,0.0003169998526573181,8.375998000148684,24,24,20,6.0,5.0
Quick,Quick,default,MultiPreserve,subst_abs_no_incr,4,Failed,3245561,6399713,5,0,1,3.868959960527718,5.202544039580969,0.0004829999525099993,9.071504000108687,20,20,20,0.0,0.0
Quick,Quick,default,MultiPreserve,subst_abs_no_incr,5,Failed,1129869,2230254,5,0,1,1.3873739233240483,1.8446630765683951,0.0005719999317079782,3.2320369998924434,20,20,20,0.0,0.0
Quick,Quick,default,MultiPreserve,subst_abs_no_incr,6,Failed,1208445,2384841,5,2,8,1.428476025350392,1.906261974480003,0.0005420001689344645,3.334737999830395,28,24,20,13.0,12.0
Quick,Quick,default,MultiPreserve,subst_abs_no_incr,7,Failed,753819,1487855,14,2,4,0.8899669866077602,1.1938500134274364,0.00045499997213482857,2.0838170000351965,20,20,20,2.0,0.0
Quick,Quick,default,MultiPreserve,subst_abs_no_incr,8,Failed,155811,308192,9,3,26,0.18486498203128576,0.24870001804083586,0.0005729999393224716,0.4335650000721216,40,32,20,21.0,19.0
Quick,Quick,default,MultiPreserve,subst_abs_no_incr,9,Failed,3017815,5951367,10,1,2,3.5637431477662176,4.777722852304578,0.000573999946936965,8.341466000070795,20,20,20,1.0,0.0
Quick,Quick,default,SinglePreserve,substTop_no_shift,0,Failed,126341,247538,3,3,5,0.1505060074850917,0.21817799238488078,0.0003890001680701971,0.36868399986997247,36,16,16,20.0,0.0
Quick,Quick,default,SinglePreserve,substTop_no_shift,1,Failed,351593,691542,6,4,6,0.3931859936565161,0.5724670065101235,0.000439999857917428,0.9656530001666396,32,16,16,17.0,0.0
Quick,Quick,default,SinglePreserve,substTop_no_shift,2,Failed,234853,461914,8,6,13,0.266948985401541,0.3887820146046579,0.00033299997448921204,0.6557310000061989,52,20,16,38.0,5.0
Quick,Quick,default,SinglePreserve,substTop_no_shift,3,Failed,253226,498959,6,4,7,0.28362201363779604,0.4195149864535779,0.0002999999560415745,0.7031370000913739,40,16,16,25.0,0.0
Quick,Quick,default,SinglePreserve,substTop_no_shift,4,Failed,240441,475104,3,2,3,0.27091999794356525,0.3941490021534264,0.0004709998611360788,0.6650690000969917,56,16,16,40.0,0.0
Quick,Quick,default,SinglePreserve,substTop_no_shift,5,Failed,970543,1915548,3,2,3,1.0662249827291816,1.5562210171483457,0.00026500015519559383,2.6224459998775274,28,16,16,12.0,0.0
Quick,Quick,default,SinglePreserve,substTop_no_shift,6,Failed,777393,1529611,4,5,10,0.8559549706988037,1.2509070292580873,0.00029000011272728443,2.106861999956891,52,20,16,37.0,5.0
Quick,Quick,default,SinglePreserve,substTop_no_shift,7,Failed,59680,117362,4,2,7,0.06542299129068851,0.09828700870275497,0.00025999988429248333,0.1637099999934435,32,20,16,17.0,5.0
Quick,Quick,default,SinglePreserve,substTop_no_shift,8,Failed,468108,923078,8,3,9,0.5088880215771496,0.7535989785101265,0.00048399996012449265,1.262487000087276,44,20,16,30.0,5.0
Quick,Quick,default,SinglePreserve,substTop_no_shift,9,Failed,1361764,2685840,3,3,4,1.49600795423612,2.190171045716852,0.0004710000939667225,3.686178999952972,60,16,16,44.0,0.0
Quick,Quick,default,MultiPreserve,substTop_no_shift,0,Failed,712475,1404537,6,3,6,0.8469539741054177,1.1421450257766992,0.0004700000863522291,1.989098999882117,36,16,16,21.0,0.0
Quick,Quick,default,MultiPreserve,substTop_no_shift,1,Failed,35487,69771,8,1,6,0.04381300345994532,0.05667899642139672,0.0004799999296665192,0.10049199988134204,20,20,16,6.0,5.0
Quick,Quick,default,MultiPreserve,substTop_no_shift,2,Failed,47004,93032,6,4,6,0.056833994342014194,0.07647700561210513,0.0004780001472681761,0.13331099995411932,48,16,16,33.0,0.0
Quick,Quick,default,MultiPreserve,substTop_no_shift,3,Failed,1553,2984,8,6,13,0.0022370002698153257,0.002728999825194478,0.0002500000409781933,0.004966000095009804,56,20,16,42.0,5.0
Quick,Quick,default,MultiPreserve,substTop_no_shift,4,Failed,15309,30198,8,4,11,0.018567000050097704,0.026307000080123544,0.0004889999981969595,0.04487400013022125,40,20,16,26.0,5.0
Quick,Quick,default,MultiPreserve,substTop_no_shift,5,Failed,204547,402314,3,1,2,0.2452330277301371,0.329927972285077,0.0004660000558942557,0.5751610000152141,32,16,16,16.0,0.0
Quick,Quick,default,MultiPreserve,substTop_no_shift,6,Failed,1106341,2180704,3,2,3,1.321810991736129,1.7855660084169358,0.0004799999296665192,3.1073770001530647,52,16,16,36.0,0.0
Quick,Quick,default,MultiPreserve,substTop_no_shift,7,Failed,111259,220448,3,3,5,0.13239099574275315,0.18026200425811112,0.0004370000679045915,0.31265300000086427,40,16,16,24.0,0.0
Quick,Quick,default,MultiPreserve,substTop_no_shift,8,Failed,70826,139642,3,3,4,0.08568301773630083,0.11394298216328025,0.00047399988397955894,0.19962599989958107,48,16,16,32.0,0.0
Quick,Quick,default,MultiPreserve,substTop_no_shift,9,Failed,143146,282177,8,6,13,0.17183000221848488,0.2294089978095144,0.0004719998687505722,0.4012390000279993,48,20,16,34.0,5.0
Quick,Quick,default,SinglePreserve,substTop_no_shift_back,0,Failed,227407,447981,4,2,7,0.26127903279848397,0.3748319672886282,0.00034300005063414574,0.6361110000871122,32,20,16,19.0,7.0
Quick,Quick,default,SinglePreserve,substTop_no_shift_back,1,Failed,527754,1039055,4,3,6,0.5819389680400491,0.8442540320102125,0.0004779999144375324,1.4261930000502616,36,20,16,23.0,7.0
Quick,Quick,default,SinglePreserve,substTop_no_shift_back,2,Failed,53790,105853,8,4,11,0.06088801380246878,0.0868009862024337,0.0004960000514984131,0.14768900000490248,40,20,16,27.0,7.0
Quick,Quick,default,SinglePreserve,substTop_no_shift_back,3,Failed,500032,986578,8,4,10,0.5528109837323427,0.8031760160811245,0.0005280000623315573,1.3559869998134673,44,20,16,31.0,7.0
Quick,Quick,default,SinglePreserve,substTop_no_shift_back,4,Failed,430174,851035,6,4,7,0.4799359887838363,0.6947410111315548,0.0005010000895708799,1.1746769999153912,40,16,16,27.0,3.0
Quick,Quick,default,SinglePreserve,substTop_no_shift_back,5,Failed,345980,683154,3,2,3,0.3840409654658288,0.5553820345085114,0.0004829999525099993,0.9394229999743402,32,16,16,19.0,3.0
Quick,Quick,default,SinglePreserve,substTop_no_shift_back,6,Failed,1027336,2031018,6,4,6,1.1361979998182503,1.6478700002189728,0.00030700000934302807,2.784068000037223,56,16,16,43.0,3.0
Quick,Quick,default,SinglePreserve,substTop_no_shift_back,7,Failed,34752,69201,8,3,8,0.038581000873818994,0.056840999284759164,0.00048399996012449265,0.09542200015857816,44,20,16,31.0,7.0
Quick,Quick,default,SinglePreserve,substTop_no_shift_back,8,Failed,901927,1781878,4,3,7,1.0160729840863496,1.468192015774548,0.0004869999829679728,2.4842649998608977,44,20,16,31.0,7.0
Quick,Quick,default,SinglePreserve,substTop_no_shift_back,9,Failed,512561,1010231,3,3,5,0.5639760240446776,0.824029975803569,0.000438000075519085,1.3880059998482466,32,16,16,19.0,3.0
Quick,Quick,default,MultiPreserve,substTop_no_shift_back,0,Failed,254534,503282,4,3,6,0.3070010091178119,0.41462199087254703,0.00028799986466765404,0.721622999990359,32,20,16,19.0,7.0
Quick,Quick,default,MultiPreserve,substTop_no_shift_back,1,Failed,127360,250949,4,1,4,0.15217498666606843,0.2043380131945014,0.00044000009074807167,0.35651299986056983,32,20,16,19.0,7.0
Quick,Quick,default,MultiPreserve,substTop_no_shift_back,2,Failed,165619,326990,4,5,10,0.1972510030027479,0.26490699709393084,0.000313999829813838,0.46215800009667873,48,20,16,35.0,7.0
Quick,Quick,default,MultiPreserve,substTop_no_shift_back,3,Failed,880529,1740763,6,4,7,1.1286099990829823,1.4608960009645673,0.00048099993728101254,2.5895060000475496,44,16,16,31.0,3.0
Quick,Quick,default,MultiPreserve,substTop_no_shift_back,4,Failed,74535,148746,4,3,7,0.09014199418015778,0.12274800590239465,0.0004940000362694263,0.21289000008255243,52,20,16,39.0,7.0
Quick,Quick,default,MultiPreserve,substTop_no_shift_back,5,Failed,229693,452841,3,1,2,0.27502500964328647,0.3717749903444201,0.0005279998295009136,0.6467999999877065,21,16,16,8.0,3.0
Quick,Quick,default,MultiPreserve,substTop_no_shift_back,6,Failed,694464,1371426,4,3,6,0.8278689649887383,1.1201220350340009,0.00046900007873773575,1.9479910000227392,36,20,16,23.0,7.0
Quick,Quick,default,MultiPreserve,substTop_no_shift_back,7,Failed,399341,788107,3,3,4,0.4815740317571908,0.640878968173638,0.0005200000014156103,1.1224529999308288,32,16,16,19.0,3.0
Quick,Quick,default,MultiPreserve,substTop_no_shift_back,8,Failed,723427,1425959,8,2,7,0.8754950023721904,1.1639449975918978,0.0005170002114027739,2.039439999964088,24,20,16,11.0,7.0
Quick,Quick,default,MultiPreserve,substTop_no_shift_back,9,Failed,45183,89710,4,1,5,0.05419801617972553,0.0740509838797152,0.0004879999905824661,0.12824900005944073,28,20,16,15.0,7.0
Quick,Correct,default,SinglePreserve,shift_var_none,0,Failed,94,0,3,0,30,0.0005200004670768976,0.001030999468639493,0.0009560000617057084,0.0015509999357163906,72,72,16,57.0,57.0
Quick,Correct,default,SinglePreserve,shift_var_none,1,Failed,61,0,6,1,4,0.00016200006939470768,0.0005769999697804451,0.0002899998798966408,0.0007390000391751528,16,16,16,1.0,0.0
Quick,Correct,default,SinglePreserve,shift_var_none,2,Failed,178,0,8,5,239,0.0004929995629936457,0.0003850003704428673,0.0011269999668002129,0.000877999933436513,372,257,16,357.0,242.0
Quick,Correct,default,SinglePreserve,shift_var_none,3,Failed,84,0,4,3,29,0.0002619996666908264,0.00025600031949579716,0.0003200001083314419,0.0005179999861866236,380,60,16,364.0,45.0
Quick,Correct,default,SinglePreserve,shift_var_none,4,Failed,147,0,5,4,3,0.0003329997416585684,0.00048600020818412304,0.00042699999175965786,0.0008189999498426914,412,16,16,396.0,0.0
Quick,Correct,default,SinglePreserve,shift_var_none,5,Failed,51,0,18,5,788,0.00012199976481497288,0.0004840001929551363,0.002326000016182661,0.0006059999577701092,417,417,16,401.0,401.0
Quick,Correct,default,SinglePreserve,shift_var_none,6,Failed,47,0,13,4,212,0.0001050001010298729,0.000232999911531806,0.0006639999337494373,0.0003380000125616789,469,152,16,453.0,136.0
Quick,Correct,default,SinglePreserve,shift_var_none,7,Failed,154,0,12,7,16,0.00032899994403123856,0.00034300005063414574,0.0005700001493096352,0.0006719999946653843,514,16,16,498.0,0.0
Quick,Correct,default,SinglePreserve,shift_var_none,8,Failed,42,0,7,3,16,8.199992589652538e-05,0.00024099997244775295,0.0002560000866651535,0.00032299989834427834,324,36,16,309.0,21.0
Quick,Correct,default,SinglePreserve,shift_var_none,9,Failed,164,0,8,9,57,0.00035600014962255955,0.0005319998599588871,0.0003239999059587717,0.0008880000095814466,134,52,16,119.0,37.0
Quick,Correct,default,MultiPreserve,shift_var_none,0,Failed,286,0,18,5,640,0.0010840005706995726,0.0009699994698166847,0.001927000004798174,0.0020540000405162573,586,534,16,570.0,518.0
Quick,Correct,default,MultiPreserve,shift_var_none,1,Failed,161,0,3,1,2,0.0004359993617981672,0.0005190006922930481,0.00028200005181133747,0.0009550000540912152,30,16,16,14.0,0.0
Quick,Correct,default,MultiPreserve,shift_var_none,2,Failed,13,0,3,0,34,4.200008697807789e-05,0.00021299999207258224,0.00029499991796910763,0.00025500007905066013,88,88,16,72.0,72.0
Quick,Correct,default,MultiPreserve,shift_var_none,3,Failed,11,0,6,1,4,2.9999995604157448e-05,0.00019400008022785187,0.00025200005620718,0.00022400007583200932,16,16,16,1.0,0.0
Quick,Correct,default,MultiPreserve,shift_var_none,4,Failed,244,0,3,6,2,0.0005760001949965954,0.0005579998251050711,0.00023799994960427284,0.0011340000201016665,326,16,16,310.0,0.0
Quick,Correct,default,MultiPreserve,shift_var_none,5,Failed,256,0,7,7,58,0.0006029999349266291,0.0005450001917779446,0.0005309998523443937,0.0011480001267045736,118,72,16,103.0,56.0
Quick,Correct,default,MultiPreserve,shift_var_none,6,Failed,37,0,6,2,24,8.700019679963589e-05,0.00024899980053305626,0.00029499991796910763,0.00033599999733269215,64,40,16,49.0,24.0
Quick,Correct,default,MultiPreserve,shift_var_none,7,Failed,163,0,6,2,4,0.0003699997905641794,0.00033400021493434906,0.00030800001695752144,0.0007040000054985285,36,16,16,21.0,0.0
Quick,Correct,default,MultiPreserve,shift_var_none,8,Failed,76,0,16,6,19,0.00018099951557815075,0.00024200044572353363,0.00030399998649954796,0.0004229999613016844,251,20,16,236.0,5.0
Quick,Correct,default,MultiPreserve,shift_var_none,9,Failed,229,0,9,5,75,0.0005810000002384186,0.000341000035405159,0.0007999998051673174,0.0009220000356435776,176,74,16,160.0,58.0
Quick,Correct,default,SinglePreserve,shift_var_all,0,Failed,38,0,5,1,12,0.00015600002370774746,0.0006569998804479837,0.0005360001232475042,0.0008129999041557312,52,32,16,36.0,16.0
Quick,Correct,default,SinglePreserve,shift_var_all,1,Failed,114,0,9,3,20,0.0004430001135915518,0.000439999857917428,0.00030099996365606785,0.0008829999715089798,129,32,16,113.0,16.0
Quick,Correct,default,SinglePreserve,shift_var_all,2,Failed,41,0,11,4,147,0.00010500033386051656,0.00034599960781633854,0.0006790000479668379,0.0004509999416768551,207,169,16,192.0,154.0
Quick,Correct,default,SinglePreserve,shift_var_all,3,Failed,195,0,16,6,18,0.000538999680429697,0.0003620004281401633,0.0003549999091774225,0.0009010001085698603,473,57,16,457.0,41.0
Quick,Correct,default,SinglePreserve,shift_var_all,4,Failed,176,0,20,9,1443,0.0004730003420263529,0.00035899970680475235,0.003949999809265137,0.0008320000488311052,1129,935,16,1113.0,919.0
Quick,Correct,default,SinglePreserve,shift_var_all,5,Failed,20,0,24,9,143,5.399971269071102e-05,0.00023500015959143639,0.0005360001232475042,0.0002889998722821474,354,80,16,339.0,64.0
Quick,Correct,default,SinglePreserve,shift_var_all,6,Failed,17,0,15,4,396,3.4999800845980644e-05,0.0002200002782046795,0.0010869998950511215,0.00025500007905066013,211,211,16,196.0,195.0
Quick,Correct,default,SinglePreserve,shift_var_all,7,Failed,23,0,10,3,1,4.8999907448887825e-05,0.00021600001491606236,0.00022900011390447617,0.0002649999223649502,97,16,16,82.0,0.0
Quick,Correct,default,SinglePreserve,shift_var_all,8,Failed,117,0,6,1,107,0.00027099973522126675,0.0002930003684014082,0.0004829999525099993,0.0005640001036226749,153,153,16,137.0,137.0
Quick,Correct,default,SinglePreserve,shift_var_all,9,Failed,322,0,30,11,58,0.0008670003153383732,0.0007399995811283588,0.0003939999733120203,0.001606999896466732,123,16,16,108.0,0.0
Quick,Correct,default,MultiPreserve,shift_var_all,0,Failed,29,0,34,10,97,5.9999991208314896e-05,0.00023399991914629936,0.0003790000919252634,0.00029399991035461426,142,56,16,127.0,40.0
Quick,Correct,default,MultiPreserve,shift_var_all,1,Failed,640,0,64,12,19,0.002558000385761261,0.0015779996756464243,0.0013760000001639128,0.004136000061407685,222,33,16,206.0,17.0
Quick,Correct,default,MultiPreserve,shift_var_all,2,Failed,45,0,12,2,15,0.00012199999764561652,0.000260000117123127,0.00037700007669627666,0.0003820001147687435,218,41,16,203.0,26.0
Quick,Correct,default,MultiPreserve,shift_var_all,3,Failed,235,0,8,3,75,0.0005400001537054777,0.00037599983625113964,0.0011170001234859228,0.0009159999899566174,346,170,16,330.0,154.0
Quick,Correct,default,MultiPreserve,shift_var_all,4,Failed,263,0,43,12,204,0.0012110010720789433,0.0005689989775419235,0.0006760000251233578,0.0017800000496208668,362,82,16,347.0,66.0
Quick,Correct,default,MultiPreserve,shift_var_all,5,Failed,13,0,8,1,0,3.899983130395413e-05,0.00023400015197694302,0.0003499998711049557,0.00027299998328089714,16,16,16,1.0,0.0
Quick,Correct,default,MultiPreserve,shift_var_all,6,Failed,278,0,41,9,80,0.000973999733105302,0.0005320003256201745,0.0006959999445825815,0.0015060000587254765,73,40,16,59.0,24.0
Quick,Correct,default,MultiPreserve,shift_var_all,7,Failed,74,0,8,2,29,0.0002089997287839651,0.0003460003063082695,0.0005759999621659517,0.0005550000350922346,49,40,16,33.0,24.0
Quick,Correct,default,MultiPreserve,shift_var_all,8,Failed,148,0,6,1,8,0.00028699985705316067,0.0002890003379434347,0.0002389999572187662,0.0005760001949965954,24,24,16,9.0,8.0
Quick,Correct,default,MultiPreserve,shift_var_all,9,Failed,280,0,24,7,401,0.0009190002456307412,0.00036899978294968594,0.0011069998145103457,0.0012880000285804272,230,186,16,214.0,170.0
Quick,Correct,default,SinglePreserve,shift_var_leq,0,Failed,3375,0,21,5,34,0.008674000622704625,0.004005999304354191,0.0004999998491257429,0.012679999927058816,435,38,24,411.0,22.0
Quick,Correct,default,SinglePreserve,shift_var_leq,1,Failed,8548,0,30,4,356,0.024749998468905687,0.007864001439884305,0.0010580001398921013,0.03261399990878999,225,225,24,201.0,201.0
Quick,Correct,default,SinglePreserve,shift_var_leq,2,Failed,2359,0,15,5,8,0.0061180021148175,0.0021039978601038456,0.00036099995486438274,0.008221999974921346,143,24,24,119.0,0.0
Quick,Correct,default,SinglePreserve,shift_var_leq,3,Failed,16285,0,68,13,22,0.03615000215359032,0.011056997813284397,0.0005950001068413258,0.04720699996687472,179,37,24,156.0,14.0
Quick,Correct,default,SinglePreserve,shift_var_leq,4,Failed,5213,0,12,3,6,0.0119750015437603,0.004072998417541385,0.0003470000810921192,0.016047999961301684,45,24,24,21.0,0.0
Quick,Correct,default,SinglePreserve,shift_var_leq,5,Failed,2236,0,9,1,9,0.005856001982465386,0.0015509980730712414,0.00031899986788630486,0.007407000055536628,125,29,24,101.0,13.0
Quick,Correct,default,SinglePreserve,shift_var_leq,6,Failed,9034,0,22,8,22,0.020233004353940487,0.006355995777994394,0.0004259999841451645,0.02658900013193488,381,24,24,357.0,0.0
Quick,Correct,default,SinglePreserve,shift_var_leq,7,Failed,1959,0,21,2,13,0.004836000269278884,0.0015309997834265232,0.0005749999545514584,0.006367000052705407,51,24,24,27.0,0.0
Quick,Correct,default,SinglePreserve,shift_var_leq,8,Failed,3248,0,16,3,16,0.007830998627468944,0.002497001318261029,0.000386000145226717,0.010327999945729973,45,29,24,21.0,13.0
Quick,Correct,default,SinglePreserve,shift_var_leq,9,Failed,4498,0,29,7,10,0.010837001027539372,0.002777999034151435,0.00038199988193809986,0.013615000061690807,176,28,24,153.0,5.0
Quick,Correct,default,MultiPreserve,shift_var_leq,0,Failed,14353,0,52,10,23,0.032316998578608036,0.009373001521453261,0.0006409999914467335,0.0416900001000613,317,32,24,293.0,9.0
Quick,Correct,default,MultiPreserve,shift_var_leq,1,Failed,2931,0,18,5,97,0.007137002656236291,0.002390997251495719,0.0005960001144558191,0.00952799990773201,570,122,24,547.0,99.0
Quick,Correct,default,MultiPreserve,shift_var_leq,2,Failed,26656,0,9,4,4,0.06286899652332067,0.01893100352026522,0.0005320000927895308,0.0818000000435859,67,24,24,43.0,0.0
Quick,Correct,default,MultiPreserve,shift_var_leq,3,Failed,13639,0,13,5,6,0.030642996076494455,0.009054003981873393,0.0003939999733120203,0.03969700005836785,66,24,24,42.0,0.0
Quick,Correct,default,MultiPreserve,shift_var_leq,4,Failed,1976,0,26,7,15,0.004861998138949275,0.0015660019125789404,0.0003980000037699938,0.006428000051528215,81,24,24,57.0,0.0
Quick,Correct,default,MultiPreserve,shift_var_leq,5,Failed,11765,0,9,3,5,0.027228994760662317,0.00746600516140461,0.0003519998863339424,0.03469499992206693,496,24,24,472.0,0.0
Quick,Correct,default,MultiPreserve,shift_var_leq,6,Failed,12241,0,9,2,5,0.02794299810193479,0.007943002041429281,0.0003730000462383032,0.03588600014336407,299,24,24,275.0,0.0
Quick,Correct,default,MultiPreserve,shift_var_leq,7,Failed,1350,0,41,7,233,0.00336900120601058,0.0013119988143444061,0.0006859998684376478,0.004681000020354986,239,192,24,216.0,169.0
Quick,Correct,default,MultiPreserve,shift_var_leq,8,Failed,9132,0,24,7,35,0.022650999948382378,0.006941000232473016,0.0004819999448955059,0.029592000180855393,176,32,24,153.0,9.0
Quick,Correct,default,MultiPreserve,shift_var_leq,9,Failed,1072,0,23,3,5,0.0026939993258565664,0.0012360005639493465,0.0004700000863522291,0.003929999889805913,55,32,24,32.0,9.0
Quick,Correct,default,SinglePreserve,shift_abs_no_incr,0,Failed,74,0,13,7,197,0.00031899986788630486,0.0007490001153200863,0.0010049999691545963,0.0010679999832063911,409,186,16,393.0,170.0
Quick,Correct,default,SinglePreserve,shift_abs_no_incr,1,Failed,72,0,16,7,283,0.00022799987345933911,0.0002880000974982977,0.0013620001263916492,0.0005159999709576368,538,194,16,522.0,178.0
Quick,Correct,default,SinglePreserve,shift_abs_no_incr,2,Failed,96,0,39,12,901,0.0002680008765310049,0.00040499912574887276,0.003140999935567379,0.0006730000022798777,584,424,16,568.0,408.0
Quick,Correct,default,SinglePreserve,shift_abs_no_incr,3,Failed,361,0,9,3,5,0.0013200000394135714,0.000528999837115407,0.00032500014640390873,0.0018489998765289783,34,16,16,18.0,0.0
Quick,Correct,default,SinglePreserve,shift_abs_no_incr,4,Failed,47,0,6,1,226,0.00013100029900670052,0.00024899980053305626,0.0008049998432397842,0.0003800000995397568,268,268,16,252.0,252.0
Quick,Correct,default,SinglePreserve,shift_abs_no_incr,5,Failed,92,0,16,5,2,0.0003029999788850546,0.0005600000731647015,0.00036700000055134296,0.000863000052049756,508,16,16,492.0,0.0
Quick,Correct,default,SinglePreserve,shift_abs_no_incr,6,Failed,95,0,13,7,56,0.00026299990713596344,0.00032299989834427834,0.00044700014404952526,0.0005859998054802418,420,66,16,404.0,50.0
Quick,Correct,default,SinglePreserve,shift_abs_no_incr,7,Failed,143,0,3,1,7,0.0005389999132603407,0.0004110001027584077,0.00044100009836256504,0.0009500000160187484,277,32,16,261.0,16.0
Quick,Correct,default,SinglePreserve,shift_abs_no_incr,8,Failed,147,0,3,0,36,0.000287000322714448,0.00030099949799478054,0.00030000018887221813,0.0005879998207092285,88,88,16,72.0,72.0
Quick,Correct,default,SinglePreserve,shift_abs_no_incr,9,Failed,12,0,3,0,31,3.400002606213093e-05,0.00021900003775954247,0.00028699985705316067,0.0002530000638216734,80,80,16,64.0,64.0
Quick,Correct,default,MultiPreserve,shift_abs_no_incr,0,Failed,123,0,4,1,0,0.0003229996655136347,0.00031300028786063194,0.00028799986466765404,0.0006359999533742666,62,16,16,46.0,0.0
Quick,Correct,default,MultiPreserve,shift_abs_no_incr,1,Failed,18,0,25,8,16,5.000014789402485e-05,0.00022099982015788555,0.00028600008226931095,0.0002709999680519104,158,20,16,143.0,6.0
Quick,Correct,default,MultiPreserve,shift_abs_no_incr,2,Failed,288,0,6,1,45,0.0008659996092319489,0.00041100033558905125,0.00032800016924738884,0.001276999944821,85,81,16,69.0,65.0
Quick,Correct,default,MultiPreserve,shift_abs_no_incr,3,Failed,169,0,60,16,6,0.00047499965876340866,0.0003110002726316452,0.0005890000611543655,0.0007859999313950539,370,16,16,355.0,0.0
Quick,Correct,default,MultiPreserve,shift_abs_no_incr,4,Failed,145,0,61,15,317,0.0003770003095269203,0.00029899971559643745,0.001104000024497509,0.0006760000251233578,470,298,16,455.0,282.0
Quick,Correct,default,MultiPreserve,shift_abs_no_incr,5,Failed,278,0,21,5,95,0.0008149994537234306,0.0004530006553977728,0.0005979998968541622,0.0012680001091212034,350,100,16,334.0,84.0
Quick,Correct,default,MultiPreserve,shift_abs_no_incr,6,Failed,44,0,50,10,3,0.00011599971912801266,0.0002900003455579281,0.0003519998863339424,0.00040600006468594074,252,16,16,238.0,0.0
Quick,Correct,default,MultiPreserve,shift_abs_no_incr,7,Failed,187,0,8,2,0,0.0004070005379617214,0.0003749995958060026,0.0002679999452084303,0.000782000133767724,21,16,16,5.0,0.0
Quick,Correct,default,MultiPreserve,shift_abs_no_incr,8,Failed,17,0,16,3,23,5.099968984723091e-05,0.00022200029343366623,0.00028900010511279106,0.00027299998328089714,60,33,16,44.0,17.0
Quick,Correct,default,MultiPreserve,shift_abs_no_incr,9,Failed,89,0,15,6,81,0.00022500008344650269,0.0002889998722821474,0.00040500005707144737,0.0005139999557286501,134,56,16,119.0,40.0
Quick,Correct,default,SinglePreserve,subst_var_all,0,Failed,54,0,15,10,119,0.0002490000333636999,0.0006740000098943709,0.0007819999009370804,0.0009230000432580708,299,105,20,280.0,89.0
Quick,Correct,default,SinglePreserve,subst_var_all,1,Failed,10,0,6,2,38,3.500026650726795e-05,0.00024299975484609604,0.0003549999091774225,0.000278000021353364,121,57,20,102.0,39.0
Quick,Correct,default,SinglePreserve,subst_var_all,2,Failed,27,0,3,3,15,8.199969306588173e-05,0.00027100020088255405,0.00032800016924738884,0.0003529998939484358,75,36,20,57.0,22.0
Quick,Correct,default,SinglePreserve,subst_var_all,3,Failed,123,0,12,6,22,0.0004000000189989805,0.0003470000810921192,0.00033299997448921204,0.0007470001000910997,165,24,20,147.0,14.0
Quick,Correct,default,SinglePreserve,subst_var_all,4,Failed,180,0,3,0,8,0.0005020005628466606,0.0003779993858188391,0.0017049999441951511,0.0008799999486654997,32,32,20,17.0,17.0
Quick,Correct,default,SinglePreserve,subst_var_all,5,Failed,281,0,12,4,49,0.0007209996692836285,0.0005110003985464573,0.000645000021904707,0.0012320000678300858,89,74,20,72.0,57.0
Quick,Correct,default,SinglePreserve,subst_var_all,6,Failed,327,0,11,8,21,0.0009269996080547572,0.00038600037805736054,0.0002910001203417778,0.0013129999861121178,322,24,20,304.0,9.0
Quick,Correct,default,SinglePreserve,subst_var_all,7,Failed,32,0,6,3,2,9.400048293173312e-05,0.0002389994915574789,0.00023199990391731265,0.00033299997448921204,491,20,20,473.0,13.0
Quick,Correct,default,SinglePreserve,subst_var_all,8,Failed,122,0,14,4,633,0.00030099996365606785,0.00030300021171569824,0.0018979997839778664,0.0006040001753717661,381,373,20,361.0,355.0
Quick,Correct,default,SinglePreserve,subst_var_all,9,Failed,95,0,12,6,55,0.0002209995873272419,0.00027400022372603416,0.0003720000386238098,0.0004949998110532761,112,44,20,93.0,30.0
Quick,Correct,default,MultiPreserve,subst_var_all,0,Failed,133,0,5,3,12,0.00028799986466765404,0.00032000034116208553,0.0002549998462200165,0.0006080002058297396,119,32,20,102.0,16.0
Quick,Correct,default,MultiPreserve,subst_var_all,1,Failed,7,0,9,5,28,2.900022082030773e-05,0.003454999765381217,0.0004189999308437109,0.0034839999862015247,49,32,20,31.0,17.0
Quick,Correct,default,MultiPreserve,subst_var_all,2,Failed,137,0,9,6,160,0.0004940000362694263,0.00042799999937415123,0.0012799999676644802,0.0009220000356435776,209,144,20,191.0,127.0
Quick,Correct,default,MultiPreserve,subst_var_all,3,Failed,147,0,8,6,264,0.0004139996599406004,0.0003030004445463419,0.0010809998493641617,0.0007170001044869423,374,306,20,355.0,288.0
Quick,Correct,default,MultiPreserve,subst_var_all,4,Failed,76,0,3,1,12,0.00017000013031065464,0.0005570000503212214,0.0003519998863339424,0.000727000180631876,54,40,20,35.0,24.0
Quick,Correct,default,MultiPreserve,subst_var_all,5,Failed,35,0,20,7,190,6.900029256939888e-05,0.00023899972438812256,0.0005570000503212214,0.00030800001695752144,136,112,20,118.0,95.0
Quick,Correct,default,MultiPreserve,subst_var_all,6,Failed,266,0,3,0,39,0.0007009992841631174,0.0005170006770640612,0.000682000070810318,0.0012179999612271786,96,96,20,79.0,79.0
Quick,Correct,default,MultiPreserve,subst_var_all,7,Failed,31,0,12,4,281,9.099999442696571e-05,0.0002560000866651535,0.0007609999738633633,0.0003470000810921192,192,187,20,174.0,169.0
Quick,Correct,default,MultiPreserve,subst_var_all,8,Failed,33,0,3,0,26,6.899982690811157e-05,0.0002520002890378237,0.0002639999147504568,0.00032100011594593525,72,72,20,55.0,55.0
Quick,Correct,default,MultiPreserve,subst_var_all,9,Failed,67,0,22,10,78,0.00014299969188869,0.000261000357568264,0.0007869999390095472,0.000404000049456954,302,58,20,283.0,40.0
Quick,Correct,default,SinglePreserve,subst_var_none,0,Failed,20,0,10,4,211,0.0001360001042485237,0.0006749997846782207,0.0009240000508725644,0.0008109998889267445,137,128,12,125.0,116.0
Quick,Correct,default,SinglePreserve,subst_var_none,1,Failed,77,0,4,3,9,0.00020299991592764857,0.00030000018887221813,0.0002870000898838043,0.0005030001047998667,29,20,12,17.0,10.0
Quick,Correct,default,SinglePreserve,subst_var_none,2,Failed,37,0,13,6,210,8.900021202862263e-05,0.0002899998798966408,0.000680999830365181,0.0003790000919252634,219,117,12,207.0,105.0
Quick,Correct,default,SinglePreserve,subst_var_none,3,Failed,12,0,5,2,2,5.2999937906861305e-05,0.0003130000550299883,0.00035799993202090263,0.0003659999929368496,59,12,12,48.0,0.0
Quick,Correct,default,SinglePreserve,subst_var_none,4,Failed,12,0,8,3,24,3.50000336766243e-05,0.0002009999006986618,0.00026599992997944355,0.0002359999343752861,64,37,12,52.0,25.0
Quick,Correct,default,SinglePreserve,subst_var_none,5,Failed,50,0,10,5,229,0.0001480004284530878,0.0002439995296299458,0.000573999946936965,0.0003919999580830336,199,165,12,187.0,153.0
Quick,Correct,default,SinglePreserve,subst_var_none,6,Failed,3,0,2,0,7,1.7999904230237007e-05,0.0002109999768435955,0.0002280001062899828,0.0002289998810738325,29,29,12,17.0,17.0
Quick,Correct,default,SinglePreserve,subst_var_none,7,Failed,102,0,4,1,20,0.0002399999648332596,0.00025500007905066013,0.0003029999788850546,0.0004950000438839197,37,37,12,25.0,25.0
Quick,Correct,default,SinglePreserve,subst_var_none,8,Failed,4,0,4,1,2,1.800013706088066e-05,0.00018999981693923473,0.00022300006821751597,0.0002079999540001154,12,12,12,1.0,0.0
Quick,Correct,default,SinglePreserve,subst_var_none,9,Failed,19,0,4,1,20,4.0999846532940865e-05,0.00022200029343366623,0.00028600008226931095,0.0002630001399666071,55,38,12,43.0,26.0
Quick,Correct,default,MultiPreserve,subst_var_none,0,Failed,37,0,20,4,121,9.899982251226902e-05,0.00025900034233927727,0.001250999979674816,0.0003580001648515463,176,111,12,164.0,100.0
Quick,Correct,default,MultiPreserve,subst_var_none,1,Failed,30,0,8,3,280,5.5999960750341415e-05,0.0002359999343752861,0.0006750000175088644,0.0002919998951256275,232,232,12,220.0,220.0
Quick,Correct,default,MultiPreserve,subst_var_none,2,Failed,17,0,4,1,2,3.9999838918447495e-05,0.00022000004537403584,0.0002300001215189695,0.00025999988429248333,12,12,12,1.0,0.0
Quick,Correct,default,MultiPreserve,subst_var_none,3,Failed,31,0,4,1,3,8.00001434981823e-05,0.0002759997732937336,0.0002500000409781933,0.0003559999167919159,113,12,12,101.0,0.0
Quick,Correct,default,MultiPreserve,subst_var_none,4,Failed,58,0,29,9,52,0.00014400016516447067,0.00027099973522126675,0.00036800000816583633,0.0004149999003857374,380,103,12,369.0,92.0
Quick,Correct,default,MultiPreserve,subst_var_none,5,Failed,81,0,4,1,125,0.0002099999692291021,0.00023599993437528613,0.0004249999765306711,0.00044599990360438824,174,174,12,162.0,162.0
Quick,Correct,default,MultiPreserve,subst_var_none,6,Failed,89,0,2,1,1,0.00026600086130201817,0.0003649990539997816,0.00026800017803907394,0.0006309999153017998,16,12,12,4.0,0.0
Quick,Correct,default,MultiPreserve,subst_var_none,7,Failed,6,0,2,0,1,2.2999942302703857e-05,0.00020499993115663526,0.00021600001491606236,0.00022799987345933911,12,12,12,0.0,0.0
Quick,Correct,default,MultiPreserve,subst_var_none,8,Failed,42,0,15,3,9,8.900021202862263e-05,0.0002469997853040695,0.0002999999560415745,0.00033599999733269215,157,20,12,145.0,9.0
Quick,Correct,default,MultiPreserve,subst_var_none,9,Failed,30,0,2,2,2,6.400002166628838e-05,0.00026899995282292366,0.0002799998037517071,0.00033299997448921204,25,16,12,13.0,6.0
Quick,Correct,default,SinglePreserve,subst_abs_no_shift,0,Failed,8747,0,12,2,6,0.030745999654754996,0.009204000467434525,0.00045599997974932194,0.03995000012218952,237,24,24,213.0,0.0
Quick,Correct,default,SinglePreserve,subst_abs_no_shift,1,Failed,1191,0,31,5,6,0.00438300147652626,0.0011789985001087189,0.000582000007852912,0.005561999976634979,298,36,24,275.0,13.0
Quick,Correct,default,SinglePreserve,subst_abs_no_shift,2,Failed,4241,0,32,6,10,0.010815997375175357,0.0029610025230795145,0.0004100000951439142,0.013776999898254871,195,28,24,172.0,5.0
Quick,Correct,default,SinglePreserve,subst_abs_no_shift,3,Failed,3641,0,14,2,6,0.00931600108742714,0.002751998836174609,0.0003750000614672899,0.012067999923601748,32,24,24,8.0,0.0
Quick,Correct,default,SinglePreserve,subst_abs_no_shift,4,Failed,12341,0,10,4,5,0.029399003833532333,0.008278996217995882,0.000341000035405159,0.037678000051528215,119,24,24,95.0,0.0
Quick,Correct,default,SinglePreserve,subst_abs_no_shift,5,Failed,1872,0,18,5,291,0.005196999292820692,0.0016250007320195436,0.0008449999149888754,0.006822000024840236,297,252,24,274.0,230.0
Quick,Correct,default,SinglePreserve,subst_abs_no_shift,6,Failed,2651,0,11,2,50,0.006104998756200075,0.002386001404374838,0.0004209999460726976,0.008491000160574913,182,138,24,160.0,116.0
Quick,Correct,default,SinglePreserve,subst_abs_no_shift,7,Failed,1377,0,9,2,4,0.0048129993956536055,0.002205000724643469,0.0005139999557286501,0.007018000120297074,530,24,24,506.0,0.0
Quick,Correct,default,SinglePreserve,subst_abs_no_shift,8,Failed,1818,0,16,5,9,0.005012000212445855,0.0013939999043941498,0.0003400000277906656,0.006406000116840005,62,24,24,38.0,0.0
Quick,Correct,default,SinglePreserve,subst_abs_no_shift,9,Failed,3850,0,23,6,20,0.009792997734621167,0.0029360020998865366,0.000483000185340643,0.012728999834507704,514,28,24,491.0,13.0
Quick,Correct,default,MultiPreserve,subst_abs_no_shift,0,Failed,3074,0,6,0,2,0.007868998683989048,0.0022460012696683407,0.0003870001528412104,0.010114999953657389,24,24,24,0.0,0.0
Quick,Correct,default,MultiPreserve,subst_abs_no_shift,1,Failed,17539,0,10,4,5,0.05275599425658584,0.015440005809068673,0.00032100011594593525,0.06819600006565452,340,24,24,316.0,0.0
Quick,Correct,default,MultiPreserve,subst_abs_no_shift,2,Failed,1882,0,32,7,18,0.005146002862602472,0.0021439972333610058,0.0003799998667091131,0.007290000095963478,514,28,24,491.0,13.0
Quick,Correct,default,MultiPreserve,subst_abs_no_shift,3,Failed,13130,0,22,4,9,0.035965001210570335,0.010893998900428414,0.011282999999821186,0.04685900011099875,74,28,24,51.0,5.0
Quick,Correct,default,MultiPreserve,subst_abs_no_shift,4,Failed,6743,0,42,8,48,0.031234002439305183,0.008682997431606058,0.0007800001185387373,0.03991699987091124,273,48,24,251.0,26.0
Quick,Correct,default,MultiPreserve,subst_abs_no_shift,5,Failed,35698,0,16,4,8,0.09653200022876264,0.029613999649882303,0.0003900001756846905,0.12614599987864494,56,24,24,32.0,0.0
Quick,Correct,default,MultiPreserve,subst_abs_no_shift,6,Failed,10799,0,28,10,17,0.026981997536495328,0.008704002480953932,0.0003599999472498894,0.03568600001744926,290,24,24,266.0,0.0
Quick,Correct,default,MultiPreserve,subst_abs_no_shift,7,Failed,1792,0,16,14,25,0.06659500044770539,0.015299999620765448,0.00041099986992776394,0.08189500006847084,262,28,24,239.0,13.0
Quick,Correct,default,MultiPreserve,subst_abs_no_shift,8,Failed,53661,0,11,2,15,0.17037700372748077,0.044925996102392673,0.00033199996687471867,0.21530299982987344,69,36,24,50.0,17.0
Quick,Correct,default,MultiPreserve,subst_abs_no_shift,9,Failed,357,0,15,4,40,0.0012030003126710651,0.00045099970884621165,0.0004290000069886446,0.0016540000215172768,290,63,24,267.0,43.0
Quick,Correct,default,SinglePreserve,subst_abs_no_incr,0,Failed,136,0,21,10,32,0.000376999843865633,0.00075300014577806,0.00088900001719594,0.001129999989643693,338,24,20,319.0,12.0
Quick,Correct,default,SinglePreserve,subst_abs_no_incr,1,Failed,82,0,24,4,86,0.0002329996787011623,0.0003220003563910723,0.00047699990682303905,0.0005550000350922346,203,103,20,184.0,83.0
Quick,Correct,default,SinglePreserve,subst_abs_no_incr,2,Failed,8,0,6,2,79,7.00000673532486e-05,0.0005439999513328075,0.0005009998567402363,0.0006140000186860561,110,105,20,91.0,88.0
Quick,Correct,default,SinglePreserve,subst_abs_no_incr,3,Failed,22,0,14,3,4,8.400017395615578e-05,0.00028399983420968056,0.000645000021904707,0.00036800000816583633,56,20,20,37.0,0.0
Quick,Correct,default,SinglePreserve,subst_abs_no_incr,4,Failed,71,0,9,2,97,0.0001729999203234911,0.0004390000831335783,0.00050400011241436,0.0006120000034570694,392,112,20,372.0,95.0
Quick,Correct,default,SinglePreserve,subst_abs_no_incr,5,Failed,60,0,24,9,13,0.00027600047178566456,0.0006749995518475771,0.0004199999384582042,0.0009510000236332417,144,20,20,125.0,0.0
Quick,Correct,default,SinglePreserve,subst_abs_no_incr,6,Failed,120,0,6,2,54,0.0002189998049288988,0.0003440000582486391,0.00039599998854100704,0.0005629998631775379,111,81,20,93.0,64.0
Quick,Correct,default,SinglePreserve,subst_abs_no_incr,7,Failed,72,0,9,2,182,0.00027600000612437725,0.00041300011798739433,0.000992999877780676,0.0006890001241117716,902,200,20,882.0,183.0
Quick,Correct,default,SinglePreserve,subst_abs_no_incr,8,Failed,209,0,19,4,6,0.00046900007873773575,0.00040900008752942085,0.00040500005707144737,0.0008780001662671566,47,20,20,28.0,0.0
Quick,Correct,default,SinglePreserve,subst_abs_no_incr,9,Failed,92,0,32,14,104,0.00023599970154464245,0.0002720004413276911,0.0004910000134259462,0.0005080001428723335,545,32,20,525.0,19.0
Quick,Correct,default,MultiPreserve,subst_abs_no_incr,0,Failed,52,0,24,5,169,0.0001330000814050436,0.00026299990713596344,0.0005879998207092285,0.00039599998854100704,404,198,20,385.0,179.0
Quick,Correct,default,MultiPreserve,subst_abs_no_incr,1,Failed,94,0,14,5,6,0.00023599970154464245,0.00026600039564073086,0.0002470000181347132,0.0005020000971853733,151,20,20,131.0,0.0
Quick,Correct,default,MultiPreserve,subst_abs_no_incr,2,Failed,154,0,14,3,4,0.0004249999765306711,0.0005800002254545689,0.00032599992118775845,0.00100500020198524,29,20,20,10.0,0.0
Quick,Correct,default,MultiPreserve,subst_abs_no_incr,3,Failed,273,0,28,9,16,0.0005930003244429827,0.00040199956856667995,0.0005489999894052744,0.0009949998930096626,165,20,20,147.0,0.0
Quick,Correct,default,MultiPreserve,subst_abs_no_incr,4,Failed,26,0,24,8,17,6.79998192936182e-05,0.00023500015959143639,0.00026800017803907394,0.0003029999788850546,202,24,20,183.0,5.0
Quick,Correct,default,MultiPreserve,subst_abs_no_incr,5,Failed,42,0,18,6,236,9.199976921081544e-05,0.00021800026297569275,0.0005729999393224716,0.0003100000321865082,235,180,20,217.0,162.0
Quick,Correct,default,MultiPreserve,subst_abs_no_incr,6,Failed,142,0,28,12,730,0.0005690010730177164,0.0007889990229159594,0.003801999846473336,0.0013580000959336758,528,243,20,509.0,225.0
Quick,Correct,default,MultiPreserve,subst_abs_no_incr,7,Failed,88,0,9,2,100,0.00027900002896785736,0.00027299998328089714,0.00034799985587596893,0.0005520000122487545,98,89,20,81.0,71.0
Quick,Correct,default,MultiPreserve,subst_abs_no_incr,8,Failed,672,0,3,2,4,0.0019929991103708744,0.0010480009950697422,0.0002859998494386673,0.0030410001054406166,57,24,20,37.0,12.0
Quick,Correct,default,MultiPreserve,subst_abs_no_incr,9,Failed,53,0,16,4,10,0.00014600041322410107,0.00026599946431815624,0.00033199996687471867,0.0004119998775422573,33,20,20,14.0,0.0
Quick,Correct,default,SinglePreserve,substTop_no_shift,0,Failed,21,0,4,2,29,0.0001260002609342337,0.0006439997814595699,0.0008940000552684069,0.0007700000423938036,167,72,16,152.0,57.0
Quick,Correct,default,SinglePreserve,substTop_no_shift,1,Failed,21,0,12,7,19,0.0001780001912266016,0.00036199972964823246,0.0004980000667273998,0.0005399999208748341,160,16,16,144.0,0.0
Quick,Correct,default,SinglePreserve,substTop_no_shift,2,Failed,25,0,4,3,41,8.499971590936184e-05,0.0002670001704245806,0.0004800001624971628,0.0003519998863339424,131,100,16,116.0,85.0
Quick,Correct,default,SinglePreserve,substTop_no_shift,3,Failed,39,0,8,4,22,0.0001380003523081541,0.00028899963945150375,0.00041200011037290096,0.00042699999175965786,905,41,16,889.0,25.0
Quick,Correct,default,SinglePreserve,substTop_no_shift,4,Failed,62,0,4,4,28,0.0002099999692291021,0.00035399990156292915,0.000582000007852912,0.0005639998707920313,268,64,16,252.0,48.0
Quick,Correct,default,SinglePreserve,substTop_no_shift,5,Failed,34,0,9,4,66,0.0002030006144195795,0.0004219994880259037,0.0006039999425411224,0.0006250001024454832,462,81,16,446.0,65.0
Quick,Correct,default,SinglePreserve,substTop_no_shift,6,Failed,34,0,5,4,15,7.599988020956516e-05,0.0002460000105202198,0.0002670001704245806,0.00032199989072978497,250,44,16,235.0,29.0
Quick,Correct,default,SinglePreserve,substTop_no_shift,7,Failed,54,0,7,3,30,0.00017900019884109497,0.0005829997826367617,0.0006609999109059572,0.0007619999814778566,404,48,16,389.0,32.0
Quick,Correct,default,SinglePreserve,substTop_no_shift,8,Failed,115,0,7,3,5,0.0002760002389550209,0.00029199966229498386,0.00026400014758110046,0.0005679999012500048,167,16,16,151.0,0.0
Quick,Correct,default,SinglePreserve,substTop_no_shift,9,Failed,64,0,7,6,8,0.0001449999399483204,0.00025999988429248333,0.0002690001856535673,0.0004049998242408037,303,16,16,287.0,0.0
Quick,Correct,default,MultiPreserve,substTop_no_shift,0,Failed,184,0,8,5,8,0.00046200049109756947,0.00032699969597160816,0.00026899995282292366,0.0007890001870691776,626,20,16,611.0,5.0
Quick,Correct,default,MultiPreserve,substTop_no_shift,1,Failed,114,0,3,3,2,0.0002350001595914364,0.0003100000321865082,0.00031599984504282475,0.0005450001917779446,70,16,16,54.0,0.0
Quick,Correct,default,MultiPreserve,substTop_no_shift,2,Failed,272,0,6,1,49,0.0005960001144558191,0.0006999997422099113,0.00062700011767447,0.0012959998566657305,90,90,16,74.0,74.0
Quick,Correct,default,MultiPreserve,substTop_no_shift,3,Failed,262,0,9,4,114,0.0008870000019669533,0.00040600006468594074,0.00042699999175965786,0.001293000066652894,123,104,16,108.0,88.0
Quick,Correct,default,MultiPreserve,substTop_no_shift,4,Failed,199,0,3,1,40,0.0005149997305124998,0.0003490003291517496,0.0003400000277906656,0.0008640000596642494,101,96,16,85.0,80.0
Quick,Correct,default,MultiPreserve,substTop_no_shift,5,Failed,326,0,20,5,174,0.0009800007101148367,0.00042299949564039707,0.0005279998295009136,0.0014030002057552338,108,94,16,93.0,78.0
Quick,Correct,default,MultiPreserve,substTop_no_shift,6,Failed,227,0,4,2,6,0.000583999790251255,0.00037200027145445336,0.0002649999223649502,0.0009560000617057084,38,28,16,23.0,13.0
Quick,Correct,default,MultiPreserve,substTop_no_shift,7,Failed,6,0,6,1,24,2.600019797682762e-05,0.00023499992676079273,0.0002889998722821474,0.00026100012473762035,40,40,16,25.0,24.0
Quick,Correct,default,MultiPreserve,substTop_no_shift,8,Failed,547,0,10,7,138,0.0020110011100769043,0.0005939989350736141,0.00042699999175965786,0.0026050000451505184,280,120,16,265.0,105.0
Quick,Correct,default,MultiPreserve,substTop_no_shift,9,Failed,138,0,5,8,42,0.0003450000658631325,0.000295999925583601,0.00029900018125772476,0.0006409999914467335,164,61,16,149.0,46.0
Quick,Correct,default,SinglePreserve,substTop_no_shift_back,0,Failed,55,0,3,2,25,0.00026800017803907394,0.0007399998139590025,0.0006660001818090677,0.0010079999919980764,75,66,16,62.0,53.0
Quick,Correct,default,SinglePreserve,substTop_no_shift_back,1,Failed,170,0,8,2,12,0.00045999931171536446,0.0003500008024275303,0.00032199989072978497,0.0008100001141428947,30,25,16,15.0,9.0
Quick,Correct,default,SinglePreserve,substTop_no_shift_back,2,Failed,24,0,5,2,20,5.800020880997181e-05,0.0002679999452084303,0.0003209998831152916,0.0003260001540184021,212,32,16,196.0,16.0
Quick,Correct,default,SinglePreserve,substTop_no_shift_back,3,Failed,57,0,8,6,21,0.00014699948951601982,0.0002960003912448883,0.0003610001876950264,0.0004429998807609081,187,32,16,174.0,19.0
Quick,Correct,default,SinglePreserve,substTop_no_shift_back,4,Failed,369,0,10,4,95,0.0014270006213337183,0.0006029994692653418,0.0005169999785721302,0.00203000009059906,192,92,16,179.0,79.0
Quick,Correct,default,SinglePreserve,substTop_no_shift_back,5,Failed,25,0,6,2,5,6.400048732757568e-05,0.0002559996210038662,0.0002560000866651535,0.0003200001083314419,85,16,16,71.0,3.0
Quick,Correct,default,SinglePreserve,substTop_no_shift_back,6,Failed,56,0,12,3,303,0.00015400070697069168,0.00025899941101670265,0.000972999958321452,0.00041300011798739433,214,214,16,200.0,200.0
Quick,Correct,default,SinglePreserve,substTop_no_shift_back,7,Failed,88,0,4,5,8,0.0002449997700750828,0.0003600004129111767,0.0003090000245720148,0.0006050001829862595,716,20,16,701.0,5.0
Quick,Correct,default,SinglePreserve,substTop_no_shift_back,8,Failed,66,0,26,12,494,0.0002200002782046795,0.00030899979174137115,0.001422999892383814,0.0005290000699460506,456,186,16,441.0,171.0
Quick,Correct,default,SinglePreserve,substTop_no_shift_back,9,Failed,40,0,6,4,127,9.600003249943256e-05,0.00044100009836256504,0.0004409998655319214,0.0005370001308619976,174,156,16,161.0,143.0
Quick,Correct,default,MultiPreserve,substTop_no_shift_back,0,Failed,271,0,14,4,289,0.0010000001639127731,0.00040999986231327057,0.0007780001033097506,0.0014100000262260437,210,197,16,197.0,184.0
Quick,Correct,default,MultiPreserve,substTop_no_shift_back,1,Failed,166,0,8,1,80,0.0003969997633248568,0.00032100034877657885,0.00038499990478158,0.0007180001121014357,108,108,16,95.0,95.0
Quick,Correct,default,MultiPreserve,substTop_no_shift_back,2,Failed,103,0,2,0,2,0.00020199944265186787,0.00030000065453350544,0.0002669999375939369,0.0005020000971853733,16,16,16,0.0,0.0
Quick,Correct,default,MultiPreserve,substTop_no_shift_back,3,Failed,96,0,10,5,27,0.0002449995372444391,0.0002920003607869148,0.000295999925583601,0.000536999898031354,214,24,16,199.0,8.0
Quick,Correct,default,MultiPreserve,substTop_no_shift_back,4,Failed,293,0,21,8,60,0.0009940003510564566,0.0006519998423755171,0.0004749998915940523,0.0016460001934319737,327,28,16,313.0,13.0
Quick,Correct,default,MultiPreserve,substTop_no_shift_back,5,Failed,60,0,14,6,22,0.0001199999824166298,0.0002530000638216734,0.0002590001095086336,0.0003730000462383032,337,20,16,324.0,7.0
Quick,Correct,default,MultiPreserve,substTop_no_shift_back,6,Failed,94,0,6,3,156,0.0002819998189806938,0.00039400020614266396,0.0006650001741945744,0.0006760000251233578,875,244,16,861.0,230.0
Quick,Correct,default,MultiPreserve,substTop_no_shift_back,7,Failed,8,0,8,2,16,2.2999942302703857e-05,0.0002700001932680607,0.0005590000655502081,0.00029300013557076454,36,28,16,23.0,15.0
Quick,Correct,default,MultiPreserve,substTop_no_shift_back,8,Failed,117,0,2,1,2,0.00028100074268877506,0.00030199927277863026,0.00025199982337653637,0.0005830000154674053,289,16,16,273.0,0.0
Quick,Correct,default,MultiPreserve,substTop_no_shift_back,9,Failed,639,0,3,2,3,0.0020139990374445915,0.0014920011162757874,0.0003249999135732651,0.003506000153720379,148,20,16,133.0,5.0
Hedgehog,Hedgehog,none,SinglePreserve,shift_var_none,0,Failed,24732,48471,0,0,0,0.0025149965658783913,0.9305330032948405,0.0005810000002384186,0.9330479998607188,36,36,16,22.0,22.0
Hedgehog,Hedgehog,none,SinglePreserve,shift_var_none,1,Failed,43157,85477,0,0,0,0.004473998676985502,1.603870001155883,0.00034300005063414574,1.6083439998328686,20,20,16,6.0,6.0
Hedgehog,Hedgehog,none,SinglePreserve,shift_var_none,2,Failed,16127,31878,0,0,0,0.0017169986385852098,0.6036840013694018,0.00038100010715425014,0.605401000007987,24,24,16,8.0,8.0
Hedgehog,Hedgehog,none,SinglePreserve,shift_var_none,3,Failed,175385,342648,0,0,0,0.018846005899831653,6.73435399425216,0.00038199988193809986,6.753200000151992,32,32,16,17.0,17.0
Hedgehog,Hedgehog,none,SinglePreserve,shift_var_none,4,Failed,54438,108064,0,0,0,0.005791998701170087,2.0231150013860315,0.0003869999200105667,2.0289070000872016,48,48,16,34.0,34.0
Hedgehog,Hedgehog,none,SinglePreserve,shift_var_none,5,Failed,12781,25222,0,0,0,0.0012690017465502024,0.4680019982624799,0.00037800008431077,0.4692710000090301,32,32,16,17.0,17.0
Hedgehog,Hedgehog,none,SinglePreserve,shift_var_none,6,Failed,14103,27472,0,0,0,0.0014400004874914885,0.5215479994658381,0.0003800000995397568,0.5229879999533296,44,44,16,29.0,29.0
Hedgehog,Hedgehog,none,SinglePreserve,shift_var_none,7,Failed,40438,78364,0,0,0,0.0044400019105523825,1.4750129980966449,0.00035699992440640926,1.4794530000071973,48,48,16,33.0,33.0
Hedgehog,Hedgehog,none,SinglePreserve,shift_var_none,8,Failed,31979,63251,0,0,0,0.0034789997152984142,1.17980800033547,0.0003470000810921192,1.1832870000507685,24,24,16,9.0,9.0
Hedgehog,Hedgehog,none,SinglePreserve,shift_var_none,9,Failed,42896,83047,0,0,0,0.005332002881914377,1.561071997275576,0.0004159999080002308,1.5664040001574904,52,52,16,38.0,38.0
Hedgehog,Hedgehog,none,MultiPreserve,shift_var_none,0,Failed,132631,260811,0,0,0,0.024914004607126117,5.0619319952093065,0.0003800000995397568,5.086845999816433,44,44,16,29.0,29.0
Hedgehog,Hedgehog,none,MultiPreserve,shift_var_none,1,Failed,236602,462983,0,0,0,0.05161798233166337,9.333558017853647,0.0005909998435527086,9.38517600018531,44,44,16,29.0,29.0
Hedgehog,Hedgehog,none,MultiPreserve,shift_var_none,2,Failed,94542,185560,0,0,0,0.020909996703267097,3.559544003335759,0.0003349999897181988,3.580454000039026,16,16,16,1.0,1.0
Hedgehog,Hedgehog,none,MultiPreserve,shift_var_none,3,Failed,84833,165869,0,0,0,0.01814999873749912,3.1975400012452155,0.00033599999733269215,3.2156899999827147,16,16,16,0.0,0.0
Hedgehog,Hedgehog,none,MultiPreserve,shift_var_none,4,Failed,78717,154987,0,0,0,0.014538999181240795,2.9489480007905513,0.00036000018008053303,2.963486999971792,40,40,16,24.0,24.0
Hedgehog,Hedgehog,none,MultiPreserve,shift_var_none,5,Failed,2552,5155,0,0,0,0.0005809993017464876,0.09685900062322615,0.00038100010715425014,0.09743999992497264,44,44,16,29.0,29.0
Hedgehog,Hedgehog,none,MultiPreserve,shift_var_none,6,Failed,1091,2219,0,0,0,0.00019800011068582535,0.04195099975913763,0.0003450000658631325,0.042148999869823456,28,28,16,14.0,14.0
Hedgehog,Hedgehog,none,MultiPreserve,shift_var_none,7,Failed,56756,111102,0,0,0,0.01074099913239479,2.1109160010237247,0.0003720000386238098,2.1216570001561195,44,44,16,28.0,28.0
Hedgehog,Hedgehog,none,MultiPreserve,shift_var_none,8,Failed,204367,399539,0,0,0,0.03956400812603533,7.991326991934329,0.0003649999853223562,8.030891000060365,40,40,16,24.0,24.0
Hedgehog,Hedgehog,none,MultiPreserve,shift_var_none,9,Failed,60445,119286,0,0,0,0.020629006437957287,2.277762993471697,0.00037800008431077,2.2983919999096543,32,32,16,18.0,18.0
Hedgehog,Hedgehog,none,SinglePreserve,shift_var_all,0,Failed,21452,42449,0,0,0,0.002606000052765012,0.8140199999324977,0.0005570000503212214,0.8166259999852628,24,24,16,9.0,9.0
Hedgehog,Hedgehog,none,SinglePreserve,shift_var_all,1,Failed,69267,135434,0,0,0,0.007124997908249497,2.58301600208506,0.0003570001572370529,2.5901409999933094,25,25,16,9.0,9.0
Hedgehog,Hedgehog,none,SinglePreserve,shift_var_all,2,Failed,8140,16461,0,0,0,0.0011970000341534617,0.3058339999988675,0.00033199996687471867,0.307031000033021,20,20,16,4.0,4.0
Hedgehog,Hedgehog,none,SinglePreserve,shift_var_all,3,Failed,57660,113241,0,0,0,0.006008996395394206,2.134303003549576,0.00032400013878941536,2.14031199994497,16,16,16,0.0,0.0
Hedgehog,Hedgehog,none,SinglePreserve,shift_var_all,4,Failed,6135,12066,0,0,0,0.0007330002263188362,0.2269749997649342,0.00034200004301965237,0.22770799999125305,20,20,16,4.0,4.0
Hedgehog,Hedgehog,none,SinglePreserve,shift_var_all,5,Failed,3216,6285,0,0,0,0.0003529982641339302,0.11874700174666941,0.0003649999853223562,0.11910000001080334,32,32,16,17.0,17.0
Hedgehog,Hedgehog,none,SinglePreserve,shift_var_all,6,Failed,24149,47752,0,0,0,0.0026229985523968935,0.8956120014190674,0.0003659999929368496,0.8982349999714643,20,20,16,4.0,4.0
Hedgehog,Hedgehog,none,SinglePreserve,shift_var_all,7,Failed,12041,23160,0,0,0,0.0012290021404623983,0.4425399978645146,0.0003580001648515463,0.443769000004977,36,36,16,20.0,20.0
Hedgehog,Hedgehog,none,SinglePreserve,shift_var_all,8,Failed,3614,7287,0,0,0,0.0004090010188519954,0.13674599886871874,0.00033900002017617226,0.13715499988757074,20,20,16,4.0,4.0
Hedgehog,Hedgehog,none,SinglePreserve,shift_var_all,9,Failed,2382,4519,0,0,0,0.00022099935449659824,0.08633900061249733,0.0004000000189989805,0.08655999996699393,52,52,16,37.0,37.0
Hedgehog,Hedgehog,none,MultiPreserve,shift_var_all,0,Failed,18210,35465,0,0,0,0.0032620024867355824,0.6684599975124002,0.0003349999897181988,0.6717219999991357,20,20,16,4.0,4.0
Hedgehog,Hedgehog,none,MultiPreserve,shift_var_all,1,Failed,5742,11459,0,0,0,0.0011569997295737269,0.21672500018030402,0.0003309999592602253,0.21788199990987775,20,20,16,5.0,5.0
Hedgehog,Hedgehog,none,MultiPreserve,shift_var_all,2,Failed,20568,40733,0,0,0,0.004247002536430955,0.7600989975035191,0.00035399990156292915,0.76434600003995,48,48,16,34.0,34.0
Hedgehog,Hedgehog,none,MultiPreserve,shift_var_all,3,Failed,5264,10437,0,0,0,0.0011959997937083244,0.1972990003414452,0.00040799984708428383,0.19849500013515353,28,28,16,14.0,14.0
Hedgehog,Hedgehog,none,MultiPreserve,shift_var_all,4,Failed,123340,241961,0,0,0,0.024768996983766556,4.660180003149435,0.0003529998939484358,4.6849490001332015,28,28,16,13.0,13.0
Hedgehog,Hedgehog,none,MultiPreserve,shift_var_all,5,Failed,142895,280506,0,0,0,0.026648007100448012,5.475850992836058,0.00030800001695752144,5.502498999936506,16,16,16,1.0,1.0
Hedgehog,Hedgehog,none,MultiPreserve,shift_var_all,6,Failed,50208,98421,0,0,0,0.010160995880141854,1.8580830041319132,0.00034399982541799545,1.868244000012055,20,20,16,5.0,5.0
Hedgehog,Hedgehog,none,MultiPreserve,shift_var_all,7,Failed,11661,22940,0,0,0,0.0021740032825618982,0.4325569968204945,0.00032299989834427834,0.4347310001030564,16,16,16,0.0,0.0
Hedgehog,Hedgehog,none,MultiPreserve,shift_var_all,8,Failed,3788,7413,0,0,0,0.000701000215485692,0.14078299957327545,0.00034300005063414574,0.14148399978876114,25,25,16,10.0,10.0
Hedgehog,Hedgehog,none,MultiPreserve,shift_var_all,9,Failed,63986,125915,0,0,0,0.013198006199672818,2.4487389938440174,0.0003120000474154949,2.46193700004369,20,20,16,5.0,5.0
Hedgehog,Hedgehog,none,SinglePreserve,shift_var_leq,0,timed_out,,,,,,,0,,,0,0,24,,
Hedgehog,Hedgehog,none,MultiPreserve,shift_var_leq,0,timed_out,,,,,,,0,,,0,0,24,,
Hedgehog,Hedgehog,none,SinglePreserve,shift_abs_no_incr,0,Failed,44865,88236,0,0,0,0.005029000341892242,1.6750109996646643,0.0005409999284893274,1.6800400000065565,20,20,16,4.0,4.0
Hedgehog,Hedgehog,none,SinglePreserve,shift_abs_no_incr,1,Failed,125203,246298,0,0,0,0.013666995335370302,4.816080004675314,0.00040999986231327057,4.829747000010684,42,42,16,27.0,27.0
Hedgehog,Hedgehog,none,SinglePreserve,shift_abs_no_incr,2,Failed,29102,56899,0,0,0,0.0038489995058625937,1.069533000467345,0.000358999939635396,1.0733819999732075,40,40,16,26.0,26.0
Hedgehog,Hedgehog,none,SinglePreserve,shift_abs_no_incr,3,Failed,12941,25176,0,0,0,0.0014999995473772287,0.47427700040861964,0.0003510001115500927,0.47577699995599687,20,20,16,4.0,4.0
Hedgehog,Hedgehog,none,SinglePreserve,shift_abs_no_incr,4,Failed,17274,34227,0,0,0,0.0020179995335638523,0.637466000393033,0.00034799985587596893,0.6394839999265969,20,20,16,6.0,6.0
Hedgehog,Hedgehog,none,SinglePreserve,shift_abs_no_incr,5,Failed,25872,51129,0,0,0,0.003169000148773194,0.961373999947682,0.00035399990156292915,0.9645430000964552,24,24,16,9.0,9.0
Hedgehog,Hedgehog,none,SinglePreserve,shift_abs_no_incr,6,Failed,35129,68772,0,0,0,0.004281995352357626,1.2981690047308805,0.0003060000017285347,1.302451000083238,20,20,16,4.0,4.0
Hedgehog,Hedgehog,none,SinglePreserve,shift_abs_no_incr,7,Failed,44058,87043,0,0,0,0.004576995503157377,1.6449150044936687,0.0003120000474154949,1.649491999996826,20,20,16,5.0,5.0
Hedgehog,Hedgehog,none,SinglePreserve,shift_abs_no_incr,8,Failed,9780,19321,0,0,0,0.0011849997099488974,0.3622350003570318,0.00038100010715425014,0.3634200000669807,48,48,16,32.0,32.0
Hedgehog,Hedgehog,none,SinglePreserve,shift_abs_no_incr,9,Failed,12790,24812,0,0,0,0.001438999781385064,0.46567400032654405,0.0003730000462383032,0.4671130001079291,32,32,16,17.0,17.0
Hedgehog,Hedgehog,none,MultiPreserve,shift_abs_no_incr,0,Failed,17788,35513,0,0,0,0.0032100004609674215,0.6632199995219707,0.0003370000049471855,0.6664299999829382,20,20,16,4.0,4.0
Hedgehog,Hedgehog,none,MultiPreserve,shift_abs_no_incr,1,Failed,7872,15229,0,0,0,0.0014109970070421696,0.28694600285962224,0.0003130000550299883,0.2883569998666644,20,20,16,4.0,4.0
Hedgehog,Hedgehog,none,MultiPreserve,shift_abs_no_incr,2,Failed,46884,91517,0,0,0,0.008356005186215043,1.7370469947345553,0.0003299999516457319,1.7454029999207703,20,20,16,4.0,4.0
Hedgehog,Hedgehog,none,MultiPreserve,shift_abs_no_incr,3,Failed,1703,3398,0,0,0,0.00032900040969252586,0.06423999974504113,0.0003380000125616789,0.06456900015473366,20,20,16,5.0,5.0
Hedgehog,Hedgehog,none,MultiPreserve,shift_abs_no_incr,4,Failed,58018,113518,0,0,0,0.010826999321579931,2.147615000605583,0.0003450000658631325,2.158441999927163,20,20,16,5.0,5.0
Hedgehog,Hedgehog,none,MultiPreserve,shift_abs_no_incr,5,Failed,152575,298026,0,0,0,0.03131400211714208,5.785241998033598,0.0003489998634904623,5.81655600015074,24,24,16,8.0,8.0
Hedgehog,Hedgehog,none,MultiPreserve,shift_abs_no_incr,6,Failed,71601,141000,0,0,0,0.013322999235242603,2.6873590007890016,0.0003649999853223562,2.700682000024244,25,25,16,10.0,10.0
Hedgehog,Hedgehog,none,MultiPreserve,shift_abs_no_incr,7,Failed,12991,25710,0,0,0,0.002379997866228223,0.4818770021665841,0.00036700000055134296,0.4842570000328123,40,40,16,24.0,24.0
Hedgehog,Hedgehog,none,MultiPreserve,shift_abs_no_incr,8,Failed,42366,82235,0,0,0,0.008382006781175733,1.545222993241623,0.00031800009310245514,1.5536050000227988,21,21,16,5.0,5.0
Hedgehog,Hedgehog,none,MultiPreserve,shift_abs_no_incr,9,Failed,72028,140873,0,0,0,0.015014008851721885,2.8045139911118895,0.00041799992322921753,2.8195279999636114,44,44,16,28.0,28.0
Hedgehog,Hedgehog,none,SinglePreserve,subst_var_all,0,Failed,51501,101039,0,0,0,0.006544996052980423,1.9232110038865355,0.0005100001581013203,1.929755999939516,20,20,20,0.0,0.0
Hedgehog,Hedgehog,none,SinglePreserve,subst_var_all,1,Failed,5177,9874,0,0,0,0.0005349998828023672,0.18805400026030838,0.00031299982219934464,0.18858900014311075,36,36,20,24.0,24.0
Hedgehog,Hedgehog,none,SinglePreserve,subst_var_all,2,Failed,16013,31995,0,0,0,0.001931999111548066,0.5981340007856488,0.00033900002017617226,0.6000659998971969,20,20,20,1.0,1.0
Hedgehog,Hedgehog,none,SinglePreserve,subst_var_all,3,Failed,57753,113156,0,0,0,0.005521000828593969,2.1298779991921037,0.00034699984826147556,2.1353990000206977,24,24,20,5.0,5.0
Hedgehog,Hedgehog,none,SinglePreserve,subst_var_all,4,Failed,166108,327603,0,0,0,0.017943992745131254,6.397962007205933,0.00033900002017617226,6.415905999951065,32,32,20,19.0,19.0
Hedgehog,Hedgehog,none,SinglePreserve,subst_var_all,5,Failed,57135,111361,0,0,0,0.006452004192396998,2.113704995950684,0.0003659999929368496,2.120157000143081,24,24,20,11.0,11.0
Hedgehog,Hedgehog,none,SinglePreserve,subst_var_all,6,Failed,5169,10132,0,0,0,0.0006140007171779871,0.1901839992497116,0.000341000035405159,0.1907979999668896,20,20,20,1.0,1.0
Hedgehog,Hedgehog,none,SinglePreserve,subst_var_all,7,Failed,574,1028,0,0,0,6.300047971308231e-05,0.020928999409079548,0.0003700000233948231,0.02099199988879263,44,44,20,30.0,30.0
Hedgehog,Hedgehog,none,SinglePreserve,subst_var_all,8,Failed,61314,120491,0,0,0,0.006734003312885761,2.2843019966967404,0.00035699992440640926,2.291036000009626,32,32,20,20.0,20.0
Hedgehog,Hedgehog,none,SinglePreserve,subst_var_all,9,Failed,37564,73237,0,0,0,0.003979998407885432,1.3770040017552674,0.00034099980257451534,1.3809840001631528,20,20,20,0.0,0.0
Hedgehog,Hedgehog,none,MultiPreserve,subst_var_all,0,Failed,172143,338658,0,0,0,0.03508999431505799,6.610173005843535,0.00031899986788630486,6.645263000158593,20,20,20,1.0,1.0
Hedgehog,Hedgehog,none,MultiPreserve,subst_var_all,1,Failed,54633,107268,0,0,0,0.011518000857904552,2.027686999179423,0.000341000035405159,2.0392050000373274,32,32,20,17.0,17.0
Hedgehog,Hedgehog,none,MultiPreserve,subst_var_all,2,Failed,13779,26937,0,0,0,0.0027189995162189007,0.5071390003431588,0.0003659999929368496,0.5098579998593777,44,44,20,30.0,30.0
Hedgehog,Hedgehog,none,MultiPreserve,subst_var_all,3,Failed,36092,70740,0,0,0,0.006461994955316186,1.3319750051014125,0.00035200011916458607,1.3384370000567287,32,32,20,19.0,19.0
Hedgehog,Hedgehog,none,MultiPreserve,subst_var_all,4,Failed,11686,23315,0,0,0,0.002581000095233321,0.43510899972170586,0.00032800016924738884,0.4376899998169392,20,20,20,1.0,1.0
Hedgehog,Hedgehog,none,MultiPreserve,subst_var_all,5,Failed,21173,42228,0,0,0,0.004296999657526612,0.7845130003988743,0.0003130000550299883,0.7888100000564009,25,25,20,5.0,5.0
Hedgehog,Hedgehog,none,MultiPreserve,subst_var_all,6,Failed,6919,13492,0,0,0,0.0012919986620545387,0.25420400127768517,0.0002980001736432314,0.2554959999397397,24,24,20,9.0,9.0
Hedgehog,Hedgehog,none,MultiPreserve,subst_var_all,7,Failed,25452,49932,0,0,0,0.004774000495672226,0.9508749993983656,0.00033599999733269215,0.9556489998940378,20,20,20,0.0,0.0
Hedgehog,Hedgehog,none,MultiPreserve,subst_var_all,8,Failed,19652,38649,0,0,0,0.00371899944730103,0.7262280005961657,0.0003339999821037054,0.7299470000434667,20,20,20,1.0,1.0
Hedgehog,Hedgehog,none,MultiPreserve,subst_var_all,9,Failed,476,830,0,0,0,8.599995635449886e-05,0.017231000121682882,0.0003730000462383032,0.01731700007803738,52,52,20,38.0,38.0
Hedgehog,Hedgehog,none,SinglePreserve,subst_var_none,0,Failed,6060,11741,0,0,0,0.0007719998247921467,0.24578900006599724,0.0005210000090301037,0.2465609998907894,12,12,12,0.0,0.0
Hedgehog,Hedgehog,none,SinglePreserve,subst_var_none,1,Failed,21539,42362,0,0,0,0.0023909995798021555,0.7993170004338026,0.0003760000690817833,0.8017080000136048,44,44,12,32.0,32.0
Hedgehog,Hedgehog,none,SinglePreserve,subst_var_none,2,Failed,2239,4462,0,0,0,0.00023799855262041092,0.08503600140102208,0.0003179998602718115,0.08527399995364249,16,16,12,6.0,6.0
Hedgehog,Hedgehog,none,SinglePreserve,subst_var_none,3,Failed,21252,42049,0,0,0,0.0019989965949207544,0.7923680034000427,0.0003899999428540468,0.7943669999949634,56,56,12,44.0,44.0
Hedgehog,Hedgehog,none,SinglePreserve,subst_var_none,4,Failed,5312,10389,0,0,0,0.000634999480098486,0.19499900052323935,0.0003019999712705612,0.19563400000333783,24,24,12,14.0,14.0
Hedgehog,Hedgehog,none,SinglePreserve,subst_var_none,5,Failed,14139,27862,0,0,0,0.0019520013593137264,0.5271539986133575,0.0004010000266134739,0.5291059999726713,40,40,12,29.0,29.0
Hedgehog,Hedgehog,none,SinglePreserve,subst_var_none,6,Failed,1403,2700,0,0,0,0.00013400008901953697,0.052398999920114875,0.00033900002017617226,0.05253300000913441,20,20,12,9.0,9.0
Hedgehog,Hedgehog,none,SinglePreserve,subst_var_none,7,Failed,2946,5855,0,0,0,0.0003410005010664463,0.11212099948897958,0.0003480000887066126,0.11246199999004602,12,12,12,0.0,0.0
Hedgehog,Hedgehog,none,SinglePreserve,subst_var_none,8,Failed,45829,89072,0,0,0,0.004838997730985284,1.702637002337724,0.00032599992118775845,1.7074760000687093,12,12,12,0.0,0.0
Hedgehog,Hedgehog,none,SinglePreserve,subst_var_none,9,Failed,1344,2757,0,0,0,0.0001300000585615635,0.052225999999791384,0.00032299989834427834,0.05235600005835295,12,12,12,1.0,1.0
Hedgehog,Hedgehog,none,MultiPreserve,subst_var_none,0,Failed,6934,13267,0,0,0,0.001425998518243432,0.2517180014401674,0.00037400005385279655,0.25314399995841086,49,49,12,37.0,37.0
Hedgehog,Hedgehog,none,MultiPreserve,subst_var_none,1,Failed,2489,4712,0,0,0,0.00045499950647354126,0.09009200055152178,0.0003459998406469822,0.09054700005799532,24,24,12,13.0,13.0
Hedgehog,Hedgehog,none,MultiPreserve,subst_var_none,2,Failed,12581,24600,0,0,0,0.0025149972643703222,0.46069400291889906,0.0003209998831152916,0.4632090001832694,12,12,12,0.0,0.0
Hedgehog,Hedgehog,none,MultiPreserve,subst_var_none,3,Failed,563,1038,0,0,0,0.00011399947106838226,0.021167000522837043,0.00041200011037290096,0.021280999993905425,52,52,12,41.0,41.0
Hedgehog,Hedgehog,none,MultiPreserve,subst_var_none,4,Failed,5574,10930,0,0,0,0.001048998907208443,0.20730300107970837,0.0003690000157803297,0.2083519999869168,44,44,12,32.0,32.0
Hedgehog,Hedgehog,none,MultiPreserve,subst_var_none,5,Failed,438,763,0,0,0,9.400001727044582e-05,0.016388999996706843,0.0003279999364167452,0.01648300001397729,24,24,12,14.0,14.0
Hedgehog,Hedgehog,none,MultiPreserve,subst_var_none,6,Failed,869,1632,0,0,0,0.00018700002692639828,0.03235800005495548,0.00031899986788630486,0.03254500008188188,12,12,12,0.0,0.0
Hedgehog,Hedgehog,none,MultiPreserve,subst_var_none,7,Failed,5887,11614,0,0,0,0.0012740020174533129,0.21957299811765552,0.0004279999993741512,0.22084700013510883,20,20,12,10.0,10.0
Hedgehog,Hedgehog,none,MultiPreserve,subst_var_none,8,Failed,14385,28116,0,0,0,0.003183993510901928,0.537299006478861,0.0003300001844763756,0.5404829999897629,24,24,12,14.0,14.0
Hedgehog,Hedgehog,none,MultiPreserve,subst_var_none,9,Failed,858,1743,0,0,0,0.0001660003326833248,0.03366099949926138,0.00033900002017617226,0.033826999831944704,12,12,12,1.0,1.0
Hedgehog,Hedgehog,none,SinglePreserve,subst_abs_no_shift,0,timed_out,,,,,,,0,,,0,0,24,,
Hedgehog,Hedgehog,none,MultiPreserve,subst_abs_no_shift,0,timed_out,,,,,,,0,,,0,0,24,,
Hedgehog,Hedgehog,none,SinglePreserve,subst_abs_no_incr,0,Failed,71146,137855,0,0,0,0.008760998025536537,2.6305990018881857,0.0005399999208748341,2.6393599999137223,40,40,20,24.0,24.0
Hedgehog,Hedgehog,none,SinglePreserve,subst_abs_no_incr,1,Failed,153642,301984,0,0,0,0.01681899605318904,5.939438003813848,0.0003339999821037054,5.956256999867037,20,20,20,1.0,1.0
Hedgehog,Hedgehog,none,SinglePreserve,subst_abs_no_incr,2,Failed,82622,162180,0,0,0,0.010678004007786512,3.1605429959017783,0.000323000131174922,3.171220999909565,20,20,20,1.0,1.0
Hedgehog,Hedgehog,none,SinglePreserve,subst_abs_no_incr,3,Failed,2496,4909,0,0,0,0.00030099949799478054,0.09092700039036572,0.00030200020410120487,0.0912279998883605,20,20,20,1.0,1.0
Hedgehog,Hedgehog,none,SinglePreserve,subst_abs_no_incr,4,Failed,196955,386046,0,0,0,0.020745001267641783,7.626064998563379,0.00035600014962255955,7.646809999831021,20,20,20,1.0,1.0
Hedgehog,Hedgehog,none,SinglePreserve,subst_abs_no_incr,5,Failed,4468,8783,0,0,0,0.0006279973313212395,0.2119750026613474,0.0004440001212060451,0.21260299999266863,20,20,20,2.0,2.0
Hedgehog,Hedgehog,none,SinglePreserve,subst_abs_no_incr,6,Failed,121394,239007,0,0,0,0.012872998137027023,4.620965001871809,0.00034900009632110596,4.633838000008836,20,20,20,0.0,0.0
Hedgehog,Hedgehog,none,SinglePreserve,subst_abs_no_incr,7,Failed,3156,6145,0,0,0,0.00029600062407553196,0.11668999958783387,0.00032599992118775845,0.1169860002119094,20,20,20,0.0,0.0
Hedgehog,Hedgehog,none,SinglePreserve,subst_abs_no_incr,8,Failed,7881,15225,0,0,0,0.0007590011227875948,0.2881129989400506,0.00036800000816583633,0.2888720000628382,40,40,20,22.0,22.0
Hedgehog,Hedgehog,none,SinglePreserve,subst_abs_no_incr,9,Failed,148568,292633,0,0,0,0.01485199574381113,5.668645004276186,0.00036700000055134296,5.683497000019997,20,20,20,1.0,1.0
Hedgehog,Hedgehog,none,MultiPreserve,subst_abs_no_incr,0,Failed,75963,147633,0,0,0,0.016519001219421625,2.816475998610258,0.00034200004301965237,2.8329949998296797,24,24,20,5.0,5.0
Hedgehog,Hedgehog,none,MultiPreserve,subst_abs_no_incr,1,Failed,25375,49579,0,0,0,0.004638003883883357,0.9362929961644114,0.0003720000386238098,0.9409310000482948,24,24,20,5.0,5.0
Hedgehog,Hedgehog,none,MultiPreserve,subst_abs_no_incr,2,Failed,20030,39671,0,0,0,0.004163001198321581,0.7466399988625199,0.000392999965697527,0.7508030000608414,28,28,20,14.0,14.0
Hedgehog,Hedgehog,none,MultiPreserve,subst_abs_no_incr,3,Failed,404,730,0,0,0,7.399986498057842e-05,0.014815000118687749,0.0003919999580830336,0.014888999983668327,56,56,20,42.0,42.0
Hedgehog,Hedgehog,none,MultiPreserve,subst_abs_no_incr,4,Failed,40713,79488,0,0,0,0.008069994393736124,1.4996770054567605,0.0003500001039355993,1.5077469998504966,40,40,20,25.0,25.0
Hedgehog,Hedgehog,none,MultiPreserve,subst_abs_no_incr,5,Failed,47578,93123,0,0,0,0.008940004743635654,1.7574869953095913,0.0003549999091774225,1.766427000053227,28,28,20,12.0,12.0
Hedgehog,Hedgehog,none,MultiPreserve,subst_abs_no_incr,6,Failed,11943,23866,0,0,0,0.0025850017555058,0.44606599817052484,0.0003869999200105667,0.44865099992603064,24,24,20,5.0,5.0
Hedgehog,Hedgehog,none,MultiPreserve,subst_abs_no_incr,7,Failed,15290,30211,0,0,0,0.0028710004407912493,0.5650379995349795,0.00041300011798739433,0.5679089999757707,20,20,20,0.0,0.0
Hedgehog,Hedgehog,none,MultiPreserve,subst_abs_no_incr,8,Failed,42452,83649,0,0,0,0.008016993524506688,1.571642006514594,0.00035399990156292915,1.5796590000391006,28,28,20,13.0,13.0
Hedgehog,Hedgehog,none,MultiPreserve,subst_abs_no_incr,9,Failed,34673,67428,0,0,0,0.007647996302694082,1.2765790035482496,0.0003510001115500927,1.2842269998509437,25,25,20,6.0,6.0
Hedgehog,Hedgehog,none,SinglePreserve,substTop_no_shift,0,Failed,6658,13159,0,0,0,0.0008639988955110312,0.266656001098454,0.0005870000459253788,0.26751999999396503,48,48,16,33.0,33.0
Hedgehog,Hedgehog,none,SinglePreserve,substTop_no_shift,1,Failed,152065,297872,0,0,0,0.01640400174073875,5.792974998243153,0.00036399997770786285,5.809378999983892,32,32,16,17.0,17.0
Hedgehog,Hedgehog,none,SinglePreserve,substTop_no_shift,2,Failed,160581,314857,0,0,0,0.016541992546990514,6.098969007609412,0.0003869999200105667,6.115511000156403,28,28,16,14.0,14.0
Hedgehog,Hedgehog,none,SinglePreserve,substTop_no_shift,3,Failed,40805,80114,0,0,0,0.005116999847814441,1.5048860001843423,0.00037700007669627666,1.5100030000321567,48,48,16,32.0,32.0
Hedgehog,Hedgehog,none,SinglePreserve,substTop_no_shift,4,Failed,114316,223786,0,0,0,0.011841993080452085,4.297965006902814,0.0003900001756846905,4.309806999983266,44,44,16,29.0,29.0
Hedgehog,Hedgehog,none,SinglePreserve,substTop_no_shift,5,Failed,57054,112848,0,0,0,0.006123001920059323,2.1245949980802834,0.0003710000310093165,2.1307180000003427,48,48,16,33.0,33.0
Hedgehog,Hedgehog,none,SinglePreserve,substTop_no_shift,6,Failed,25376,50050,0,0,0,0.00267400243319571,0.9313949977513403,0.0003839998971670866,0.934069000184536,52,52,16,36.0,36.0
Hedgehog,Hedgehog,none,SinglePreserve,substTop_no_shift,7,Failed,139061,273641,0,0,0,0.014229003107175233,5.300496997078881,0.0003499998711049557,5.314726000186056,44,44,16,30.0,30.0
Hedgehog,Hedgehog,none,SinglePreserve,substTop_no_shift,8,Failed,10370,20636,0,0,0,0.0010300001595169306,0.38762699998915195,0.0003450000658631325,0.3886570001486689,32,32,16,17.0,17.0
Hedgehog,Hedgehog,none,SinglePreserve,substTop_no_shift,9,Failed,55972,109972,0,0,0,0.0055030034855008125,2.1333569965790957,0.000358999939635396,2.1388600000645965,40,40,16,25.0,25.0
Hedgehog,Hedgehog,none,MultiPreserve,substTop_no_shift,0,Failed,99840,195265,0,0,0,0.01823600218631327,3.6891319977585226,0.0003279999364167452,3.707367999944836,16,16,16,0.0,0.0
Hedgehog,Hedgehog,none,MultiPreserve,substTop_no_shift,1,Failed,117885,231719,0,0,0,0.021795005537569523,4.438308994518593,0.0003220001235604286,4.4601040000561625,32,32,16,18.0,18.0
Hedgehog,Hedgehog,none,MultiPreserve,substTop_no_shift,2,Failed,72582,142121,0,0,0,0.015225006500259042,2.6765509934630245,0.0003239999059587717,2.6917759999632835,32,32,16,17.0,17.0
Hedgehog,Hedgehog,none,MultiPreserve,substTop_no_shift,3,Failed,47557,93861,0,0,0,0.008764001773670316,1.7384299980476499,0.0003130000550299883,1.7471939998213202,32,32,16,16.0,16.0
Hedgehog,Hedgehog,none,MultiPreserve,substTop_no_shift,4,Failed,40384,80033,0,0,0,0.0072889989241957664,1.4871180010959506,0.00029099988751113415,1.4944070000201464,20,20,16,5.0,5.0
Hedgehog,Hedgehog,none,MultiPreserve,substTop_no_shift,5,Failed,23944,47459,0,0,0,0.004455000627785921,0.8834199993871152,0.0003619999624788761,0.8878750000149012,56,56,16,40.0,40.0
Hedgehog,Hedgehog,none,MultiPreserve,substTop_no_shift,6,Failed,483788,948433,0,0,0,0.0957739930599928,20.16640400676988,0.00031500007025897503,20.262177999829873,20,20,16,6.0,6.0
Hedgehog,Hedgehog,none,MultiPreserve,substTop_no_shift,7,Failed,53990,106712,0,0,0,0.010199997341260314,1.9946360026951875,0.0003239999059587717,2.004836000036448,28,28,16,13.0,13.0
Hedgehog,Hedgehog,none,MultiPreserve,substTop_no_shift,8,Failed,30928,60283,0,0,0,0.005551003850996494,1.1183219961822033,0.0002980001736432314,1.1238730000331998,20,20,16,6.0,6.0
Hedgehog,Hedgehog,none,MultiPreserve,substTop_no_shift,9,Failed,22082,43022,0,0,0,0.004147992003709078,0.8019160081166774,0.0003400000277906656,0.8060640001203865,32,32,16,17.0,17.0
Hedgehog,Hedgehog,none,SinglePreserve,substTop_no_shift_back,0,Failed,17148,33553,0,0,0,0.0022159989457577467,0.6567260010633618,0.000483000185340643,0.6589420000091195,16,16,16,0.0,0.0
Hedgehog,Hedgehog,none,SinglePreserve,substTop_no_shift_back,1,Failed,29947,59154,0,0,0,0.0035680029541254044,1.0919349971227348,0.0004429998807609081,1.0955030000768602,48,48,16,32.0,32.0
Hedgehog,Hedgehog,none,SinglePreserve,substTop_no_shift_back,2,Failed,37013,71625,0,0,0,0.0036379960365593433,1.3397890038322657,0.00038100010715425014,1.343426999868825,56,56,16,43.0,43.0
Hedgehog,Hedgehog,none,SinglePreserve,substTop_no_shift_back,3,Failed,89547,174662,0,0,0,0.009000009391456842,3.325054990593344,0.00035600014962255955,3.334054999984801,56,56,16,43.0,43.0
Hedgehog,Hedgehog,none,SinglePreserve,substTop_no_shift_back,4,Failed,26340,52862,0,0,0,0.00315399793908,0.9751040020491928,0.00035200011916458607,0.9782579999882728,56,56,16,43.0,43.0
Hedgehog,Hedgehog,none,SinglePreserve,substTop_no_shift_back,5,Failed,45951,89850,0,0,0,0.004963996121659875,1.7200220038648695,0.00031700008548796177,1.7249859999865294,29,29,16,13.0,13.0
Hedgehog,Hedgehog,none,SinglePreserve,substTop_no_shift_back,6,Failed,43726,84726,0,0,0,0.0044579964596778154,1.6008720034733415,0.0003980000037699938,1.6053299999330193,57,57,16,44.0,44.0
Hedgehog,Hedgehog,none,SinglePreserve,substTop_no_shift_back,7,Failed,160760,316641,0,0,0,0.018899997230619192,6.049512002617121,0.0003019999712705612,6.06841199984774,16,16,16,0.0,0.0
Hedgehog,Hedgehog,none,SinglePreserve,substTop_no_shift_back,8,Failed,40318,78384,0,0,0,0.004889997653663158,1.464938002405688,0.0003529998939484358,1.469828000059351,48,48,16,35.0,35.0
Hedgehog,Hedgehog,none,SinglePreserve,substTop_no_shift_back,9,Failed,38404,75613,0,0,0,0.003822998609393835,1.3956520012579858,0.00032599992118775845,1.3994749998673797,36,36,16,23.0,23.0
Hedgehog,Hedgehog,none,MultiPreserve,substTop_no_shift_back,0,Failed,91512,179189,0,0,0,0.016934006242081523,3.3988839937373996,0.0003260001540184021,3.415817999979481,44,44,16,28.0,28.0
Hedgehog,Hedgehog,none,MultiPreserve,substTop_no_shift_back,1,Failed,10490,20815,0,0,0,0.0018819987308233976,0.38794000120833516,0.00032199989072978497,0.38982199993915856,32,32,16,19.0,19.0
Hedgehog,Hedgehog,none,MultiPreserve,substTop_no_shift_back,2,Failed,48936,95865,0,0,0,0.010116998804733155,1.7845180013682693,0.00037299981340765953,1.7946350001730025,16,16,16,0.0,0.0
Hedgehog,Hedgehog,none,MultiPreserve,substTop_no_shift_back,3,Failed,85528,168373,0,0,0,0.01638700603507459,3.221634994028136,0.000295999925583601,3.2380220000632107,16,16,16,0.0,0.0
Hedgehog,Hedgehog,none,MultiPreserve,substTop_no_shift_back,4,Failed,118266,232137,0,0,0,0.022243002196773887,4.396695997798815,0.00033900002017617226,4.418938999995589,48,48,16,35.0,35.0
Hedgehog,Hedgehog,none,MultiPreserve,substTop_no_shift_back,5,Failed,70272,137447,0,0,0,0.013493002625182273,2.5998239973559976,0.0003209998831152916,2.61331699998118,24,24,16,11.0,11.0
Hedgehog,Hedgehog,none,MultiPreserve,substTop_no_shift_back,6,Failed,11063,22238,0,0,0,0.0019690031185746193,0.4154579967726022,0.0003249999135732651,0.4174269998911768,24,24,16,8.0,8.0
Hedgehog,Hedgehog,none,MultiPreserve,substTop_no_shift_back,7,Failed,45243,88961,0,0,0,0.00971100339666009,1.6584829967468977,0.00037400005385279655,1.6681940001435578,56,56,16,43.0,43.0
Hedgehog,Hedgehog,none,MultiPreserve,substTop_no_shift_back,8,Failed,43640,86361,0,0,0,0.009261003928259017,1.6043339960742742,0.000295999925583601,1.6135950000025332,16,16,16,0.0,0.0
Hedgehog,Hedgehog,none,MultiPreserve,substTop_no_shift_back,9,Failed,5576,11100,0,0,0,0.0010679983533918858,0.2070760016795248,0.0003279999364167452,0.2081440000329167,32,32,16,19.0,19.0
Hedgehog,HedgehogCBC,none,SinglePreserve,shift_var_none,0,Failed,68,0,0,0,0,0.00011300062760710716,0.006457999348640442,0.001946000149473548,0.006570999976247549,57,57,16,42.0,42.0
Hedgehog,HedgehogCBC,none,SinglePreserve,shift_var_none,1,Failed,155,0,0,0,0,0.00011600018478929996,0.007087999721989036,0.0003790000919252634,0.007203999906778336,16,16,16,0.0,0.0
Hedgehog,HedgehogCBC,none,SinglePreserve,shift_var_none,2,Failed,68,0,0,0,0,5.700020119547844e-05,0.002618999918922782,0.0004420001059770584,0.0026760001201182604,49,49,16,33.0,33.0
Hedgehog,HedgehogCBC,none,SinglePreserve,shift_var_none,3,Failed,21,0,0,0,0,1.400010660290718e-05,0.0006500000599771738,0.00041099986992776394,0.000664000166580081,64,64,16,49.0,49.0
Hedgehog,HedgehogCBC,none,SinglePreserve,shift_var_none,4,Failed,255,0,0,0,0,0.0001279998105019331,0.006829000310972333,0.0003079997841268778,0.006957000121474266,33,33,16,18.0,18.0
Hedgehog,HedgehogCBC,none,SinglePreserve,shift_var_none,5,Failed,24,0,0,0,0,1.700012944638729e-05,0.000780999893322587,0.0003549999091774225,0.0007980000227689743,49,49,16,33.0,33.0
Hedgehog,HedgehogCBC,none,SinglePreserve,shift_var_none,6,Failed,421,0,0,0,0,0.00019499962218105793,0.009936000453308226,0.00045299995690584183,0.010131000075489284,77,77,16,62.0,62.0
Hedgehog,HedgehogCBC,none,SinglePreserve,shift_var_none,7,Failed,127,0,0,0,0,6.199977360665798e-05,0.0035790002439171076,0.0003249999135732651,0.0036410000175237656,40,40,16,24.0,24.0
Hedgehog,HedgehogCBC,none,SinglePreserve,shift_var_none,8,Failed,280,0,0,0,0,0.00021400069817900655,0.006652999436482787,0.00033599999733269215,0.006867000134661794,32,32,16,16.0,16.0
Hedgehog,HedgehogCBC,none,SinglePreserve,shift_var_none,9,Failed,806,0,0,0,0,0.00032100058160722256,0.017178999492898583,0.0004649998154491186,0.017500000074505806,57,57,16,41.0,41.0
Hedgehog,HedgehogCBC,none,MultiPreserve,shift_var_none,0,Failed,36,0,0,0,0,2.00001522898674e-05,0.0008449999149888754,0.00029399991035461426,0.0008650000672787428,16,16,16,0.0,0.0
Hedgehog,HedgehogCBC,none,MultiPreserve,shift_var_none,1,Failed,63,0,0,0,0,5.300017073750496e-05,0.0022619999945163727,0.0004119998775422573,0.0023150001652538776,57,57,16,41.0,41.0
Hedgehog,HedgehogCBC,none,MultiPreserve,shift_var_none,2,Failed,98,0,0,0,0,5.499948747456074e-05,0.002771000610664487,0.00032299989834427834,0.0028260000981390476,64,64,16,49.0,49.0
Hedgehog,HedgehogCBC,none,MultiPreserve,shift_var_none,3,Failed,126,0,0,0,0,6.200000643730164e-05,0.0036410000175237656,0.0004920000210404396,0.003703000023961067,48,48,16,33.0,33.0
Hedgehog,HedgehogCBC,none,MultiPreserve,shift_var_none,4,Failed,45,0,0,0,0,2.400018274784088e-05,0.0011289999820291996,0.0003339999821037054,0.0011530001647770405,45,45,16,29.0,29.0
Hedgehog,HedgehogCBC,none,MultiPreserve,shift_var_none,5,Failed,98,0,0,0,0,5.700043402612209e-05,0.0034429996740072966,0.0003249999135732651,0.0035000001080334187,16,16,16,0.0,0.0
Hedgehog,HedgehogCBC,none,MultiPreserve,shift_var_none,6,Failed,48,0,0,0,0,2.9999995604157448e-05,0.0014219998847693205,0.00037700007669627666,0.001451999880373478,41,41,16,25.0,25.0
Hedgehog,HedgehogCBC,none,MultiPreserve,shift_var_none,7,Failed,389,0,0,0,0,0.0002040003892034292,0.009337999625131486,0.0003779998514801264,0.009542000014334915,48,48,16,32.0,32.0
Hedgehog,HedgehogCBC,none,MultiPreserve,shift_var_none,8,Failed,506,0,0,0,0,0.0004819999448955059,0.011622000252828002,0.0002749999985098839,0.012104000197723508,24,24,16,9.0,9.0
Hedgehog,HedgehogCBC,none,MultiPreserve,shift_var_none,9,Failed,342,0,0,0,0,0.00016699917614459991,0.008103000931441784,0.0003130000550299883,0.008270000107586384,48,48,16,33.0,33.0
Hedgehog,HedgehogCBC,none,SinglePreserve,shift_var_all,0,Failed,214,0,0,0,0,0.0001810002140700817,0.011151999700814486,0.0007790001109242439,0.011332999914884567,16,16,16,0.0,0.0
Hedgehog,HedgehogCBC,none,SinglePreserve,shift_var_all,1,Failed,617,0,0,0,0,0.0003779998514801264,0.018558000214397907,0.0005189999938011169,0.018936000065878034,65,65,16,49.0,49.0
Hedgehog,HedgehogCBC,none,SinglePreserve,shift_var_all,2,Failed,37,0,0,0,0,2.599973231554031e-05,0.0010990002192556856,0.0003950002137571573,0.001124999951571226,64,64,16,49.0,49.0
Hedgehog,HedgehogCBC,none,SinglePreserve,shift_var_all,3,Failed,683,0,0,0,0,0.00030099996365606785,0.015381000004708767,0.00032599992118775845,0.015681999968364835,16,16,16,1.0,1.0
Hedgehog,HedgehogCBC,none,SinglePreserve,shift_var_all,4,Failed,70,0,0,0,0,3.899983130395413e-05,0.0018130003008991478,0.0002899998798966408,0.001852000132203102,16,16,16,1.0,1.0
Hedgehog,HedgehogCBC,none,SinglePreserve,shift_var_all,5,Failed,738,0,0,0,0,0.0003239994402974844,0.016861000563949347,0.00042399996891617775,0.01718500000424683,90,90,16,74.0,74.0
Hedgehog,HedgehogCBC,none,SinglePreserve,shift_var_all,6,Failed,23,0,0,0,0,1.899944618344307e-05,0.0006980004254728556,0.00031700008548796177,0.0007169998716562986,24,24,16,8.0,8.0
Hedgehog,HedgehogCBC,none,SinglePreserve,shift_var_all,7,Failed,346,0,0,0,0,0.00016300007700920105,0.007840999867767096,0.000295999925583601,0.008003999944776297,41,41,16,25.0,25.0
Hedgehog,HedgehogCBC,none,SinglePreserve,shift_var_all,8,Failed,98,0,0,0,0,5.4999953135848045e-05,0.0029830001294612885,0.0003629999700933695,0.0030380000825971365,73,73,16,57.0,57.0
Hedgehog,HedgehogCBC,none,SinglePreserve,shift_var_all,9,Failed,77,0,0,0,0,4.900037311017513e-05,0.008891999488696456,0.000430000014603138,0.008940999861806631,24,24,16,8.0,8.0
Hedgehog,HedgehogCBC,none,MultiPreserve,shift_var_all,0,Failed,43,0,0,0,0,2.200016751885414e-05,0.000997999683022499,0.0003730000462383032,0.0010199998505413532,40,40,16,25.0,25.0
Hedgehog,HedgehogCBC,none,MultiPreserve,shift_var_all,1,Failed,296,0,0,0,0,0.0001459992490708828,0.006807000609114766,0.00028600008226931095,0.006952999858185649,48,48,16,33.0,33.0
Hedgehog,HedgehogCBC,none,MultiPreserve,shift_var_all,2,Failed,859,0,0,0,0,0.0004889988340437412,0.018770001363009214,0.0004719998687505722,0.019259000197052956,94,94,16,78.0,78.0
Hedgehog,HedgehogCBC,none,MultiPreserve,shift_var_all,3,Failed,179,0,0,0,0,9.700004011392592e-05,0.004291999852284789,0.0003060000017285347,0.004388999892398715,24,24,16,8.0,8.0
Hedgehog,HedgehogCBC,none,MultiPreserve,shift_var_all,4,Failed,310,0,0,0,0,0.00014200061559677124,0.007117999251931906,0.0002910001203417778,0.007259999867528677,41,41,16,25.0,25.0
Hedgehog,HedgehogCBC,none,MultiPreserve,shift_var_all,5,Failed,150,0,0,0,0,8.499971590936184e-05,0.00402800040319562,0.0002679999452084303,0.004113000119104981,24,24,16,9.0,9.0
Hedgehog,HedgehogCBC,none,MultiPreserve,shift_var_all,6,Failed,545,0,0,0,0,0.00064699980430305,0.01168700004927814,0.0002870000898838043,0.01233399985358119,40,40,16,24.0,24.0
Hedgehog,HedgehogCBC,none,MultiPreserve,shift_var_all,7,Failed,142,0,0,0,0,7.800012826919556e-05,0.0038069998845458026,0.0003559999167919159,0.003885000012814998,16,16,16,1.0,1.0
Hedgehog,HedgehogCBC,none,MultiPreserve,shift_var_all,8,Failed,484,0,0,0,0,0.0002399999648332596,0.011134000029414892,0.00028000003658235073,0.011373999994248152,24,24,16,8.0,8.0
Hedgehog,HedgehogCBC,none,MultiPreserve,shift_var_all,9,Failed,623,0,0,0,0,0.00030999863520264626,0.014466001419350507,0.0003190001007169485,0.014776000054553153,33,33,16,17.0,17.0
Hedgehog,HedgehogCBC,none,SinglePreserve,shift_var_leq,0,timed_out,,,,,,,0,,,0,0,24,,
Hedgehog,HedgehogCBC,none,MultiPreserve,shift_var_leq,0,timed_out,,,,,,,0,,,0,0,24,,
Hedgehog,HedgehogCBC,none,SinglePreserve,shift_abs_no_incr,0,Failed,327,0,0,0,0,0.00030199973843991756,0.018916000379249454,0.0008219999726861715,0.01921800011768937,66,66,16,50.0,50.0
Hedgehog,HedgehogCBC,none,SinglePreserve,shift_abs_no_incr,1,Failed,282,0,0,0,0,0.00018600071780383587,0.008954999269917607,0.000447999918833375,0.009140999987721443,68,68,16,54.0,54.0
Hedgehog,HedgehogCBC,none,SinglePreserve,shift_abs_no_incr,2,Failed,272,0,0,0,0,0.00013699941337108612,0.007118000416085124,0.0004730001091957092,0.00725499982945621,81,81,16,66.0,66.0
Hedgehog,HedgehogCBC,none,SinglePreserve,shift_abs_no_incr,3,Failed,157,0,0,0,0,8.499994874000549e-05,0.004084999905899167,0.00030399998649954796,0.0041699998546391726,49,49,16,33.0,33.0
Hedgehog,HedgehogCBC,none,SinglePreserve,shift_abs_no_incr,4,Failed,270,0,0,0,0,0.0001350007951259613,0.006821999093517661,0.0003909999504685402,0.006956999888643622,57,57,16,41.0,41.0
Hedgehog,HedgehogCBC,none,SinglePreserve,shift_abs_no_incr,5,Failed,297,0,0,0,0,0.00012100022286176682,0.006427999818697572,0.00035699992440640926,0.006549000041559339,77,77,16,62.0,62.0
Hedgehog,HedgehogCBC,none,SinglePreserve,shift_abs_no_incr,6,Failed,48,0,0,0,0,2.100015990436077e-05,0.0011699998285621405,0.00035699992440640926,0.0011909999884665012,24,24,16,9.0,9.0
Hedgehog,HedgehogCBC,none,SinglePreserve,shift_abs_no_incr,7,Failed,100,0,0,0,0,6.0999998822808266e-05,0.0026840001810342073,0.0008290000259876251,0.0027450001798570156,99,99,16,83.0,83.0
Hedgehog,HedgehogCBC,none,SinglePreserve,shift_abs_no_incr,8,Failed,269,0,0,0,0,0.0001289995852857828,0.0065370004158467054,0.0002940001431852579,0.006666000001132488,16,16,16,0.0,0.0
Hedgehog,HedgehogCBC,none,SinglePreserve,shift_abs_no_incr,9,Failed,765,0,0,0,0,0.00033900002017617226,0.016650999896228313,0.0003820001147687435,0.016989999916404486,65,65,16,49.0,49.0
Hedgehog,HedgehogCBC,none,MultiPreserve,shift_abs_no_incr,0,Failed,159,0,0,0,0,7.699965499341488e-05,0.003964000381529331,0.00044499989598989487,0.004041000036522746,48,48,16,33.0,33.0
Hedgehog,HedgehogCBC,none,MultiPreserve,shift_abs_no_incr,1,Failed,71,0,0,0,0,4.2999861761927605e-05,0.0018570001702755692,0.0003529998939484358,0.0019000000320374968,46,46,16,30.0,30.0
Hedgehog,HedgehogCBC,none,MultiPreserve,shift_abs_no_incr,2,Failed,70,0,0,0,0,4.900014027953148e-05,0.0018269999418407676,0.00039499998092651367,0.0018760000821202991,68,68,16,53.0,53.0
Hedgehog,HedgehogCBC,none,MultiPreserve,shift_abs_no_incr,3,Failed,1800,0,0,0,0,0.0008670005481690168,0.037280999589711435,0.000295999925583601,0.03814800013788045,16,16,16,1.0,1.0
Hedgehog,HedgehogCBC,none,MultiPreserve,shift_abs_no_incr,4,Failed,1878,0,0,0,0,0.0008769994601607323,0.04022200056351721,0.0003090000245720148,0.041099000023677945,16,16,16,0.0,0.0
Hedgehog,HedgehogCBC,none,MultiPreserve,shift_abs_no_incr,5,Failed,12,0,0,0,0,1.100008375942707e-05,0.00045199994929134846,0.0003759998362511397,0.00046300003305077553,74,74,16,58.0,58.0
Hedgehog,HedgehogCBC,none,MultiPreserve,shift_abs_no_incr,6,Failed,18,0,0,0,0,1.6999896615743637e-05,0.0005680001340806484,0.00044599990360438824,0.0005850000306963921,106,106,16,90.0,90.0
Hedgehog,HedgehogCBC,none,MultiPreserve,shift_abs_no_incr,7,Failed,373,0,0,0,0,0.0001910002902150154,0.009032999631017447,0.0003830001223832369,0.009223999921232462,67,67,16,51.0,51.0
Hedgehog,HedgehogCBC,none,MultiPreserve,shift_abs_no_incr,8,Failed,320,0,0,0,0,0.00016399938613176346,0.007521000690758228,0.00036800000816583633,0.007685000076889992,49,49,16,33.0,33.0
Hedgehog,HedgehogCBC,none,MultiPreserve,shift_abs_no_incr,9,Failed,158,0,0,0,0,0.0001000002957880497,0.0045259997714310884,0.00032599992118775845,0.004626000067219138,33,33,16,17.0,17.0
Hedgehog,HedgehogCBC,none,SinglePreserve,subst_var_all,0,Failed,149,0,0,0,0,0.00015999982133507729,0.012051000259816647,0.0007390000391751528,0.012211000081151724,32,32,20,20.0,20.0
Hedgehog,HedgehogCBC,none,SinglePreserve,subst_var_all,1,Failed,2,0,0,0,0,7.999828085303307e-06,0.0004460003692656756,0.0005709999240934849,0.0004540001973509789,48,48,20,33.0,33.0
Hedgehog,HedgehogCBC,none,SinglePreserve,subst_var_all,2,Failed,244,0,0,0,0,0.00013799965381622314,0.007661000359803438,0.0004070000723004341,0.007799000013619661,28,28,20,8.0,8.0
Hedgehog,HedgehogCBC,none,SinglePreserve,subst_var_all,3,Failed,566,0,0,0,0,0.0002530000638216734,0.013008999871090055,0.00045299995690584183,0.013261999934911728,89,89,20,72.0,72.0
Hedgehog,HedgehogCBC,none,SinglePreserve,subst_var_all,4,Failed,143,0,0,0,0,6.0999998822808266e-05,0.003647000063210726,0.00034799985587596893,0.003708000062033534,73,73,20,56.0,56.0
Hedgehog,HedgehogCBC,none,SinglePreserve,subst_var_all,5,Failed,89,0,0,0,0,6.300024688243866e-05,0.0028709997422993183,0.0008199999574571848,0.002933999989181757,64,64,20,49.0,49.0
Hedgehog,HedgehogCBC,none,SinglePreserve,subst_var_all,6,Failed,838,0,0,0,0,0.0003480000887066126,0.017925999825820327,0.0004090000875294209,0.01827399991452694,64,64,20,48.0,48.0
Hedgehog,HedgehogCBC,none,SinglePreserve,subst_var_all,7,Failed,211,0,0,0,0,9.80005133897066e-05,0.005275999428704381,0.00036800000816583633,0.005373999942094088,57,57,20,41.0,41.0
Hedgehog,HedgehogCBC,none,SinglePreserve,subst_var_all,8,Failed,586,0,0,0,0,0.0002589996438473463,0.01406600046902895,0.0003649999853223562,0.014325000112876296,65,65,20,49.0,49.0
Hedgehog,HedgehogCBC,none,SinglePreserve,subst_var_all,9,Failed,109,0,0,0,0,5.5999960750341415e-05,0.0034600000362843275,0.00035600014962255955,0.003515999997034669,64,64,20,47.0,47.0
Hedgehog,HedgehogCBC,none,MultiPreserve,subst_var_all,0,Failed,190,0,0,0,0,0.000108000123873353,0.004775999812409282,0.0003969999961555004,0.004883999936282635,57,57,20,42.0,42.0
Hedgehog,HedgehogCBC,none,MultiPreserve,subst_var_all,1,Failed,701,0,0,0,0,0.0003279994707554579,0.01569000049494207,0.0003160000778734684,0.016017999965697527,40,40,20,27.0,27.0
Hedgehog,HedgehogCBC,none,MultiPreserve,subst_var_all,2,Failed,359,0,0,0,0,0.0001930000726133585,0.008539999835193157,0.0003380000125616789,0.008732999907806516,32,32,20,18.0,18.0
Hedgehog,HedgehogCBC,none,MultiPreserve,subst_var_all,3,Failed,166,0,0,0,0,9.499979205429554e-05,0.0041870002169162035,0.0003519998863339424,0.004282000008970499,73,73,20,56.0,56.0
Hedgehog,HedgehogCBC,none,MultiPreserve,subst_var_all,4,Failed,85,0,0,0,0,5.600019358098507e-05,0.002363999607041478,0.00034600007347762585,0.0024199998006224632,42,42,20,30.0,30.0
Hedgehog,HedgehogCBC,none,MultiPreserve,subst_var_all,5,Failed,279,0,0,0,0,0.00013200030662119389,0.007231999654322862,0.0004119998775422573,0.007363999960944056,40,40,20,24.0,24.0
Hedgehog,HedgehogCBC,none,MultiPreserve,subst_var_all,6,Failed,49,0,0,0,0,3.600004129111767e-05,0.0017909999005496504,0.0004650000482797622,0.001826999941840768,93,93,20,76.0,76.0
Hedgehog,HedgehogCBC,none,MultiPreserve,subst_var_all,7,Failed,9,0,0,0,0,1.0999385267496107e-05,0.0004290004726499319,0.0003790000919252634,0.000439999857917428,36,36,20,23.0,23.0
Hedgehog,HedgehogCBC,none,MultiPreserve,subst_var_all,8,Failed,147,0,0,0,0,8.00001434981823e-05,0.003927999874576926,0.00040699983946979046,0.0040080000180751085,69,69,20,52.0,52.0
Hedgehog,HedgehogCBC,none,MultiPreserve,subst_var_all,9,Failed,37,0,0,0,0,2.5999965146183968e-05,0.0010100000072270632,0.0003950002137571573,0.0010359999723732471,81,81,20,65.0,65.0
Hedgehog,HedgehogCBC,none,SinglePreserve,subst_var_none,0,Failed,52,0,0,0,0,9.400025010108948e-05,0.0050479997880756855,0.0017140000127255917,0.005142000038176775,53,53,12,41.0,41.0
Hedgehog,HedgehogCBC,none,SinglePreserve,subst_var_none,1,Failed,233,0,0,0,0,0.0001569986343383789,0.008615001337602735,0.00034900009632110596,0.008771999971941113,12,12,12,1.0,1.0
Hedgehog,HedgehogCBC,none,SinglePreserve,subst_var_none,2,Failed,6,0,0,0,0,5.9998128563165665e-06,0.0003360002301633358,0.0005439999513328075,0.00034200004301965237,116,116,12,104.0,104.0
Hedgehog,HedgehogCBC,none,SinglePreserve,subst_var_none,3,Failed,35,0,0,0,0,2.100015990436077e-05,0.001032999949529767,0.0007420000620186329,0.0010540001094341278,145,145,12,133.0,133.0
Hedgehog,HedgehogCBC,none,SinglePreserve,subst_var_none,4,Failed,44,0,0,0,0,2.5999965146183968e-05,0.001186000183224678,0.0004249999765306711,0.001212000148370862,73,73,12,61.0,61.0
Hedgehog,HedgehogCBC,none,SinglePreserve,subst_var_none,5,Failed,27,0,0,0,0,1.500011421740055e-05,0.0007489998824894428,0.00031700008548796177,0.0007639999967068434,12,12,12,1.0,1.0
Hedgehog,HedgehogCBC,none,SinglePreserve,subst_var_none,6,Failed,22,0,0,0,0,1.9999919459223747e-05,0.0007519999053329229,0.00032700016163289547,0.0007719998247921467,45,45,12,33.0,33.0
Hedgehog,HedgehogCBC,none,SinglePreserve,subst_var_none,7,Failed,47,0,0,0,0,2.900022082030773e-05,0.0015929997898638248,0.0004100000951439142,0.0016220000106841326,39,39,12,27.0,27.0
Hedgehog,HedgehogCBC,none,SinglePreserve,subst_var_none,8,Failed,6,0,0,0,0,4.999805241823196e-06,0.0002810000441968441,0.0003800000995397568,0.0002859998494386673,20,20,12,8.0,8.0
Hedgehog,HedgehogCBC,none,SinglePreserve,subst_var_none,9,Failed,24,0,0,0,0,1.500011421740055e-05,0.000699999975040555,0.00035399990156292915,0.0007150000892579556,30,30,12,18.0,18.0
Hedgehog,HedgehogCBC,none,MultiPreserve,subst_var_none,0,Failed,34,0,0,0,0,2.6999739930033684e-05,0.0010430002585053444,0.00037700007669627666,0.001069999998435378,54,54,12,42.0,42.0
Hedgehog,HedgehogCBC,none,MultiPreserve,subst_var_none,1,Failed,115,0,0,0,0,6.300024688243866e-05,0.0032129997853189707,0.00042399996891617775,0.0032760000322014093,111,111,12,99.0,99.0
Hedgehog,HedgehogCBC,none,MultiPreserve,subst_var_none,2,Failed,30,0,0,0,0,1.9999919459223747e-05,0.0008690000977367163,0.0003090000245720148,0.00088900001719594,29,29,12,17.0,17.0
Hedgehog,HedgehogCBC,none,MultiPreserve,subst_var_none,3,Failed,12,0,0,0,0,8.999835699796677e-06,0.0004050000570714474,0.0002709999680519104,0.0004139998927712441,12,12,12,1.0,1.0
Hedgehog,HedgehogCBC,none,MultiPreserve,subst_var_none,4,Failed,80,0,0,0,0,4.6999892219901085e-05,0.0022319999989122152,0.0002940001431852579,0.0022789998911321163,12,12,12,1.0,1.0
Hedgehog,HedgehogCBC,none,MultiPreserve,subst_var_none,5,Failed,9,0,0,0,0,1.300009898841381e-05,0.0004529997240751982,0.0003339999821037054,0.000465999823063612,34,34,12,22.0,22.0
Hedgehog,HedgehogCBC,none,MultiPreserve,subst_var_none,6,Failed,39,0,0,0,0,2.49999575316906e-05,0.0008990000933408738,0.0002989999484270811,0.0009240000508725644,21,21,12,9.0,9.0
Hedgehog,HedgehogCBC,none,MultiPreserve,subst_var_none,7,Failed,38,0,0,0,0,2.3999949917197227e-05,0.0012080001179128885,0.0004100000951439142,0.0012320000678300858,12,12,12,1.0,1.0
Hedgehog,HedgehogCBC,none,MultiPreserve,subst_var_none,8,Failed,49,0,0,0,0,3.200024366378784e-05,0.0015789996832609177,0.0003090000245720148,0.0016109999269247055,12,12,12,0.0,0.0
Hedgehog,HedgehogCBC,none,MultiPreserve,subst_var_none,9,Failed,147,0,0,0,0,0.00012200046330690384,0.0045169994700700045,0.0003649999853223562,0.004638999933376908,41,41,12,29.0,29.0
Hedgehog,HedgehogCBC,none,SinglePreserve,subst_abs_no_shift,0,timed_out,,,,,,,0,,,0,0,24,,
Hedgehog,HedgehogCBC,none,MultiPreserve,subst_abs_no_shift,0,timed_out,,,,,,,0,,,0,0,24,,
Hedgehog,HedgehogCBC,none,SinglePreserve,subst_abs_no_incr,0,Failed,194,0,0,0,0,0.0001829995308071375,0.01386300032027066,0.0007180001121014357,0.014045999851077797,28,28,20,9.0,9.0
Hedgehog,HedgehogCBC,none,SinglePreserve,subst_abs_no_incr,1,Failed,97,0,0,0,0,5.700020119547844e-05,0.003084999741986394,0.0004869999829679728,0.0031419999431818724,61,61,20,42.0,42.0
Hedgehog,HedgehogCBC,none,SinglePreserve,subst_abs_no_incr,2,Failed,322,0,0,0,0,0.0001700003631412983,0.008318999549373984,0.00028200005181133747,0.008488999912515283,24,24,20,5.0,5.0
Hedgehog,HedgehogCBC,none,SinglePreserve,subst_abs_no_incr,3,Failed,105,0,0,0,0,5.199969746172428e-05,0.002791000297293067,0.00025599985383450985,0.0028429999947547913,24,24,20,4.0,4.0
Hedgehog,HedgehogCBC,none,SinglePreserve,subst_abs_no_incr,4,Failed,176,0,0,0,0,9.100046008825302e-05,0.005271999631077051,0.00031500007025897503,0.005363000091165304,24,24,20,5.0,5.0
Hedgehog,HedgehogCBC,none,SinglePreserve,subst_abs_no_incr,5,Failed,74,0,0,0,0,4.7999899834394455e-05,0.001981999957934022,0.00036300020292401314,0.0020299998577684164,48,48,20,28.0,28.0
Hedgehog,HedgehogCBC,none,SinglePreserve,subst_abs_no_incr,6,Failed,419,0,0,0,0,0.00019900011830031872,0.010228999890387057,0.00032599992118775845,0.010428000008687375,28,28,20,10.0,10.0
Hedgehog,HedgehogCBC,none,SinglePreserve,subst_abs_no_incr,7,Failed,17,0,0,0,0,1.00000761449337e-05,0.0005689999088644981,0.000386000145226717,0.0005789999850094318,48,48,20,31.0,31.0
Hedgehog,HedgehogCBC,none,SinglePreserve,subst_abs_no_incr,8,Failed,575,0,0,0,0,0.00024599931202828884,0.0132710007019341,0.00033100019209086895,0.013517000013962388,20,20,20,1.0,1.0
Hedgehog,HedgehogCBC,none,SinglePreserve,subst_abs_no_incr,9,Failed,398,0,0,0,0,0.00019299983978271484,0.010067000053822992,0.00032199989072978497,0.010259999893605707,36,36,20,17.0,17.0
Hedgehog,HedgehogCBC,none,MultiPreserve,subst_abs_no_incr,0,Failed,602,0,0,0,0,0.00027600000612437725,0.013684999896213412,0.00033299997448921204,0.01396099990233779,24,24,20,5.0,5.0
Hedgehog,HedgehogCBC,none,MultiPreserve,subst_abs_no_incr,1,Failed,346,0,0,0,0,0.00019100075587630272,0.008197999326512218,0.0003169998526573181,0.00838900008238852,28,28,20,9.0,9.0
Hedgehog,HedgehogCBC,none,MultiPreserve,subst_abs_no_incr,2,Failed,891,0,0,0,0,0.00044900039210915565,0.020689999451860785,0.000297000166028738,0.02113899984396994,20,20,20,1.0,1.0
Hedgehog,HedgehogCBC,none,MultiPreserve,subst_abs_no_incr,3,Failed,236,0,0,0,0,0.00012400001287460327,0.005852000089362264,0.0003199998755007982,0.005976000102236867,33,33,20,22.0,22.0
Hedgehog,HedgehogCBC,none,MultiPreserve,subst_abs_no_incr,4,Failed,142,0,0,0,0,7.500010542571545e-05,0.0035989999305456877,0.00026899995282292366,0.003674000035971403,20,20,20,1.0,1.0
Hedgehog,HedgehogCBC,none,MultiPreserve,subst_abs_no_incr,5,Failed,435,0,0,0,0,0.0002060006372630596,0.009848999325186014,0.00043400004506111145,0.010054999962449074,90,90,20,72.0,72.0
Hedgehog,HedgehogCBC,none,MultiPreserve,subst_abs_no_incr,6,Failed,115,0,0,0,0,6.600003689527512e-05,0.0031159999780356884,0.00028499984182417393,0.0031820000149309635,42,42,20,23.0,23.0
Hedgehog,HedgehogCBC,none,MultiPreserve,subst_abs_no_incr,7,Failed,188,0,0,0,0,9.900028817355631e-05,0.004942999687045813,0.00033199996687471867,0.005041999975219369,46,46,20,27.0,27.0
Hedgehog,HedgehogCBC,none,MultiPreserve,subst_abs_no_incr,8,Failed,563,0,0,0,0,0.0002749997656792402,0.012634000275284052,0.0003199998755007982,0.012909000040963292,40,40,20,27.0,27.0
Hedgehog,HedgehogCBC,none,MultiPreserve,subst_abs_no_incr,9,Failed,41,0,0,0,0,2.9999995604157448e-05,0.001092999940738082,0.00030800001695752144,0.0011229999363422394,24,24,20,5.0,5.0
Hedgehog,HedgehogCBC,none,SinglePreserve,substTop_no_shift,0,Failed,236,0,0,0,0,0.00022699986584484577,0.015734000131487846,0.0007920002099126577,0.015960999997332692,49,49,16,33.0,33.0
Hedgehog,HedgehogCBC,none,SinglePreserve,substTop_no_shift,1,Failed,67,0,0,0,0,5.300040356814861e-05,0.002777999732643366,0.0004869999829679728,0.0028310001362115145,41,41,16,25.0,25.0
Hedgehog,HedgehogCBC,none,SinglePreserve,substTop_no_shift,2,Failed,58,0,0,0,0,4.1999854147434235e-05,0.0019170001614838839,0.0004149999003857374,0.001959000015631318,48,48,16,33.0,33.0
Hedgehog,HedgehogCBC,none,SinglePreserve,substTop_no_shift,3,Failed,151,0,0,0,0,7.79998954385519e-05,0.004139000084251165,0.00033999979496002197,0.004216999979689717,32,32,16,17.0,17.0
Hedgehog,HedgehogCBC,none,SinglePreserve,substTop_no_shift,4,Failed,79,0,0,0,0,4.1999854147434235e-05,0.001993000041693449,0.0003450000658631325,0.0020349998958408833,40,40,16,24.0,24.0
Hedgehog,HedgehogCBC,none,SinglePreserve,substTop_no_shift,5,Failed,434,0,0,0,0,0.0001920002978295088,0.010599999688565731,0.0003480000887066126,0.01079199998639524,40,40,16,25.0,25.0
Hedgehog,HedgehogCBC,none,SinglePreserve,substTop_no_shift,6,Failed,408,0,0,0,0,0.00017299968749284744,0.009512000251561403,0.0003130000550299883,0.00968499993905425,32,32,16,17.0,17.0
Hedgehog,HedgehogCBC,none,SinglePreserve,substTop_no_shift,7,Failed,182,0,0,0,0,7.100030779838562e-05,0.004905999870970845,0.0004409998655319214,0.004977000178769231,89,89,16,73.0,73.0
Hedgehog,HedgehogCBC,none,SinglePreserve,substTop_no_shift,8,Failed,1579,0,0,0,0,0.0006370001938194036,0.03344199969433248,0.00034200004301965237,0.034078999888151884,40,40,16,25.0,25.0
Hedgehog,HedgehogCBC,none,SinglePreserve,substTop_no_shift,9,Failed,391,0,0,0,0,0.0001599981915205717,0.009220001753419638,0.00030099996365606785,0.00937999994494021,40,40,16,25.0,25.0
Hedgehog,HedgehogCBC,none,MultiPreserve,substTop_no_shift,0,Failed,158,0,0,0,0,8.999998681247234e-05,0.004102000035345554,0.00042699999175965786,0.004192000022158027,113,113,16,98.0,98.0
Hedgehog,HedgehogCBC,none,MultiPreserve,substTop_no_shift,1,Failed,1084,0,0,0,0,0.0005399999208748341,0.02353300014510751,0.00031199981458485126,0.024073000065982345,24,24,16,9.0,9.0
Hedgehog,HedgehogCBC,none,MultiPreserve,substTop_no_shift,2,Failed,310,0,0,0,0,0.00014999904669821262,0.007214000914245843,0.0004990000743418932,0.007363999960944056,32,32,16,16.0,16.0
Hedgehog,HedgehogCBC,none,MultiPreserve,substTop_no_shift,3,Failed,149,0,0,0,0,9.399978443980216e-05,0.004324000328779221,0.000421999953687191,0.004418000113219023,56,56,16,40.0,40.0
Hedgehog,HedgehogCBC,none,MultiPreserve,substTop_no_shift,4,Failed,47,0,0,0,0,2.5999965146183968e-05,0.0011020002420991661,0.00029399991035461426,0.00112800020724535,16,16,16,1.0,1.0
Hedgehog,HedgehogCBC,none,MultiPreserve,substTop_no_shift,5,Failed,314,0,0,0,0,0.00015800073742866516,0.007500999374315143,0.00032299989834427834,0.007659000111743808,25,25,16,9.0,9.0
Hedgehog,HedgehogCBC,none,MultiPreserve,substTop_no_shift,6,Failed,13,0,0,0,0,8.00006091594696e-06,0.0004650000482797622,0.0003169998526573181,0.0004730001091957092,16,16,16,0.0,0.0
Hedgehog,HedgehogCBC,none,MultiPreserve,substTop_no_shift,7,Failed,463,0,0,0,0,0.0002439997624605894,0.011110000312328339,0.00042699999175965786,0.011354000074788928,72,72,16,56.0,56.0
Hedgehog,HedgehogCBC,none,MultiPreserve,substTop_no_shift,8,Failed,207,0,0,0,0,0.0001109996810555458,0.0056140003725886345,0.00040799984708428383,0.00572500005364418,80,80,16,65.0,65.0
Hedgehog,HedgehogCBC,none,MultiPreserve,substTop_no_shift,9,Failed,294,0,0,0,0,0.00024400022812187672,0.006739999633282423,0.00031500007025897503,0.0069839998614043,53,53,16,37.0,37.0
Hedgehog,HedgehogCBC,none,SinglePreserve,substTop_no_shift_back,0,Failed,184,0,0,0,0,0.000180000439286232,0.011755999643355608,0.0008839999791234732,0.01193600008264184,56,56,16,43.0,43.0
Hedgehog,HedgehogCBC,none,SinglePreserve,substTop_no_shift_back,1,Failed,154,0,0,0,0,9.700050577521324e-05,0.005753999575972557,0.00035200011916458607,0.00585100008174777,16,16,16,3.0,3.0
Hedgehog,HedgehogCBC,none,SinglePreserve,substTop_no_shift_back,2,Failed,573,0,0,0,0,0.00041599967516958714,0.015182000352069737,0.0003899999428540468,0.015598000027239324,28,28,16,15.0,15.0
Hedgehog,HedgehogCBC,none,SinglePreserve,substTop_no_shift_back,3,Failed,80,0,0,0,0,3.6999816074967384e-05,0.002007000148296356,0.00031100003980100155,0.0020439999643713236,32,32,16,19.0,19.0
Hedgehog,HedgehogCBC,none,SinglePreserve,substTop_no_shift_back,4,Failed,4,0,0,0,0,7.00005330145359e-06,0.00027199997566640377,0.0003339999821037054,0.00027900002896785736,36,36,16,23.0,23.0
Hedgehog,HedgehogCBC,none,SinglePreserve,substTop_no_shift_back,5,Failed,346,0,0,0,0,0.00016599963419139385,0.008295000530779362,0.00029699993319809437,0.008461000164970756,29,29,16,14.0,14.0
Hedgehog,HedgehogCBC,none,SinglePreserve,substTop_no_shift_back,6,Failed,907,0,0,0,0,0.0004489987622946501,0.020383001072332263,0.0003370000049471855,0.020831999834626913,40,40,16,27.0,27.0
Hedgehog,HedgehogCBC,none,SinglePreserve,substTop_no_shift_back,7,Failed,545,0,0,0,0,0.00021500070579349995,0.01223499933257699,0.00031400006264448166,0.01245000003837049,45,45,16,32.0,32.0
Hedgehog,HedgehogCBC,none,SinglePreserve,substTop_no_shift_back,8,Failed,262,0,0,0,0,0.00011900020763278008,0.006182999815791845,0.0003429998178035021,0.006302000023424625,72,72,16,59.0,59.0
Hedgehog,HedgehogCBC,none,SinglePreserve,substTop_no_shift_back,9,Failed,20,0,0,0,0,1.5999889001250267e-05,0.0006089999806135893,0.0003290001768618822,0.0006249998696148396,24,24,16,11.0,11.0
Hedgehog,HedgehogCBC,none,MultiPreserve,substTop_no_shift_back,0,Failed,115,0,0,0,0,5.500041879713535e-05,0.0033109996002167463,0.0002850000746548176,0.0033660000190138817,40,40,16,27.0,27.0
Hedgehog,HedgehogCBC,none,MultiPreserve,substTop_no_shift_back,1,Failed,48,0,0,0,0,2.899998798966408e-05,0.001491999952122569,0.0003220001235604286,0.0015209999401122332,32,32,16,18.0,18.0
Hedgehog,HedgehogCBC,none,MultiPreserve,substTop_no_shift_back,2,Failed,418,0,0,0,0,0.00018699932843446732,0.009930000640451908,0.00030099996365606785,0.010116999968886375,40,40,16,27.0,27.0
Hedgehog,HedgehogCBC,none,MultiPreserve,substTop_no_shift_back,3,Failed,679,0,0,0,0,0.0004090000875294209,0.015786000061780214,0.00031599984504282475,0.016195000149309635,24,24,16,10.0,10.0
Hedgehog,HedgehogCBC,none,MultiPreserve,substTop_no_shift_back,4,Failed,32,0,0,0,0,1.400010660290718e-05,0.0007669997867196798,0.00032400013878941536,0.000780999893322587,32,32,16,17.0,17.0
Hedgehog,HedgehogCBC,none,MultiPreserve,substTop_no_shift_back,5,Failed,60,0,0,0,0,3.00002284348011e-05,0.0016829997766762974,0.0004450001288205385,0.0017130000051110985,89,89,16,76.0,76.0
Hedgehog,HedgehogCBC,none,MultiPreserve,substTop_no_shift_back,6,Failed,449,0,0,0,0,0.0002030006144195795,0.010672999545931816,0.0003449998330324888,0.010876000160351396,40,40,16,27.0,27.0
Hedgehog,HedgehogCBC,none,MultiPreserve,substTop_no_shift_back,7,Failed,1787,0,0,0,0,0.0011420007795095444,0.03774499916471541,0.00029200012795627117,0.038886999944224954,16,16,16,1.0,1.0
Hedgehog,HedgehogCBC,none,MultiPreserve,substTop_no_shift_back,8,Failed,28,0,0,0,0,1.600012183189392e-05,0.0007849999237805605,0.0002999999560415745,0.0008010000456124544,16,16,16,1.0,1.0
Hedgehog,HedgehogCBC,none,MultiPreserve,substTop_no_shift_back,9,Failed,274,0,0,0,0,0.0001480004284530878,0.007184999529272318,0.0003690000157803297,0.007332999957725406,60,60,16,47.0,47.0
Hedgehog,Hedgehog,default,SinglePreserve,shift_var_none,0,Failed,101012,196891,4,1,5,0.010852998355403544,3.7301380017306656,0.0005749999545514584,3.740991000086069,32,16,16,17.0,1.0
Hedgehog,Hedgehog,default,SinglePreserve,shift_var_none,1,Failed,167025,329089,4,0,5,0.01733900001272559,6.35475099994801,0.00036099995486438274,6.372089999960735,16,16,16,1.0,1.0
Hedgehog,Hedgehog,default,SinglePreserve,shift_var_none,2,Failed,53650,105666,4,1,5,0.006539001362398267,1.9560619986150414,0.00037400005385279655,1.9626009999774396,44,16,16,29.0,1.0
Hedgehog,Hedgehog,default,SinglePreserve,shift_var_none,3,Failed,3827,7599,6,1,6,0.0005389994475990534,0.1416040004696697,0.000438000075519085,0.14214299991726875,44,20,16,30.0,6.0
Hedgehog,Hedgehog,default,SinglePreserve,shift_var_none,4,Failed,14197,28122,5,2,7,0.001374001381918788,0.5276969985570759,0.0005119999404996634,0.5290709999389946,32,16,16,16.0,2.0
Hedgehog,Hedgehog,default,SinglePreserve,shift_var_none,5,Failed,120783,236580,8,3,8,0.014995998935773969,4.4932620010804385,0.000628999900072813,4.5082580000162125,52,20,16,37.0,5.0
Hedgehog,Hedgehog,default,SinglePreserve,shift_var_none,6,Failed,79302,156523,7,3,8,0.009897002950310709,2.952166996896267,0.0004980000667273998,2.9620639998465776,32,24,16,16.0,10.0
Hedgehog,Hedgehog,default,SinglePreserve,shift_var_none,7,Failed,63562,123959,7,3,8,0.008096003672108054,2.3112799962982535,0.0005910000763833523,2.3193759999703616,32,24,16,16.0,10.0
Hedgehog,Hedgehog,default,SinglePreserve,shift_var_none,8,Failed,35233,69094,9,3,13,0.004415998933836818,1.2840130010154098,0.0005129999481141567,1.2884289999492466,37,24,16,21.0,10.0
Hedgehog,Hedgehog,default,SinglePreserve,shift_var_none,9,Failed,23961,46762,8,3,8,0.003045999677851796,0.871627000393346,0.0004710000939667225,0.8746730000711977,40,20,16,25.0,5.0
Hedgehog,Hedgehog,default,MultiPreserve,shift_var_none,0,Failed,188634,368553,8,3,8,0.038811993319541216,7.210314006777479,0.0006669999565929174,7.249126000097021,52,20,16,37.0,5.0
Hedgehog,Hedgehog,default,MultiPreserve,shift_var_none,1,Failed,148458,291267,7,2,12,0.02944000926800072,5.621940990677103,0.0006430000066757202,5.651380999945104,21,21,16,5.0,7.0
Hedgehog,Hedgehog,default,MultiPreserve,shift_var_none,2,Failed,26658,52204,8,3,8,0.005522005259990692,0.9708409947343171,0.00045599997974932194,0.9763629999943078,44,20,16,29.0,5.0
Hedgehog,Hedgehog,default,MultiPreserve,shift_var_none,3,Failed,100473,196971,5,1,7,0.020586003782227635,3.736026996280998,0.0004439998883754015,3.7566130000632256,16,16,16,0.0,2.0
Hedgehog,Hedgehog,default,MultiPreserve,shift_var_none,4,Failed,103007,202913,8,2,8,0.01889200997538865,3.8533209899906065,0.0004600000102072954,3.872212999965995,44,24,16,28.0,10.0
Hedgehog,Hedgehog,default,MultiPreserve,shift_var_none,5,Failed,39687,78433,4,0,5,0.008226000936701894,1.4544279992114753,0.0003700000233948231,1.4626540001481771,16,16,16,1.0,1.0
Hedgehog,Hedgehog,default,MultiPreserve,shift_var_none,6,Failed,163632,322716,9,2,13,0.031624001916497946,6.198047998128459,0.0006890001241117716,6.229672000044957,48,28,16,33.0,13.0
Hedgehog,Hedgehog,default,MultiPreserve,shift_var_none,7,Failed,43274,86056,6,1,6,0.008016000967472792,1.599868998862803,0.0004320000298321247,1.6078849998302758,40,20,16,26.0,6.0
Hedgehog,Hedgehog,default,MultiPreserve,shift_var_none,8,Failed,88349,172655,3,2,19,0.017962996615096927,3.230140003375709,0.0004810001701116562,3.248102999990806,25,25,16,9.0,11.0
Hedgehog,Hedgehog,default,MultiPreserve,shift_var_none,9,Failed,115882,228764,6,1,6,0.023699999786913395,4.350847000256181,0.00042699999175965786,4.374547000043094,32,20,16,18.0,6.0
Hedgehog,Hedgehog,default,SinglePreserve,shift_var_all,0,Failed,43622,85688,4,1,4,0.004490999039262533,1.6312280010897666,0.0005779999773949385,1.6357190001290292,20,16,16,5.0,2.0
Hedgehog,Hedgehog,default,SinglePreserve,shift_var_all,1,Failed,70,147,3,1,5,1.500011421740055e-05,0.0033979997970163822,0.0003440000582486391,0.0034129999112337828,20,16,16,5.0,2.0
Hedgehog,Hedgehog,default,SinglePreserve,shift_var_all,2,Failed,143,275,3,1,5,2.7999747544527057e-05,0.005956000182777643,0.00035200011916458607,0.00598399993032217,20,16,16,5.0,2.0
Hedgehog,Hedgehog,default,SinglePreserve,shift_var_all,3,Failed,91065,178598,3,1,5,0.009188995929434896,3.35853400407359,0.00038899993523955345,3.367723000003025,20,16,16,5.0,2.0
Hedgehog,Hedgehog,default,SinglePreserve,shift_var_all,4,Failed,25188,49726,6,1,6,0.002397002186626196,0.9129209979437292,0.00042699999175965786,0.9153180001303554,36,24,16,22.0,8.0
Hedgehog,Hedgehog,default,SinglePreserve,shift_var_all,5,Failed,15916,31401,6,1,9,0.0016380001325160265,0.5763079999014735,0.000421999953687191,0.5779460000339895,24,20,16,9.0,12.0
Hedgehog,Hedgehog,default,SinglePreserve,shift_var_all,6,Failed,16353,32058,4,2,4,0.001585999270901084,0.5866920007392764,0.00038499990478158,0.5882780000101775,20,16,16,4.0,1.0
Hedgehog,Hedgehog,default,SinglePreserve,shift_var_all,7,Failed,12164,23948,4,3,4,0.001205999869853258,0.4450500002130866,0.00040200003422796726,0.44625600008293986,24,16,16,8.0,1.0
Hedgehog,Hedgehog,default,SinglePreserve,shift_var_all,8,Failed,16184,32029,3,2,5,0.0015819987747818232,0.5877200013492256,0.00038499990478158,0.5893020001240075,20,16,16,4.0,1.0
Hedgehog,Hedgehog,default,SinglePreserve,shift_var_all,9,Failed,37188,72822,4,1,4,0.004334000637754798,1.4307099995203316,0.00039599998854100704,1.4350440001580864,20,16,16,5.0,2.0
Hedgehog,Hedgehog,default,MultiPreserve,shift_var_all,0,Failed,8606,16804,4,1,4,0.0017640015576034784,0.31290199840441346,0.0003730000462383032,0.31466599996201694,20,16,16,5.0,2.0
Hedgehog,Hedgehog,default,MultiPreserve,shift_var_all,1,Failed,18433,35780,4,1,7,0.0036119988653808832,0.6593210010323673,0.0004900000058114529,0.6629329998977482,28,20,16,14.0,5.0
Hedgehog,Hedgehog,default,MultiPreserve,shift_var_all,2,Failed,128189,250021,6,0,3,0.025523001328110695,4.774011998670176,0.0003760000690817833,4.799534999998286,20,16,16,6.0,8.0
Hedgehog,Hedgehog,default,MultiPreserve,shift_var_all,3,Failed,27769,54143,6,0,5,0.005270999623462558,0.9983630003407598,0.0004000000189989805,1.0036339999642223,28,24,16,14.0,16.0
Hedgehog,Hedgehog,default,MultiPreserve,shift_var_all,4,Failed,42,73,4,2,8,1.100008375942707e-05,0.001663999864831567,0.0004360000602900982,0.001674999948590994,28,20,16,13.0,6.0
Hedgehog,Hedgehog,default,MultiPreserve,shift_var_all,5,Failed,9503,18617,6,1,10,0.0019029974937438965,0.3417960023507476,0.0004290000069886446,0.3436989998444915,20,16,16,4.0,3.0
Hedgehog,Hedgehog,default,MultiPreserve,shift_var_all,6,Failed,36024,71086,4,1,4,0.007483005290850997,1.376428994582966,0.0004000000189989805,1.383911999873817,20,16,16,5.0,2.0
Hedgehog,Hedgehog,default,MultiPreserve,shift_var_all,7,Failed,2018,4097,5,2,6,0.0004509994760155678,0.07566200057044625,0.00044599990360438824,0.07611300004646182,24,20,16,10.0,6.0
Hedgehog,Hedgehog,default,MultiPreserve,shift_var_all,8,Failed,69175,135737,4,3,4,0.012670989381149411,2.550075010629371,0.00042200018651783466,2.56274600001052,24,16,16,8.0,1.0
Hedgehog,Hedgehog,default,MultiPreserve,shift_var_all,9,Failed,9030,17883,4,3,5,0.001665001269429922,0.32900999882258475,0.0004000000189989805,0.33067500009201467,25,16,16,9.0,1.0
Hedgehog,Hedgehog,default,SinglePreserve,shift_var_leq,0,timed_out,,,,,,,0,,,0,0,24,,
Hedgehog,Hedgehog,default,MultiPreserve,shift_var_leq,0,timed_out,,,,,,,0,,,0,0,24,,
Hedgehog,Hedgehog,default,SinglePreserve,shift_abs_no_incr,0,Failed,1636,3078,6,1,6,0.0002190014347434044,0.08228099858388305,0.0005870000459253788,0.08250000001862645,44,24,16,30.0,9.0
Hedgehog,Hedgehog,default,SinglePreserve,shift_abs_no_incr,1,Failed,8201,16111,4,3,4,0.0008439994417130947,0.29935200046747923,0.0004090000875294209,0.3001959999091923,24,16,16,8.0,1.0
Hedgehog,Hedgehog,default,SinglePreserve,shift_abs_no_incr,2,Failed,110897,217024,4,1,15,0.011038001161068678,4.110008999006823,0.0004649998154491186,4.121047000167891,29,29,16,14.0,15.0
Hedgehog,Hedgehog,default,SinglePreserve,shift_abs_no_incr,3,Failed,49971,98654,2,2,20,0.005420998437330127,1.834208001382649,0.00046300003305077553,1.839628999819979,30,21,16,14.0,6.0
Hedgehog,Hedgehog,default,SinglePreserve,shift_abs_no_incr,4,Failed,21543,41967,4,1,4,0.002199000446125865,0.7763579995371401,0.00037700007669627666,0.778556999983266,20,16,16,5.0,2.0
Hedgehog,Hedgehog,default,SinglePreserve,shift_abs_no_incr,5,Failed,14432,28581,4,3,5,0.001385999144986272,0.5251710007432848,0.0003939999733120203,0.5265569998882711,25,16,16,9.0,1.0
Hedgehog,Hedgehog,default,SinglePreserve,shift_abs_no_incr,6,Failed,57822,113401,2,2,18,0.006949000991880894,2.106729998951778,0.0005400001537054777,2.1136789999436587,21,17,16,5.0,9.0
Hedgehog,Hedgehog,default,SinglePreserve,shift_abs_no_incr,7,Failed,112208,221202,4,1,4,0.013371001463383436,4.165613998658955,0.0003749998286366462,4.1789850001223385,20,16,16,5.0,2.0
Hedgehog,Hedgehog,default,SinglePreserve,shift_abs_no_incr,8,Failed,35145,69070,8,1,5,0.0034349982161074877,1.2686760018114,0.00040500005707144737,1.2721110000275075,20,16,16,5.0,8.0
Hedgehog,Hedgehog,default,SinglePreserve,shift_abs_no_incr,9,Failed,4780,9330,4,1,4,0.0005339996423572302,0.17143500037491322,0.0003830001223832369,0.17196900001727045,20,16,16,5.0,2.0
Hedgehog,Hedgehog,default,MultiPreserve,shift_abs_no_incr,0,Failed,34435,67877,3,2,5,0.006857999134808779,1.2518710007425395,0.0003950002137571573,1.2587289998773483,20,16,16,4.0,1.0
Hedgehog,Hedgehog,default,MultiPreserve,shift_abs_no_incr,1,Failed,9425,18587,4,2,5,0.0016639991663396358,0.34550100076012313,0.00038499990478158,0.34716499992646277,25,16,16,10.0,2.0
Hedgehog,Hedgehog,default,MultiPreserve,shift_abs_no_incr,2,Failed,52043,102268,4,2,4,0.009162001311779022,1.901538998587057,0.00038400012999773026,1.910700999898836,24,16,16,9.0,2.0
Hedgehog,Hedgehog,default,MultiPreserve,shift_abs_no_incr,3,Failed,105930,208681,4,2,4,0.0216910052113235,3.952276994707063,0.0003980000037699938,3.9739679999183863,20,16,16,4.0,1.0
Hedgehog,Hedgehog,default,MultiPreserve,shift_abs_no_incr,4,Failed,162850,319363,2,0,10,0.029998999321833253,6.190399000653997,0.0003980000037699938,6.22039799997583,21,21,16,6.0,6.0
Hedgehog,Hedgehog,default,MultiPreserve,shift_abs_no_incr,5,Failed,49021,95890,4,2,4,0.009194001322612166,1.7909129986073822,0.0003980000037699938,1.8001069999299943,24,16,16,9.0,2.0
Hedgehog,Hedgehog,default,MultiPreserve,shift_abs_no_incr,6,Failed,13863,27022,3,1,5,0.0025069997645914555,0.5025940001942217,0.0003829998895525932,0.5051009999588132,20,16,16,5.0,2.0
Hedgehog,Hedgehog,default,MultiPreserve,shift_abs_no_incr,7,Failed,16934,33482,5,2,7,0.003136000130325556,0.6220239996910095,0.0004520001821219921,0.6251599998213351,24,16,16,8.0,3.0
Hedgehog,Hedgehog,default,MultiPreserve,shift_abs_no_incr,8,Failed,11815,23301,5,2,6,0.002254999242722988,0.42830300075002015,0.0004749998915940523,0.43055799999274313,24,20,16,10.0,6.0
Hedgehog,Hedgehog,default,MultiPreserve,shift_abs_no_incr,9,Failed,27904,54712,8,2,5,0.0049969966057688,1.0135580035857856,0.0005569998174905777,1.0185550001915544,53,16,16,37.0,8.0
Hedgehog,Hedgehog,default,SinglePreserve,subst_var_all,0,Failed,4322,8403,5,2,5,0.0006900003645569086,0.179623999632895,0.0005939998663961887,0.1803139999974519,40,20,20,26.0,14.0
Hedgehog,Hedgehog,default,SinglePreserve,subst_var_all,1,Failed,52342,102774,8,1,6,0.006411002017557621,1.901986998040229,0.0004489999264478683,1.9083980000577867,20,16,20,0.0,5.0
Hedgehog,Hedgehog,default,SinglePreserve,subst_var_all,2,Failed,96025,187689,4,0,5,0.011161998147144914,3.510873002000153,0.00039599998854100704,3.522035000147298,20,20,20,1.0,2.0
Hedgehog,Hedgehog,default,SinglePreserve,subst_var_all,3,Failed,104573,206349,3,2,14,0.010892996797338128,3.885286003118381,0.0004579999949783087,3.896178999915719,37,25,20,22.0,16.0
Hedgehog,Hedgehog,default,SinglePreserve,subst_var_all,4,Failed,9347,17973,8,2,9,0.000932999886572361,0.3327320001553744,0.0005049998871982098,0.33366500004194677,52,24,20,36.0,12.0
Hedgehog,Hedgehog,default,SinglePreserve,subst_var_all,5,Failed,103468,202389,6,1,6,0.01098399073816836,3.8420450091361995,0.00044000009074807167,3.853028999874368,28,24,20,16.0,13.0
Hedgehog,Hedgehog,default,SinglePreserve,subst_var_all,6,Failed,78848,154766,6,1,6,0.009316000388935208,2.874162999680266,0.00044599990360438824,2.883479000069201,56,24,20,42.0,9.0
Hedgehog,Hedgehog,default,SinglePreserve,subst_var_all,7,Failed,114306,223021,9,4,8,0.011914013186469674,4.197643986903131,0.0006279998924583197,4.209558000089601,56,24,20,42.0,16.0
Hedgehog,Hedgehog,default,SinglePreserve,subst_var_all,8,Failed,12759,24551,5,0,4,0.0012510016094893215,0.4518889985047281,0.0003739998210221529,0.4531400001142174,20,20,20,1.0,2.0
Hedgehog,Hedgehog,default,SinglePreserve,subst_var_all,9,Failed,3204,6115,7,2,6,0.0003359992988407612,0.11605500080622731,0.000447999918833375,0.11639100010506807,44,24,20,32.0,15.0
Hedgehog,Hedgehog,default,MultiPreserve,subst_var_all,0,Failed,24417,47495,4,0,5,0.005206001922488213,0.9009379982016982,0.0003750000614672899,0.9061440001241864,20,20,20,1.0,2.0
Hedgehog,Hedgehog,default,MultiPreserve,subst_var_all,1,Failed,4803,9313,8,1,6,0.0008889997843652964,0.17289100028574467,0.0004119998775422573,0.17378000007010996,20,16,20,0.0,5.0
Hedgehog,Hedgehog,default,MultiPreserve,subst_var_all,2,Failed,19572,38834,9,2,8,0.003821999067440629,0.7151420009322464,0.0004829999525099993,0.7189639999996871,32,24,20,20.0,16.0
Hedgehog,Hedgehog,default,MultiPreserve,subst_var_all,3,Failed,39371,77859,6,1,8,0.007481996668502688,1.436095003504306,0.00041799992322921753,1.4435770001728088,20,16,20,0.0,5.0
Hedgehog,Hedgehog,default,MultiPreserve,subst_var_all,4,Failed,26740,52773,5,1,5,0.005333004053682089,0.9692679960280657,0.0004110001027584076,0.9746010000817478,28,20,20,19.0,14.0
Hedgehog,Hedgehog,default,MultiPreserve,subst_var_all,5,Failed,139631,273779,5,0,4,0.027535000583156943,5.2826829995028675,0.0003700000233948231,5.310218000086024,20,20,20,1.0,2.0
Hedgehog,Hedgehog,default,MultiPreserve,subst_var_all,6,Failed,23439,46479,7,1,6,0.004223998868837953,0.8669550011400133,0.0005260000471025705,0.8711790000088513,36,24,20,25.0,15.0
Hedgehog,Hedgehog,default,MultiPreserve,subst_var_all,7,Failed,36467,72016,5,1,9,0.007463002577424049,1.333405997371301,0.000438000075519085,1.340868999948725,25,25,20,6.0,7.0
Hedgehog,Hedgehog,default,MultiPreserve,subst_var_all,8,Failed,7928,15688,8,1,6,0.0016540000215172768,0.28878399985842407,0.0004290000069886446,0.29043799987994134,20,16,20,0.0,5.0
Hedgehog,Hedgehog,default,MultiPreserve,subst_var_all,9,Failed,8207,16271,6,2,6,0.0016219981480389831,0.29869000194594264,0.0004320000298321247,0.3003120000939816,32,24,20,20.0,13.0
Hedgehog,Hedgehog,default,SinglePreserve,subst_var_none,0,Failed,10139,19671,2,1,6,0.0010830017272382977,0.3733119983226061,0.0005689999088644981,0.3743950000498444,12,8,12,0.0,7.0
Hedgehog,Hedgehog,default,SinglePreserve,subst_var_none,1,Failed,16922,32387,2,2,4,0.0017560014966875317,0.6144369984976947,0.000392999965697527,0.6161929999943823,21,12,12,9.0,1.0
Hedgehog,Hedgehog,default,SinglePreserve,subst_var_none,2,Failed,18688,36327,6,3,5,0.0017780002672225237,0.6671569996979088,0.00042399996891617775,0.6689349999651313,56,16,12,45.0,11.0
Hedgehog,Hedgehog,default,SinglePreserve,subst_var_none,3,Failed,3682,7425,2,0,4,0.00042999954894185066,0.14002200053073466,0.0003529998939484358,0.1404520000796765,12,12,12,1.0,2.0
Hedgehog,Hedgehog,default,SinglePreserve,subst_var_none,4,Failed,6301,12212,2,1,6,0.0007560010999441147,0.22721899906173348,0.0003809998743236065,0.2279750001616776,12,8,12,0.0,7.0
Hedgehog,Hedgehog,default,SinglePreserve,subst_var_none,5,Failed,11523,22514,2,1,6,0.0011499994434416294,0.4633710004854947,0.00038100010715425014,0.4645209999289363,12,8,12,0.0,7.0
Hedgehog,Hedgehog,default,SinglePreserve,subst_var_none,6,Failed,26006,50704,2,1,6,0.002577996114268899,0.9443890037946403,0.0003730000462383032,0.9469669999089092,12,8,12,0.0,7.0
Hedgehog,Hedgehog,default,SinglePreserve,subst_var_none,7,Failed,45390,88924,6,2,5,0.004753002198413014,1.657821997767314,0.0004879999905824661,1.662574999965727,48,16,12,37.0,11.0
Hedgehog,Hedgehog,default,SinglePreserve,subst_var_none,8,Failed,2333,4711,3,1,5,0.00031100050546228886,0.087772999657318,0.0003939999733120203,0.08808400016278028,28,16,12,17.0,6.0
Hedgehog,Hedgehog,default,SinglePreserve,subst_var_none,9,Failed,14396,28413,2,0,4,0.0017380001954734323,0.5250959997065365,0.0003720000386238098,0.52683399990201,12,12,12,1.0,2.0
Hedgehog,Hedgehog,default,MultiPreserve,subst_var_none,0,Failed,3346,6661,2,0,4,0.0006349983159452677,0.12348600174300373,0.00036099995486438274,0.124121000058949,12,12,12,1.0,2.0
Hedgehog,Hedgehog,default,MultiPreserve,subst_var_none,1,Failed,17378,34131,2,0,6,0.0034259925596415997,0.6262610072735697,0.0003619999624788761,0.6296869998332113,20,16,12,10.0,5.0
Hedgehog,Hedgehog,default,MultiPreserve,subst_var_none,2,Failed,7964,15254,6,1,10,0.0014569994527846577,0.28457400063052773,0.0004639998078346253,0.2860310000833124,30,25,12,18.0,15.0
Hedgehog,Hedgehog,default,MultiPreserve,subst_var_none,3,Failed,3978,7658,2,1,6,0.0007929990533739328,0.14307100092992187,0.0003730000462383032,0.1438639999832958,12,8,12,0.0,7.0
Hedgehog,Hedgehog,default,MultiPreserve,subst_var_none,4,Failed,6074,11933,2,0,4,0.0011560013517737389,0.21825699857436123,0.0003510001115500927,0.21941299992613497,12,12,12,1.0,2.0
Hedgehog,Hedgehog,default,MultiPreserve,subst_var_none,5,Failed,32922,63888,2,1,6,0.006338004022836685,1.195668995846063,0.0003700000233948231,1.2020069998688996,12,8,12,0.0,7.0
Hedgehog,Hedgehog,default,MultiPreserve,subst_var_none,6,Failed,23757,46162,8,1,8,0.004341998836025596,0.853660001186654,0.0005270000547170639,0.8580020000226796,20,20,12,9.0,9.0
Hedgehog,Hedgehog,default,MultiPreserve,subst_var_none,7,Failed,2514,4797,4,0,6,0.00047299754805862904,0.09051300259307027,0.000392999965697527,0.0909860001411289,24,20,12,14.0,8.0
Hedgehog,Hedgehog,default,MultiPreserve,subst_var_none,8,Failed,29202,57829,2,0,4,0.006055999314412475,1.078382000559941,0.0003690000157803297,1.0844379998743534,12,12,12,1.0,2.0
Hedgehog,Hedgehog,default,MultiPreserve,subst_var_none,9,Failed,166,352,8,3,6,3.400025889277458e-05,0.0070219996850937605,0.0004640000406652689,0.007055999943986535,33,20,12,21.0,13.0
Hedgehog,Hedgehog,default,SinglePreserve,subst_abs_no_shift,0,timed_out,,,,,,,0,,,0,0,24,,
Hedgehog,Hedgehog,default,MultiPreserve,subst_abs_no_shift,0,timed_out,,,,,,,0,,,0,0,24,,
Hedgehog,Hedgehog,default,SinglePreserve,subst_abs_no_incr,0,Failed,6395,12316,4,0,5,0.0007619974203407764,0.2585820024833083,0.0005680001340806484,0.2593439999036491,20,20,20,1.0,2.0
Hedgehog,Hedgehog,default,SinglePreserve,subst_abs_no_incr,1,Failed,36443,71670,6,0,6,0.004668994806706905,1.3375530051998794,0.0005359998904168606,1.3422220000065863,28,24,20,14.0,8.0
Hedgehog,Hedgehog,default,SinglePreserve,subst_abs_no_incr,2,Failed,107416,210400,8,1,6,0.011200000299140813,4.0024099997244775,0.0005530000198632479,4.013610000023618,20,16,20,0.0,5.0
Hedgehog,Hedgehog,default,SinglePreserve,subst_abs_no_incr,3,Failed,23206,45606,5,1,5,0.0022689958568662405,0.8478820042219013,0.0004110001027584076,0.8501510000787675,25,20,20,6.0,2.0
Hedgehog,Hedgehog,default,SinglePreserve,subst_abs_no_incr,4,Failed,8303,16121,5,2,12,0.000850999029353261,0.3005540007725358,0.0004530001897364855,0.30140499980188906,32,24,20,12.0,15.0
Hedgehog,Hedgehog,default,SinglePreserve,subst_abs_no_incr,5,Failed,127724,250786,5,0,4,0.013357002288103104,4.839271997567266,0.00037700007669627666,4.852628999855369,20,20,20,1.0,2.0
Hedgehog,Hedgehog,default,SinglePreserve,subst_abs_no_incr,6,Failed,59004,115416,8,2,9,0.007140001514926553,2.173858998576179,0.0004709998611360788,2.1809990000911057,52,24,20,36.0,12.0
Hedgehog,Hedgehog,default,SinglePreserve,subst_abs_no_incr,7,Failed,142842,280574,8,1,6,0.014869997510686517,5.455705002415925,0.0004160001408308744,5.470574999926612,20,16,20,0.0,5.0
Hedgehog,Hedgehog,default,SinglePreserve,subst_abs_no_incr,8,Failed,54558,107158,8,1,6,0.005699001485481858,2.066625998588279,0.00046200002543628216,2.0723250000737607,20,16,20,0.0,5.0
Hedgehog,Hedgehog,default,SinglePreserve,subst_abs_no_incr,9,Failed,8626,16890,8,1,6,0.0008839992806315422,0.3203150008339435,0.00043100002221763134,0.32119900011457503,20,16,20,0.0,5.0
Hedgehog,Hedgehog,default,MultiPreserve,subst_abs_no_incr,0,Failed,118222,232294,8,1,6,0.023876987164840106,4.411938012810424,0.0005690001416951418,4.435814999975264,20,16,20,0.0,5.0
Hedgehog,Hedgehog,default,MultiPreserve,subst_abs_no_incr,1,Failed,36724,71388,5,1,5,0.007021999917924404,1.3405140000395477,0.000392999965697527,1.347535999957472,25,20,20,6.0,2.0
Hedgehog,Hedgehog,default,MultiPreserve,subst_abs_no_incr,2,Failed,202373,396768,6,1,8,0.041491006501019,7.801305993692949,0.0004489999264478683,7.842797000193968,20,16,20,0.0,5.0
Hedgehog,Hedgehog,default,MultiPreserve,subst_abs_no_incr,3,Failed,60767,118649,8,1,6,0.012315001105889678,2.2432949990034103,0.0004159999080002308,2.2556100001093,20,16,20,0.0,5.0
Hedgehog,Hedgehog,default,MultiPreserve,subst_abs_no_incr,4,Failed,146589,287932,4,1,15,0.027666000183671713,5.616609999909997,0.00047399988397955894,5.644276000093669,29,29,20,15.0,16.0
Hedgehog,Hedgehog,default,MultiPreserve,subst_abs_no_incr,5,Failed,102952,201260,5,1,5,0.019386998377740383,3.8587290016002957,0.00043400004506111145,3.878115999978036,25,20,20,6.0,2.0
Hedgehog,Hedgehog,default,MultiPreserve,subst_abs_no_incr,6,Failed,107009,210007,8,1,6,0.020182000240311027,3.9955099998041987,0.00042899977415800095,4.01569200004451,20,16,20,0.0,5.0
Hedgehog,Hedgehog,default,MultiPreserve,subst_abs_no_incr,7,Failed,148695,293419,6,1,6,0.028997991932556033,5.7556860079057515,0.0004370000679045915,5.7846839998383075,48,24,20,34.0,9.0
Hedgehog,Hedgehog,default,MultiPreserve,subst_abs_no_incr,8,Failed,89780,175934,6,1,6,0.01683999807573855,3.3307240018621087,0.0004509999416768551,3.3475639999378473,52,24,20,38.0,9.0
Hedgehog,Hedgehog,default,MultiPreserve,subst_abs_no_incr,9,Failed,70799,139809,4,0,5,0.01284299953840673,2.6305880004074425,0.00038100010715425014,2.643430999945849,20,20,20,1.0,2.0
Hedgehog,Hedgehog,default,SinglePreserve,substTop_no_shift,0,Failed,128391,253084,4,1,8,0.0128140056040138,4.88499599439092,0.0006150000263005495,4.897809999994934,48,24,16,33.0,9.0
Hedgehog,Hedgehog,default,SinglePreserve,substTop_no_shift,1,Failed,12207,24216,10,2,9,0.0015209992416203022,0.4479410005733371,0.0004540001973509789,0.4494619998149574,20,20,16,6.0,4.0
Hedgehog,Hedgehog,default,SinglePreserve,substTop_no_shift,2,Failed,11237,21883,6,1,6,0.001365000382065773,0.4088659996632486,0.0004950000438839197,0.4102310000453144,28,20,16,14.0,6.0
Hedgehog,Hedgehog,default,SinglePreserve,substTop_no_shift,3,Failed,148953,291884,5,1,7,0.01589999394491315,5.5950960060581565,0.000556000042706728,5.61099600000307,16,16,16,0.0,2.0
Hedgehog,Hedgehog,default,SinglePreserve,substTop_no_shift,4,Failed,11759,22964,6,2,6,0.001715000718832016,0.4722189991734922,0.0004290000069886446,0.4739339998923242,48,24,16,33.0,9.0
Hedgehog,Hedgehog,default,SinglePreserve,substTop_no_shift,5,Failed,162640,316980,7,3,8,0.01764000137336552,6.18348499853164,0.0006559998728334904,6.201124999905005,32,24,16,16.0,10.0
Hedgehog,Hedgehog,default,SinglePreserve,substTop_no_shift,6,Failed,41863,81758,8,3,8,0.004049003357067704,1.5428309966810048,0.000467000063508749,1.5468800000380725,40,20,16,25.0,5.0
Hedgehog,Hedgehog,default,SinglePreserve,substTop_no_shift,7,Failed,208204,408139,8,2,8,0.025572994723916057,7.99498600512743,0.0004560002125799656,8.020558999851346,32,20,16,17.0,5.0
Hedgehog,Hedgehog,default,SinglePreserve,substTop_no_shift,8,Failed,122,250,8,3,8,1.7999904230237007e-05,0.00585100008174777,0.00043899985030293465,0.005868999985978007,56,20,16,41.0,5.0
Hedgehog,Hedgehog,default,SinglePreserve,substTop_no_shift,9,Failed,157574,308549,5,2,7,0.019355991389602423,5.887162008788437,0.0004199999384582042,5.906518000178039,44,16,16,28.0,2.0
Hedgehog,Hedgehog,default,MultiPreserve,substTop_no_shift,0,Failed,35914,69998,6,2,6,0.0066619981080293655,1.3124860017560422,0.0004290000069886446,1.3191479998640716,52,20,16,38.0,6.0
Hedgehog,Hedgehog,default,MultiPreserve,substTop_no_shift,1,Failed,19780,37993,4,1,8,0.003644001204520464,0.7112969986628741,0.0005140001885592937,0.7149409998673946,48,24,16,33.0,9.0
Hedgehog,Hedgehog,default,MultiPreserve,substTop_no_shift,2,Failed,261159,512871,6,3,6,0.04961400292813778,10.291018997086212,0.00044499989598989487,10.34063300001435,44,24,16,29.0,9.0
Hedgehog,Hedgehog,default,MultiPreserve,substTop_no_shift,3,Failed,96957,190478,6,2,10,0.018223003717139363,3.5850749963428825,0.0004499999340623617,3.603298000060022,25,16,16,9.0,2.0
Hedgehog,Hedgehog,default,MultiPreserve,substTop_no_shift,4,Failed,10954,21564,6,3,6,0.0021069988142699003,0.40075100120157003,0.00045599997974932194,0.40285800001583993,48,24,16,33.0,9.0
Hedgehog,Hedgehog,default,MultiPreserve,substTop_no_shift,5,Failed,217854,427905,9,2,9,0.04114901158027351,8.43187698838301,0.0004709998611360788,8.473025999963284,44,20,16,29.0,5.0
Hedgehog,Hedgehog,default,MultiPreserve,substTop_no_shift,6,Failed,170761,335060,8,3,8,0.03231900278478861,6.449095997028053,0.0004569999873638153,6.481414999812841,40,20,16,25.0,5.0
Hedgehog,Hedgehog,default,MultiPreserve,substTop_no_shift,7,Failed,115870,228299,4,2,5,0.021769998827949166,4.3407190011348575,0.0004000000189989805,4.362488999962807,28,16,16,14.0,1.0
Hedgehog,Hedgehog,default,MultiPreserve,substTop_no_shift,8,Failed,37012,73009,6,3,6,0.007717996137216687,1.3568500040564686,0.0004590000025928021,1.3645680001936853,40,24,16,25.0,9.0
Hedgehog,Hedgehog,default,MultiPreserve,substTop_no_shift,9,Failed,836,1541,8,2,8,0.00016800034791231155,0.030704999808222055,0.00046999985352158546,0.030873000156134367,32,20,16,17.0,5.0
Hedgehog,Hedgehog,default,SinglePreserve,substTop_no_shift_back,0,Failed,24919,49303,4,1,5,0.0032249977812170982,0.9363240022212267,0.000575000187382102,0.9395490000024438,40,16,16,27.0,2.0
Hedgehog,Hedgehog,default,SinglePreserve,substTop_no_shift_back,1,Failed,80041,157684,5,2,7,0.008457002462819219,3.0590279975440353,0.0004210001789033413,3.0674850000068545,40,16,16,27.0,2.0
Hedgehog,Hedgehog,default,SinglePreserve,substTop_no_shift_back,2,Failed,47214,92110,5,2,7,0.004951997427269816,1.722462002420798,0.00040300004184246063,1.7274139998480678,28,16,16,15.0,2.0
Hedgehog,Hedgehog,default,SinglePreserve,substTop_no_shift_back,3,Failed,45523,89197,8,1,10,0.004644996952265501,1.6666820030659437,0.0004499999340623617,1.6713270000182092,21,17,16,5.0,9.0
Hedgehog,Hedgehog,default,SinglePreserve,substTop_no_shift_back,4,Failed,96139,188089,7,4,8,0.010028993478044868,3.5546340064611286,0.0004730001091957092,3.5646629999391735,52,24,16,39.0,10.0
Hedgehog,Hedgehog,default,SinglePreserve,substTop_no_shift_back,5,Failed,81043,158781,9,2,9,0.010277000023052096,3.019467999925837,0.0004730001091957092,3.029744999948889,40,20,16,27.0,7.0
Hedgehog,Hedgehog,default,SinglePreserve,substTop_no_shift_back,6,Failed,16598,32523,7,4,8,0.0016390010714530945,0.6076909988187253,0.0005469999741762877,0.6093299998901784,44,24,16,31.0,10.0
Hedgehog,Hedgehog,default,SinglePreserve,substTop_no_shift_back,7,Failed,68851,134464,8,0,6,0.007177997613325715,2.5422950023785233,0.0005550000350922346,2.549472999991849,29,29,16,13.0,13.0
Hedgehog,Hedgehog,default,SinglePreserve,substTop_no_shift_back,8,Failed,4020,7705,8,3,8,0.0005059984978288412,0.14503400144167244,0.000565999886021018,0.14553999993950129,56,20,16,43.0,7.0
Hedgehog,Hedgehog,default,SinglePreserve,substTop_no_shift_back,9,Failed,25507,50707,4,1,5,0.0031050031539052725,0.935830996837467,0.0003920001909136772,0.9389359999913722,40,16,16,27.0,2.0
Hedgehog,Hedgehog,default,MultiPreserve,substTop_no_shift_back,0,Failed,130432,256789,8,3,8,0.028172000078484416,4.900022000074387,0.0004829999525099993,4.928194000152871,48,20,16,35.0,7.0
Hedgehog,Hedgehog,default,MultiPreserve,substTop_no_shift_back,1,Failed,181071,355737,4,0,3,0.038322991225868464,6.943982008844614,0.00040600006468594074,6.9823050000704825,16,12,16,0.0,6.0
Hedgehog,Hedgehog,default,MultiPreserve,substTop_no_shift_back,2,Failed,38174,75036,4,0,5,0.007990001235157251,1.4109359986614436,0.0004290000069886446,1.4189259998966008,24,20,16,8.0,4.0
Hedgehog,Hedgehog,default,MultiPreserve,substTop_no_shift_back,3,Failed,47391,92753,5,2,7,0.008824002929031849,1.7618019971996546,0.0005599998403340578,1.7706260001286864,32,16,16,19.0,2.0
Hedgehog,Hedgehog,default,MultiPreserve,substTop_no_shift_back,4,Failed,42004,83006,4,0,5,0.008233001455664635,1.5644999984651804,0.000447999918833375,1.572732999920845,24,20,16,8.0,4.0
Hedgehog,Hedgehog,default,MultiPreserve,substTop_no_shift_back,5,Failed,199356,390355,7,0,3,0.037246007937937975,7.570727992104366,0.000392999965697527,7.607974000042304,24,20,16,8.0,10.0
Hedgehog,Hedgehog,default,MultiPreserve,substTop_no_shift_back,6,Failed,89682,176133,4,0,10,0.017261999659240246,3.4059640003833915,0.0004629998002201319,3.423226000042632,33,33,16,17.0,17.0
Hedgehog,Hedgehog,default,MultiPreserve,substTop_no_shift_back,7,Failed,4863,9350,7,2,3,0.0008759994525462389,0.17672000057063997,0.0006160000339150429,0.1775960000231862,48,20,16,32.0,10.0
Hedgehog,Hedgehog,default,MultiPreserve,substTop_no_shift_back,8,Failed,29441,57676,7,3,5,0.005402993410825729,1.0858380065765232,0.0004820001777261496,1.091240999987349,52,24,16,39.0,10.0
Hedgehog,Hedgehog,default,MultiPreserve,substTop_no_shift_back,9,Failed,41834,82382,6,2,6,0.007851002272218466,1.559367997571826,0.0004840001929551363,1.5672189998440444,56,20,16,43.0,6.0
Hedgehog,HedgehogCBC,default,SinglePreserve,shift_var_none,0,Failed,43,0,9,2,0,8.399994112551212e-05,0.004404000006616116,0.003076000139117241,0.004487999947741628,71,20,16,55.0,5.0
Hedgehog,HedgehogCBC,default,SinglePreserve,shift_var_none,1,Failed,270,0,11,6,0,0.00022600102238357067,0.013128999155014753,0.0018469998612999916,0.013355000177398324,207,30,16,192.0,15.0
Hedgehog,HedgehogCBC,default,SinglePreserve,shift_var_none,2,Failed,43,0,13,7,0,1.300009898841381e-05,0.0007579999510198832,0.001265999861061573,0.000771000050008297,162,56,16,146.0,41.0
Hedgehog,HedgehogCBC,default,SinglePreserve,shift_var_none,3,Failed,69,0,7,2,0,2.900022082030773e-05,0.0019379998557269573,0.0005499999970197678,0.001967000076547265,74,16,16,58.0,1.0
Hedgehog,HedgehogCBC,default,SinglePreserve,shift_var_none,4,Failed,61,0,10,6,0,2.9999995604157448e-05,0.0019630000460892916,0.0009680001530796288,0.001993000041693449,40,33,16,24.0,19.0
Hedgehog,HedgehogCBC,default,SinglePreserve,shift_var_none,5,Failed,65,0,9,7,0,3.3999793231487274e-05,0.0018970000091940162,0.0012780001852661371,0.0019309998024255035,120,30,16,105.0,15.0
Hedgehog,HedgehogCBC,default,SinglePreserve,shift_var_none,6,Failed,53,0,16,10,0,2.6999739930033684e-05,0.0010000003967434168,0.001247999956831336,0.0010270001366734505,99,72,16,84.0,58.0
Hedgehog,HedgehogCBC,default,SinglePreserve,shift_var_none,7,Failed,67,0,16,9,0,5.799997597932816e-05,0.0021669999696314335,0.001183000160381198,0.0022249999456107616,166,52,16,151.0,37.0
Hedgehog,HedgehogCBC,default,SinglePreserve,shift_var_none,8,Failed,80,0,17,6,0,3.999937325716019e-05,0.0020940008107572794,0.0014380000066012144,0.0021340001840144396,120,107,16,105.0,91.0
Hedgehog,HedgehogCBC,default,SinglePreserve,shift_var_none,9,Failed,153,0,13,3,0,0.00010399986058473588,0.005717000225558877,0.0009240000508725644,0.005821000086143613,103,24,16,88.0,10.0
Hedgehog,HedgehogCBC,default,MultiPreserve,shift_var_none,0,Failed,128,0,9,3,0,8.200015872716904e-05,0.004124999977648258,0.000573999946936965,0.004207000136375427,41,25,16,26.0,10.0
Hedgehog,HedgehogCBC,default,MultiPreserve,shift_var_none,1,Failed,86,0,13,5,0,5.699950270354748e-05,0.0028910005930811167,0.0009659999050199986,0.002948000095784664,154,47,16,138.0,32.0
Hedgehog,HedgehogCBC,default,MultiPreserve,shift_var_none,2,Failed,49,0,11,5,0,3.700004890561104e-05,0.0011519999243319035,0.001029999926686287,0.0011889999732375145,105,30,16,89.0,15.0
Hedgehog,HedgehogCBC,default,MultiPreserve,shift_var_none,3,Failed,52,0,12,3,0,2.5999965146183968e-05,0.001104000024497509,0.0009540000464767218,0.001129999989643693,62,33,16,47.0,19.0
Hedgehog,HedgehogCBC,default,MultiPreserve,shift_var_none,4,Failed,385,0,15,8,0,0.0005489990580826998,0.0134170011151582,0.0017569998744875193,0.0139660001732409,192,39,16,177.0,25.0
Hedgehog,HedgehogCBC,default,MultiPreserve,shift_var_none,5,Failed,50,0,7,4,0,3.100023604929447e-05,0.0016149997245520353,0.0006050001829862595,0.0016459999606013298,157,21,16,141.0,6.0
Hedgehog,HedgehogCBC,default,MultiPreserve,shift_var_none,6,Failed,247,0,7,2,0,0.0001780001912266016,0.009370999643579127,0.0004560002125799656,0.009548999834805729,69,29,16,54.0,14.0
Hedgehog,HedgehogCBC,default,MultiPreserve,shift_var_none,7,Failed,128,0,7,2,0,0.0007230003830045462,0.041364999720826745,0.000998999923467636,0.04208800010383129,83,24,16,67.0,9.0
Hedgehog,HedgehogCBC,default,MultiPreserve,shift_var_none,8,Failed,76,0,14,11,0,3.999960608780384e-05,0.0020140004344284534,0.0018390000332146883,0.0020540000405162573,371,52,16,355.0,38.0
Hedgehog,HedgehogCBC,default,MultiPreserve,shift_var_none,9,Failed,107,0,7,1,0,7.899943739175797e-05,0.0043960006441921,0.0005049998871982098,0.0044750000815838575,16,16,16,0.0,1.0
Hedgehog,HedgehogCBC,default,SinglePreserve,shift_var_all,0,Failed,94,0,8,4,0,0.00015699956566095352,0.011918000411242247,0.0012099999003112316,0.0120749999769032,109,29,16,93.0,14.0
Hedgehog,HedgehogCBC,default,SinglePreserve,shift_var_all,1,Failed,85,0,20,8,0,5.5999960750341415e-05,0.002633000025525689,0.0018370000179857016,0.0026889999862760305,110,73,16,94.0,58.0
Hedgehog,HedgehogCBC,default,SinglePreserve,shift_var_all,2,Failed,121,0,7,2,0,8.600065484642982e-05,0.004524999298155308,0.0004650000482797622,0.004610999953001738,76,33,16,60.0,20.0
Hedgehog,HedgehogCBC,default,SinglePreserve,shift_var_all,3,Failed,164,0,8,6,0,0.00013199984095990658,0.006951000075787306,0.00114100007340312,0.007082999916747212,246,29,16,230.0,14.0
Hedgehog,HedgehogCBC,default,SinglePreserve,shift_var_all,4,Failed,93,0,17,11,0,5.900044925510883e-05,0.0032749995589256287,0.002297000028192997,0.0033340000081807375,145,81,16,130.0,66.0
Hedgehog,HedgehogCBC,default,SinglePreserve,shift_var_all,5,Failed,145,0,7,4,0,6.899982690811157e-05,0.004487000172957778,0.0010270001366734505,0.0045559999998658895,182,16,16,166.0,1.0
Hedgehog,HedgehogCBC,default,SinglePreserve,shift_var_all,6,Failed,235,0,22,14,0,0.00014800066128373146,0.007436999352648854,0.0020469999872148037,0.007585000013932586,431,99,16,415.0,84.0
Hedgehog,HedgehogCBC,default,SinglePreserve,shift_var_all,7,Failed,104,0,7,3,0,6.400002166628838e-05,0.0036589999217540026,0.0006130000110715628,0.003722999943420291,85,21,16,69.0,6.0
Hedgehog,HedgehogCBC,default,SinglePreserve,shift_var_all,8,Failed,113,0,18,9,0,0.0006229993887245655,0.0035020005889236927,0.0019129998981952667,0.004124999977648258,347,48,16,331.0,33.0
Hedgehog,HedgehogCBC,default,SinglePreserve,shift_var_all,9,Failed,40,0,14,8,0,1.700012944638729e-05,0.0006519998423755169,0.0008780001662671566,0.0006689999718219042,100,68,16,84.0,53.0
Hedgehog,HedgehogCBC,default,MultiPreserve,shift_var_all,0,Failed,131,0,12,2,0,8.999928832054138e-05,0.004510000580921769,0.0005070001352578402,0.0045999998692423105,45,29,16,30.0,14.0
Hedgehog,HedgehogCBC,default,MultiPreserve,shift_var_all,1,Failed,37,0,8,5,0,2.100015990436077e-05,0.0008219997398555279,0.0022280002012848854,0.0008429998997598886,130,30,16,114.0,15.0
Hedgehog,HedgehogCBC,default,MultiPreserve,shift_var_all,2,Failed,103,0,16,7,0,6.200047209858894e-05,0.0034129994455724955,0.0013660001568496227,0.0034749999176710844,179,53,16,163.0,38.0
Hedgehog,HedgehogCBC,default,MultiPreserve,shift_var_all,3,Failed,59,0,7,1,0,3.400025889277458e-05,0.0017629996873438358,0.00039499998092651367,0.0017969999462366104,16,16,16,0.0,1.0
Hedgehog,HedgehogCBC,default,MultiPreserve,shift_var_all,4,Failed,174,0,11,1,0,0.00012199976481497288,0.005697000306099653,0.0006409999914467335,0.005819000070914626,29,29,16,14.0,15.0
Hedgehog,HedgehogCBC,default,MultiPreserve,shift_var_all,5,Failed,64,0,10,4,0,3.50000336766243e-05,0.0018649999983608725,0.0005590000655502081,0.0019000000320374968,215,25,16,199.0,10.0
Hedgehog,HedgehogCBC,default,MultiPreserve,shift_var_all,6,Failed,179,0,10,5,0,0.00013100006617605686,0.006489000050351024,0.0011159998830407858,0.0066200001165270805,72,30,16,56.0,15.0
Hedgehog,HedgehogCBC,default,MultiPreserve,shift_var_all,7,Failed,487,0,7,2,0,0.00037600076757371426,0.018761999206617475,0.00115099991671741,0.01913799997419119,225,21,16,209.0,6.0
Hedgehog,HedgehogCBC,default,MultiPreserve,shift_var_all,8,Failed,175,0,7,1,0,0.0001180002000182867,0.006308999611064792,0.001238000113517046,0.006426999811083078,16,16,16,0.0,1.0
Hedgehog,HedgehogCBC,default,MultiPreserve,shift_var_all,9,Failed,280,0,7,2,0,0.0002509993501007557,0.010606000665575266,0.00047399988397955894,0.010857000015676022,49,16,16,33.0,1.0
Hedgehog,HedgehogCBC,default,SinglePreserve,shift_var_leq,0,Failed,4906,0,29,13,0,0.0034050035756081343,0.1827099963556975,0.0019970000721514225,0.18611499993130565,128,103,24,105.0,80.0
Hedgehog,HedgehogCBC,default,SinglePreserve,shift_var_leq,1,Failed,4618,0,16,2,0,0.0031320045236498117,0.15272599551826715,0.0008870000019669533,0.15585800004191697,96,38,24,73.0,15.0
Hedgehog,HedgehogCBC,default,SinglePreserve,shift_var_leq,2,Failed,13481,0,18,9,0,0.00905899959616363,0.43681900040246546,0.0011199999134987593,0.4458779999986291,83,195,24,59.0,171.0
Hedgehog,HedgehogCBC,default,SinglePreserve,shift_var_leq,3,Failed,1836,0,20,5,0,0.0013619984965771437,0.062067001359537244,0.0011160001158714294,0.06342899985611439,127,64,24,103.0,40.0
Hedgehog,HedgehogCBC,default,SinglePreserve,shift_var_leq,4,Failed,2097,0,20,5,0,0.0013739974237978458,0.06998300272971392,0.0013119999784976244,0.07135700015351176,232,55,24,208.0,31.0
Hedgehog,HedgehogCBC,default,SinglePreserve,shift_var_leq,5,Failed,8552,0,16,2,0,0.0053370019886642694,0.27710299799218774,0.0012620000634342432,0.282439999980852,196,38,24,173.0,15.0
Hedgehog,HedgehogCBC,default,SinglePreserve,shift_var_leq,6,Failed,1259,0,19,5,0,0.000837000785395503,0.04163299920037389,0.001032000174745917,0.04246999998576939,40,50,24,16.0,26.0
Hedgehog,HedgehogCBC,default,SinglePreserve,shift_var_leq,7,Failed,17617,0,27,11,0,0.01241100043989718,0.580578999593854,0.002638000063598156,0.5929900000337511,374,108,24,350.0,85.0
Hedgehog,HedgehogCBC,default,SinglePreserve,shift_var_leq,8,Failed,115,0,17,4,0,6.200000643730164e-05,0.0035830000415444374,0.0014039999805390837,0.003645000047981739,188,67,24,164.0,43.0
Hedgehog,HedgehogCBC,default,SinglePreserve,shift_var_leq,9,Failed,2010,0,24,9,0,0.001299997791647911,0.06774200219660997,0.002280999906361103,0.06904199998825788,294,206,24,271.0,183.0
Hedgehog,HedgehogCBC,default,MultiPreserve,shift_var_leq,0,Failed,490,0,19,6,0,0.00029799947515130043,0.01546900044195354,0.001554999966174364,0.01576699991710484,168,67,24,145.0,44.0
Hedgehog,HedgehogCBC,default,MultiPreserve,shift_var_leq,1,Failed,1383,0,12,5,0,0.000917000463232398,0.04587699961848557,0.0012320000678300858,0.04679400008171797,220,38,24,196.0,14.0
Hedgehog,HedgehogCBC,default,MultiPreserve,shift_var_leq,2,Failed,14652,0,16,4,0,0.011064003221690656,0.479071996640414,0.001551999943330884,0.49013599986210465,99,41,24,75.0,17.0
Hedgehog,HedgehogCBC,default,MultiPreserve,shift_var_leq,3,Failed,1161,0,18,5,0,0.0007970002479851246,0.038955999771133065,0.0012789999600499868,0.03975300001911819,89,56,24,67.0,34.0
Hedgehog,HedgehogCBC,default,MultiPreserve,shift_var_leq,4,Failed,29182,0,19,6,0,0.02018999494612217,0.947927005123347,0.0016040001064538956,0.9681170000694692,146,63,24,123.0,40.0
Hedgehog,HedgehogCBC,default,MultiPreserve,shift_var_leq,5,Failed,30779,0,16,8,0,0.03205698844976723,1.0830180116463453,0.001302999909967184,1.1150750000961125,195,47,24,172.0,24.0
Hedgehog,HedgehogCBC,default,MultiPreserve,shift_var_leq,6,Failed,29366,0,13,4,0,0.02030899957753718,1.0174590004608037,0.0008499999530613422,1.037768000038341,80,38,24,56.0,14.0
Hedgehog,HedgehogCBC,default,MultiPreserve,shift_var_leq,7,Failed,13477,0,13,2,0,0.009379004593938587,0.4440339955035597,0.000861999811604619,0.4534130000974983,101,29,24,77.0,5.0
Hedgehog,HedgehogCBC,default,MultiPreserve,shift_var_leq,8,Failed,8425,0,14,0,0,0.005661995615810156,0.2768870044965297,0.0005880000535398722,0.28254900011233985,28,71,24,4.0,47.0
Hedgehog,HedgehogCBC,default,MultiPreserve,shift_var_leq,9,Failed,4285,0,15,7,0,0.0032080011442303658,0.14559199870564044,0.000931000104174018,0.1487999998498708,63,55,24,39.0,32.0
Hedgehog,HedgehogCBC,default,SinglePreserve,shift_abs_no_incr,0,Failed,70,0,17,6,0,8.199992589652538e-05,0.0048050000332295895,0.005434000166133046,0.004886999959126115,235,64,16,220.0,49.0
Hedgehog,HedgehogCBC,default,SinglePreserve,shift_abs_no_incr,1,Failed,20,0,6,2,0,1.6999663785099983e-05,0.0006330003961920738,0.0009109999518841504,0.0006500000599771738,37,21,16,21.0,6.0
Hedgehog,HedgehogCBC,default,SinglePreserve,shift_abs_no_incr,2,Failed,309,0,13,13,0,0.000664000166580081,0.013443999690935016,0.00432800012640655,0.014107999857515097,243,55,16,227.0,41.0
Hedgehog,HedgehogCBC,default,SinglePreserve,shift_abs_no_incr,3,Failed,152,0,20,6,0,9.799981489777564e-05,0.00430900021456182,0.0015640000347048044,0.004407000029459596,235,78,16,219.0,63.0
Hedgehog,HedgehogCBC,default,SinglePreserve,shift_abs_no_incr,4,Failed,19,0,8,2,0,1.00000761449337e-05,0.00033599999733269215,0.0006430000066757202,0.00034600007347762585,70,38,16,55.0,23.0
Hedgehog,HedgehogCBC,default,SinglePreserve,shift_abs_no_incr,5,Failed,44,0,10,5,0,1.400010660290718e-05,0.0007779998704791069,0.0006039999425411224,0.0007919999770820141,70,38,16,54.0,23.0
Hedgehog,HedgehogCBC,default,SinglePreserve,shift_abs_no_incr,6,Failed,25,0,9,6,0,7.999828085303307e-06,0.00038700015284121037,0.0007960000075399876,0.00039499998092651367,114,33,16,98.0,19.0
Hedgehog,HedgehogCBC,default,SinglePreserve,shift_abs_no_incr,7,Failed,276,0,9,3,0,0.00020200037397444248,0.009942999575287104,0.0005830000154674053,0.010144999949261546,88,20,16,72.0,5.0
Hedgehog,HedgehogCBC,default,SinglePreserve,shift_abs_no_incr,8,Failed,103,0,14,9,0,5.499972030520439e-05,0.00303900009021163,0.001978000160306692,0.0030939998105168343,310,61,16,294.0,46.0
Hedgehog,HedgehogCBC,default,SinglePreserve,shift_abs_no_incr,9,Failed,258,0,9,2,0,0.00014699925668537617,0.00896400073543191,0.0006750000175088644,0.009110999992117286,87,37,16,71.0,22.0
Hedgehog,HedgehogCBC,default,MultiPreserve,shift_abs_no_incr,0,Failed,192,0,9,4,0,0.00015299953520298004,0.00708900042809546,0.0006799998227506876,0.00724199996329844,139,20,16,123.0,5.0
Hedgehog,HedgehogCBC,default,MultiPreserve,shift_abs_no_incr,1,Failed,119,0,7,3,0,8.50004144012928e-05,0.003925999626517296,0.0007019999902695417,0.004011000040918589,64,16,16,48.0,1.0
Hedgehog,HedgehogCBC,default,MultiPreserve,shift_abs_no_incr,2,Failed,103,0,7,2,0,8.499994874000549e-05,0.004081000108271837,0.0005250000394880772,0.004166000057011843,30,21,16,14.0,6.0
Hedgehog,HedgehogCBC,default,MultiPreserve,shift_abs_no_incr,3,Failed,42,0,7,4,0,2.100015990436077e-05,0.0008689998649060726,0.0007990000303834677,0.0008900000248104334,29,21,16,13.0,6.0
Hedgehog,HedgehogCBC,default,MultiPreserve,shift_abs_no_incr,4,Failed,65,0,13,6,0,3.600004129111767e-05,0.0017500000540167093,0.0008229999803006649,0.001786000095307827,159,55,16,144.0,41.0
Hedgehog,HedgehogCBC,default,MultiPreserve,shift_abs_no_incr,5,Failed,275,0,7,2,0,0.00021200045011937616,0.010014999657869339,0.0004639998078346253,0.010227000107988715,247,16,16,231.0,1.0
Hedgehog,HedgehogCBC,default,MultiPreserve,shift_abs_no_incr,6,Failed,179,0,12,6,0,0.0001220002304762602,0.006462999852374196,0.000906999921426177,0.006585000082850456,73,39,16,58.0,24.0
Hedgehog,HedgehogCBC,default,MultiPreserve,shift_abs_no_incr,7,Failed,179,0,11,6,0,0.00014099967665970323,0.00648100022226572,0.0009730001911520958,0.006621999898925424,16,43,16,0.0,28.0
Hedgehog,HedgehogCBC,default,MultiPreserve,shift_abs_no_incr,8,Failed,122,0,17,6,0,8.199992589652538e-05,0.004112000111490488,0.001918999943882227,0.0041940000373870134,169,71,16,153.0,56.0
Hedgehog,HedgehogCBC,default,MultiPreserve,shift_abs_no_incr,9,Failed,29,0,7,1,0,1.400010660290718e-05,0.0006059997249394655,0.00041900016367435455,0.0006199998315423727,48,107,16,33.0,92.0
Hedgehog,HedgehogCBC,default,SinglePreserve,subst_var_all,0,Failed,38,0,9,5,0,7.400033064186573e-05,0.0030889997724443674,0.0025599999353289604,0.003163000103086233,80,38,20,61.0,20.0
Hedgehog,HedgehogCBC,default,SinglePreserve,subst_var_all,1,Failed,39,0,17,5,0,2.1999934688210487e-05,0.0009729999583214521,0.00139000010676682,0.0009949998930096626,78,58,20,58.0,39.0
Hedgehog,HedgehogCBC,default,SinglePreserve,subst_var_all,2,Failed,30,0,13,6,0,1.200009137392044e-05,0.000493000028654933,0.000992999877780676,0.0005050001200288534,71,33,20,52.0,15.0
Hedgehog,HedgehogCBC,default,SinglePreserve,subst_var_all,3,Failed,20,0,11,3,0,7.00005330145359e-06,0.00028200005181133747,0.0006009999196976423,0.00028900010511279106,57,24,20,42.0,14.0
Hedgehog,HedgehogCBC,default,SinglePreserve,subst_var_all,4,Failed,92,0,19,11,0,4.800013266503811e-05,0.002314999932423234,0.0023700001183897257,0.002363000065088272,391,81,20,371.0,63.0
Hedgehog,HedgehogCBC,default,SinglePreserve,subst_var_all,5,Failed,43,0,18,4,0,1.3999873772263529e-05,0.0007330002263188362,0.001239999895915389,0.0007470001000910997,103,66,20,85.0,47.0
Hedgehog,HedgehogCBC,default,SinglePreserve,subst_var_all,6,Failed,159,0,10,6,0,0.00010200031101703644,0.005804999731481075,0.000861999811604619,0.005907000042498112,176,46,20,156.0,28.0
Hedgehog,HedgehogCBC,default,SinglePreserve,subst_var_all,7,Failed,58,0,8,5,0,3.899983130395413e-05,0.002124000107869506,0.00088900001719594,0.00216299993917346,266,29,20,246.0,15.0
Hedgehog,HedgehogCBC,default,SinglePreserve,subst_var_all,8,Failed,49,0,12,7,0,2.00001522898674e-05,0.0009979999158531425,0.0011809999123215675,0.00101800006814301,112,46,20,92.0,27.0
Hedgehog,HedgehogCBC,default,SinglePreserve,subst_var_all,9,Failed,96,0,10,4,0,6.700004450976849e-05,0.003361999988555908,0.000911999959498644,0.0034290000330656767,38,33,20,19.0,15.0
Hedgehog,HedgehogCBC,default,MultiPreserve,subst_var_all,0,Failed,69,0,7,1,0,5.00003807246685e-05,0.002124999649822712,0.0004910000134259462,0.0021750000305473804,24,24,20,11.0,10.0
Hedgehog,HedgehogCBC,default,MultiPreserve,subst_var_all,1,Failed,84,0,24,5,0,4.700035788118839e-05,0.002345999702811241,0.003072999883443117,0.0023930000606924295,256,88,20,236.0,70.0
Hedgehog,HedgehogCBC,default,MultiPreserve,subst_var_all,2,Failed,52,0,9,1,0,4.100007936358452e-05,0.001908999867737293,0.0006979999598115683,0.0019499999471008775,80,77,20,64.0,58.0
Hedgehog,HedgehogCBC,default,MultiPreserve,subst_var_all,3,Failed,70,0,9,2,0,4.000007174909115e-05,0.0019989998545497656,0.0006440000142902136,0.0020389999262988567,132,25,20,112.0,6.0
Hedgehog,HedgehogCBC,default,MultiPreserve,subst_var_all,4,Failed,164,0,9,1,0,0.00013000029139220717,0.006179999792948365,0.0006759997922927141,0.006310000084340572,20,20,20,0.0,1.0
Hedgehog,HedgehogCBC,default,MultiPreserve,subst_var_all,5,Failed,117,0,7,1,0,0.00011200015433132648,0.005326000042259693,0.0004590000025928021,0.00543800019659102,29,29,20,15.0,15.0
Hedgehog,HedgehogCBC,default,MultiPreserve,subst_var_all,6,Failed,39,0,9,8,0,1.5999889001250267e-05,0.0006690002046525478,0.0007909999694675207,0.0006850000936537981,72,46,20,53.0,28.0
Hedgehog,HedgehogCBC,default,MultiPreserve,subst_var_all,7,Failed,579,0,14,5,0,0.00039599998854100704,0.019487999845296144,0.0013069999404251575,0.01988399983383715,127,29,20,107.0,10.0
Hedgehog,HedgehogCBC,default,MultiPreserve,subst_var_all,8,Failed,85,0,11,7,0,5.199969746172428e-05,0.0030220001935958862,0.0008409998845309019,0.0030739998910576105,222,36,20,202.0,21.0
Hedgehog,HedgehogCBC,default,MultiPreserve,subst_var_all,9,Failed,312,0,7,5,0,0.00038800062611699104,0.0110659992787987,0.000593000091612339,0.01145399990491569,200,29,20,181.0,11.0
Hedgehog,HedgehogCBC,default,SinglePreserve,subst_var_none,0,Failed,22,0,11,4,0,4.700012505054474e-05,0.00267399987205863,0.002499000169336796,0.0027209999971091747,83,50,12,73.0,39.0
Hedgehog,HedgehogCBC,default,SinglePreserve,subst_var_none,1,Failed,51,0,7,2,0,4.400010220706463e-05,0.002355000004172325,0.0007350000087171793,0.0023990001063793898,20,20,12,8.0,9.0
Hedgehog,HedgehogCBC,default,SinglePreserve,subst_var_none,2,Failed,49,0,18,6,0,2.5999965146183968e-05,0.001115000108256936,0.0017949999310076237,0.00114100007340312,163,100,12,153.0,91.0
Hedgehog,HedgehogCBC,default,SinglePreserve,subst_var_none,3,Failed,52,0,12,3,0,2.5999965146183968e-05,0.0011889999732375145,0.0009690001606941224,0.0012149999383836985,51,33,12,39.0,22.0
Hedgehog,HedgehogCBC,default,SinglePreserve,subst_var_none,4,Failed,44,0,4,2,0,2.0999927073717117e-05,0.0010290001519024372,0.0004370000679045915,0.0010500000789761543,21,12,12,10.0,1.0
Hedgehog,HedgehogCBC,default,SinglePreserve,subst_var_none,5,Failed,39,0,9,6,0,2.200016751885414e-05,0.0007479998748749495,0.0006189998239278793,0.0007700000423938036,103,38,12,92.0,27.0
Hedgehog,HedgehogCBC,default,SinglePreserve,subst_var_none,6,Failed,40,0,4,2,0,1.900014467537403e-05,0.0009129999671131371,0.00043100002221763134,0.0009320001117885112,189,87,12,178.0,77.0
Hedgehog,HedgehogCBC,default,SinglePreserve,subst_var_none,7,Failed,55,0,10,10,0,2.700020559132099e-05,0.0019669998437166214,0.001534000039100647,0.0019940000493079424,170,48,12,158.0,37.0
Hedgehog,HedgehogCBC,default,SinglePreserve,subst_var_none,8,Failed,32,0,10,11,0,9.00006853044033e-06,0.0004429998807609081,0.0008300000336021185,0.00045199994929134846,92,51,12,80.0,41.0
Hedgehog,HedgehogCBC,default,SinglePreserve,subst_var_none,9,Failed,43,0,9,5,0,1.700012944638729e-05,0.0008769996929913759,0.0009450002107769252,0.0008939998224377632,81,39,12,69.0,28.0
Hedgehog,HedgehogCBC,default,MultiPreserve,subst_var_none,0,Failed,23,0,4,1,0,1.7999904230237007e-05,0.000601000152528286,0.0006329999305307865,0.000619000056758523,12,12,12,0.0,1.0
Hedgehog,HedgehogCBC,default,MultiPreserve,subst_var_none,1,Failed,75,0,6,4,0,4.9999915063381195e-05,0.0020740001928061247,0.0005310000851750374,0.002124000107869506,12,21,12,1.0,10.0
Hedgehog,HedgehogCBC,default,MultiPreserve,subst_var_none,2,Failed,17,0,4,2,0,8.00006091594696e-06,0.0003799998667091131,0.00045299995690584183,0.0003879999276250601,72,12,12,60.0,1.0
Hedgehog,HedgehogCBC,default,MultiPreserve,subst_var_none,3,Failed,78,0,9,3,0,4.8999907448887825e-05,0.0035210000351071358,0.0007469998672604561,0.0035699999425560236,131,38,12,119.0,27.0
Hedgehog,HedgehogCBC,default,MultiPreserve,subst_var_none,4,Failed,19,0,4,1,0,9.00006853044033e-06,0.00045900000259280205,0.0003939999733120203,0.0004680000711232424,39,12,12,27.0,1.0
Hedgehog,HedgehogCBC,default,MultiPreserve,subst_var_none,5,Failed,31,0,4,1,0,2.0999927073717117e-05,0.0008680000901222229,0.0003909999504685402,0.00088900001719594,21,12,12,10.0,1.0
Hedgehog,HedgehogCBC,default,MultiPreserve,subst_var_none,6,Failed,13,0,8,1,0,5.00003807246685e-06,0.00022300006821751595,0.0004489999264478683,0.0002280001062899828,24,24,12,12.0,13.0
Hedgehog,HedgehogCBC,default,MultiPreserve,subst_var_none,7,Failed,26,0,6,6,0,1.3999640941619871e-05,0.0005170002114027739,0.0005710001569241285,0.0005309998523443937,71,21,12,60.0,10.0
Hedgehog,HedgehogCBC,default,MultiPreserve,subst_var_none,8,Failed,17,0,4,1,0,8.999835699796677e-06,0.0003640002105385065,0.0004569999873638153,0.0003730000462383032,21,12,12,9.0,1.0
Hedgehog,HedgehogCBC,default,MultiPreserve,subst_var_none,9,Failed,101,0,4,0,0,7.600057870149612e-05,0.0038779994938522577,0.0003659999929368496,0.003954000072553754,12,90,12,1.0,78.0
Hedgehog,HedgehogCBC,default,SinglePreserve,subst_abs_no_shift,0,Failed,9276,0,15,3,0,0.0060049977619200945,0.3238940022420138,0.001049000071361661,0.3298990000039339,63,138,24,39.0,114.0
Hedgehog,HedgehogCBC,default,SinglePreserve,subst_abs_no_shift,1,Failed,1190,0,16,2,0,0.0008869990706443787,0.04029900091700256,0.0007050000131130219,0.04118599998764694,101,138,24,77.0,114.0
Hedgehog,HedgehogCBC,default,SinglePreserve,subst_abs_no_shift,2,Failed,1339,0,30,10,0,0.0009740020614117384,0.043708998011425144,0.004435000009834766,0.04468300007283688,381,96,24,359.0,74.0
Hedgehog,HedgehogCBC,default,SinglePreserve,subst_abs_no_shift,3,Failed,5492,0,18,6,0,0.0034339968115091324,0.18084300332702696,0.0015539999585598707,0.1842770001385361,184,59,24,160.0,35.0
Hedgehog,HedgehogCBC,default,SinglePreserve,subst_abs_no_shift,4,Failed,318,0,19,4,0,0.0006309999153017998,0.011180000146850944,0.0020240000449121,0.011811000062152743,257,51,24,233.0,31.0
Hedgehog,HedgehogCBC,default,SinglePreserve,subst_abs_no_shift,5,Failed,17757,0,20,5,0,0.011881003389135005,0.5882119964808226,0.001101000001654029,0.6000929998699576,135,59,24,115.0,42.0
Hedgehog,HedgehogCBC,default,SinglePreserve,subst_abs_no_shift,6,Failed,2291,0,23,13,0,0.0014720025938004255,0.07644199719652534,0.0015850001946091652,0.07791399979032576,171,80,24,147.0,57.0
Hedgehog,HedgehogCBC,default,SinglePreserve,subst_abs_no_shift,7,Failed,2808,0,23,7,0,0.0020250005181878805,0.09225199953652918,0.0017709999810904264,0.09427700005471706,190,64,24,167.0,41.0
Hedgehog,HedgehogCBC,default,SinglePreserve,subst_abs_no_shift,8,Failed,3728,0,21,11,0,0.002631000941619277,0.1259329989552498,0.003974999999627471,0.12856399989686906,359,73,24,335.0,49.0
Hedgehog,HedgehogCBC,default,SinglePreserve,subst_abs_no_shift,9,Failed,4071,0,15,4,0,0.0027820004615932703,0.13506299955770373,0.001084999879822135,0.137845000019297,147,47,24,124.0,23.0
Hedgehog,HedgehogCBC,default,MultiPreserve,subst_abs_no_shift,0,Failed,9187,0,20,6,0,0.006760005373507738,0.3099089947063476,0.0012349998578429222,0.3166690000798553,212,56,24,188.0,32.0
Hedgehog,HedgehogCBC,default,MultiPreserve,subst_abs_no_shift,1,Failed,8465,0,15,2,0,0.0059670014306902885,0.2842719985637814,0.0007380000315606594,0.29023899999447167,57,74,24,33.0,52.0
Hedgehog,HedgehogCBC,default,MultiPreserve,subst_abs_no_shift,2,Failed,2937,0,15,3,0,0.002016003243625164,0.09802099666558206,0.0008999998681247234,0.10003699990920722,52,41,24,28.0,19.0
Hedgehog,HedgehogCBC,default,MultiPreserve,subst_abs_no_shift,3,Failed,2139,0,11,4,0,0.001578998053446412,0.07269200193695724,0.0006460000295192003,0.07427099999040365,95,38,24,71.0,14.0
Hedgehog,HedgehogCBC,default,MultiPreserve,subst_abs_no_shift,4,Failed,2055,0,13,2,0,0.0013780004810541868,0.0679979994893074,0.0005830000154674053,0.06937599997036159,65,38,24,41.0,16.0
Hedgehog,HedgehogCBC,default,MultiPreserve,subst_abs_no_shift,5,Failed,2683,0,18,7,0,0.0018079990986734629,0.08947400096803904,0.001104000024497509,0.0912820000667125,120,59,24,97.0,35.0
Hedgehog,HedgehogCBC,default,MultiPreserve,subst_abs_no_shift,6,Failed,9517,0,31,10,0,0.006466999184340239,0.3159660007804632,0.0024579998571425676,0.32243299996480346,218,88,24,194.0,65.0
Hedgehog,HedgehogCBC,default,MultiPreserve,subst_abs_no_shift,7,Failed,6421,0,22,6,0,0.004688998684287071,0.21601300127804277,0.0014150000642985106,0.22070199996232984,234,67,24,210.0,43.0
Hedgehog,HedgehogCBC,default,MultiPreserve,subst_abs_no_shift,8,Failed,4290,0,15,2,0,0.003000999800860882,0.14737800019793212,0.0008729998953640461,0.150378999998793,57,86,24,34.0,62.0
Hedgehog,HedgehogCBC,default,MultiPreserve,subst_abs_no_shift,9,Failed,12536,0,12,3,0,0.008490998297929764,0.4133650017902255,0.0006150000263005495,0.42185600008815527,114,33,24,90.0,9.0
Hedgehog,HedgehogCBC,default,SinglePreserve,subst_abs_no_incr,0,Failed,252,0,17,7,0,0.00031099957413971424,0.019096000585705042,0.00165200000628829,0.019407000159844756,94,62,20,76.0,45.0
Hedgehog,HedgehogCBC,default,SinglePreserve,subst_abs_no_incr,1,Failed,264,0,19,8,0,0.00019499915651977065,0.010005000978708267,0.0012089998926967382,0.010200000135228038,109,68,20,90.0,49.0
Hedgehog,HedgehogCBC,default,SinglePreserve,subst_abs_no_incr,2,Failed,86,0,18,13,0,5.5999960750341415e-05,0.0025110000278800726,0.002025000052526593,0.002566999988630414,188,65,20,168.0,47.0
Hedgehog,HedgehogCBC,default,SinglePreserve,subst_abs_no_incr,3,Failed,62,0,11,7,0,3.7999823689460754e-05,0.0016610000748187304,0.0010089999996125698,0.0016989998985081911,237,38,20,217.0,19.0
Hedgehog,HedgehogCBC,default,SinglePreserve,subst_abs_no_incr,4,Failed,40,0,10,6,0,2.3999949917197227e-05,0.0008760001510381699,0.0011239999439567327,0.0009000001009553671,115,38,20,95.0,23.0
Hedgehog,HedgehogCBC,default,SinglePreserve,subst_abs_no_incr,5,Failed,50,0,18,9,0,1.800013706088066e-05,0.0007859999313950539,0.0014239998999983072,0.0008040000684559345,101,89,20,82.0,71.0
Hedgehog,HedgehogCBC,default,SinglePreserve,subst_abs_no_incr,6,Failed,25,0,10,6,0,1.00000761449337e-05,0.00039299996569752693,0.0006989999674260616,0.00040300004184246063,130,46,20,112.0,29.0
Hedgehog,HedgehogCBC,default,SinglePreserve,subst_abs_no_incr,7,Failed,20,0,8,1,0,1.1999858543276788e-05,0.00040300004184246063,0.0005370001308619976,0.0004149999003857374,72,20,20,53.0,2.0
Hedgehog,HedgehogCBC,default,SinglePreserve,subst_abs_no_incr,8,Failed,57,0,17,8,0,2.100015990436077e-05,0.0009850000496953726,0.0013150000013411045,0.0010060002095997334,134,84,20,115.0,66.0
Hedgehog,HedgehogCBC,default,SinglePreserve,subst_abs_no_incr,9,Failed,107,0,17,8,0,5.100038833916187e-05,0.0033309997525066137,0.0018400000408291817,0.0033820001408457756,309,51,20,289.0,32.0
Hedgehog,HedgehogCBC,default,MultiPreserve,subst_abs_no_incr,0,Failed,104,0,12,9,0,6.999960169196129e-05,0.0035710004158318043,0.0012339998502284288,0.0036410000175237656,75,43,20,56.0,24.0
Hedgehog,HedgehogCBC,default,MultiPreserve,subst_abs_no_incr,1,Failed,179,0,8,3,0,0.00012399978004395962,0.005963000236079097,0.0004829999525099993,0.006087000016123056,85,29,20,66.0,11.0
Hedgehog,HedgehogCBC,default,MultiPreserve,subst_abs_no_incr,2,Failed,429,0,8,3,0,0.00028299959376454353,0.01396200037561357,0.0005769999697804451,0.014244999969378114,104,29,20,85.0,11.0
Hedgehog,HedgehogCBC,default,MultiPreserve,subst_abs_no_incr,3,Failed,34,0,10,7,0,1.200009137392044e-05,0.0006130000110715628,0.0013959999196231363,0.0006250001024454832,146,38,20,127.0,23.0
Hedgehog,HedgehogCBC,default,MultiPreserve,subst_abs_no_incr,4,Failed,133,0,9,3,0,6.800005212426186e-05,0.004066999768838286,0.0004820001777261496,0.004134999820962548,60,24,20,41.0,14.0
Hedgehog,HedgehogCBC,default,MultiPreserve,subst_abs_no_incr,5,Failed,65,0,14,4,0,2.7999747544527057e-05,0.0015090003143996,0.0007219999097287655,0.001537000061944127,73,42,20,54.0,23.0
Hedgehog,HedgehogCBC,default,MultiPreserve,subst_abs_no_incr,6,Failed,46,0,8,4,0,2.500019036233425e-05,0.0010669997427612543,0.0011080000549554825,0.0010919999331235886,128,29,20,109.0,15.0
Hedgehog,HedgehogCBC,default,MultiPreserve,subst_abs_no_incr,7,Failed,61,0,14,3,0,3.600027412176132e-05,0.0016929996199905872,0.0008670000825077295,0.0017289998941123486,127,42,20,108.0,27.0
Hedgehog,HedgehogCBC,default,MultiPreserve,subst_abs_no_incr,8,Failed,55,0,12,3,0,3.300025127828121e-05,0.0015449996571987867,0.0008239999879151583,0.001577999908477068,120,38,20,100.0,19.0
Hedgehog,HedgehogCBC,default,MultiPreserve,subst_abs_no_incr,9,Failed,52,0,9,4,0,3.800005652010441e-05,0.002070999937132001,0.0012330000754445791,0.0021089999936521053,266,20,20,246.0,1.0
Hedgehog,HedgehogCBC,default,SinglePreserve,substTop_no_shift,0,Failed,68,0,13,10,0,9.300047531723976e-05,0.005714999511837959,0.00699200015515089,0.005807999987155199,277,56,16,261.0,41.0
Hedgehog,HedgehogCBC,default,SinglePreserve,substTop_no_shift,1,Failed,178,0,8,5,0,0.0001309998333454132,0.007586000021547079,0.0010000001639127731,0.007716999854892492,168,34,16,152.0,19.0
Hedgehog,HedgehogCBC,default,SinglePreserve,substTop_no_shift,2,Failed,205,0,11,7,0,0.0001479999627918005,0.007770000025629997,0.0015390000771731138,0.007917999988421798,175,43,16,160.0,28.0
Hedgehog,HedgehogCBC,default,SinglePreserve,substTop_no_shift,3,Failed,55,0,11,7,0,2.900022082030773e-05,0.0011829996947199106,0.0009640001226216556,0.0012119999155402184,90,38,16,74.0,24.0
Hedgehog,HedgehogCBC,default,SinglePreserve,substTop_no_shift,4,Failed,125,0,20,9,0,8.300016634166241e-05,0.0048779998905956745,0.001483999891206622,0.004961000056937337,135,61,16,119.0,46.0
Hedgehog,HedgehogCBC,default,SinglePreserve,substTop_no_shift,5,Failed,242,0,12,9,0,0.00015200022608041763,0.008413999807089567,0.0016469999682158232,0.008566000033169985,180,64,16,164.0,49.0
Hedgehog,HedgehogCBC,default,SinglePreserve,substTop_no_shift,6,Failed,110,0,19,12,0,6.600003689527512e-05,0.0035780000034719706,0.0020099999383091927,0.0036440000403672457,130,85,16,116.0,70.0
Hedgehog,HedgehogCBC,default,SinglePreserve,substTop_no_shift,7,Failed,291,0,22,8,0,0.0003539992030709982,0.010461000725626945,0.003235999960452318,0.010814999928697944,257,86,16,242.0,72.0
Hedgehog,HedgehogCBC,default,SinglePreserve,substTop_no_shift,8,Failed,85,0,13,5,0,4.8999907448887825e-05,0.003217000048607588,0.0013719999697059393,0.0032659999560564756,241,42,16,225.0,27.0
Hedgehog,HedgehogCBC,default,SinglePreserve,substTop_no_shift,9,Failed,114,0,17,10,0,6.400025449693203e-05,0.003892999840900302,0.002329000039026141,0.003957000095397234,193,89,16,178.0,75.0
Hedgehog,HedgehogCBC,default,MultiPreserve,substTop_no_shift,0,Failed,279,0,11,5,0,0.00019099959172308445,0.009929000400006771,0.0016739999409765003,0.010119999991729856,241,38,16,226.0,24.0
Hedgehog,HedgehogCBC,default,MultiPreserve,substTop_no_shift,1,Failed,203,0,14,6,0,0.00012900005094707012,0.006936999969184399,0.000943999970331788,0.007066000020131469,200,52,16,184.0,38.0
Hedgehog,HedgehogCBC,default,MultiPreserve,substTop_no_shift,2,Failed,212,0,9,3,0,0.00029899971559643745,0.007707000244408846,0.0018010002095252275,0.008005999960005283,301,25,16,285.0,10.0
Hedgehog,HedgehogCBC,default,MultiPreserve,substTop_no_shift,3,Failed,131,0,8,5,0,9.300047531723976e-05,0.005399999441578984,0.000942000187933445,0.005492999916896224,54,30,16,38.0,15.0
Hedgehog,HedgehogCBC,default,MultiPreserve,substTop_no_shift,4,Failed,27,0,10,3,0,1.100008375942707e-05,0.00046699983067810535,0.0005620000883936882,0.0004779999144375324,37,38,16,22.0,23.0
Hedgehog,HedgehogCBC,default,MultiPreserve,substTop_no_shift,5,Failed,148,0,7,6,0,0.00011000013910233974,0.005535000003874302,0.0006269998848438263,0.005645000142976642,121,29,16,105.0,14.0
Hedgehog,HedgehogCBC,default,MultiPreserve,substTop_no_shift,6,Failed,43,0,11,1,0,2.1999701857566833e-05,0.0009320003446191549,0.0007539999205619097,0.0009540000464767218,28,24,16,14.0,9.0
Hedgehog,HedgehogCBC,default,MultiPreserve,substTop_no_shift,7,Failed,274,0,12,3,0,0.00018499977886676788,0.00947100017219782,0.0005359998904168606,0.009655999951064588,60,24,16,45.0,10.0
Hedgehog,HedgehogCBC,default,MultiPreserve,substTop_no_shift,8,Failed,124,0,18,7,0,0.00010500033386051656,0.0046989996917545795,0.002750999992713332,0.004804000025615096,252,43,16,236.0,27.0
Hedgehog,HedgehogCBC,default,MultiPreserve,substTop_no_shift,9,Failed,128,0,7,2,0,0.00011400016956031322,0.005905999802052975,0.0004789999220520258,0.006019999971613288,48,16,16,32.0,1.0
Hedgehog,HedgehogCBC,default,SinglePreserve,substTop_no_shift_back,0,Failed,46,0,18,8,0,6.799958646297455e-05,0.0034110003616660833,0.004784000106155872,0.003478999948129058,169,76,16,155.0,62.0
Hedgehog,HedgehogCBC,default,SinglePreserve,substTop_no_shift_back,1,Failed,67,0,21,10,0,4.300009459257126e-05,0.0018939999863505363,0.0026779999025166035,0.0019370000809431076,130,88,16,114.0,75.0
Hedgehog,HedgehogCBC,default,SinglePreserve,substTop_no_shift_back,2,Failed,62,0,17,6,0,3.300001844763756e-05,0.0017199998255819082,0.0030900000128895044,0.0017529998440295458,233,71,16,217.0,58.0
Hedgehog,HedgehogCBC,default,SinglePreserve,substTop_no_shift_back,3,Failed,80,0,11,3,0,4.7999899834394455e-05,0.002921000123023987,0.0020909998565912247,0.0029690000228583813,447,38,16,433.0,22.0
Hedgehog,HedgehogCBC,default,SinglePreserve,substTop_no_shift_back,4,Failed,152,0,8,1,0,9.100046008825302e-05,0.006049999501556158,0.000467000063508749,0.006140999961644411,163,115,16,150.0,101.0
Hedgehog,HedgehogCBC,default,SinglePreserve,substTop_no_shift_back,5,Failed,102,0,20,10,0,5.2999472245574e-05,0.002926000626757741,0.0015950000379234552,0.002979000099003315,263,99,16,247.0,85.0
Hedgehog,HedgehogCBC,default,SinglePreserve,substTop_no_shift_back,6,Failed,96,0,18,6,0,5.1999930292367935e-05,0.0030580000020563602,0.001401000190526247,0.003109999932348728,238,43,16,223.0,28.0
Hedgehog,HedgehogCBC,default,SinglePreserve,substTop_no_shift_back,7,Failed,94,0,9,6,0,7.399986498057842e-05,0.0035149999894201756,0.0017630001530051231,0.003588999854400754,176,38,16,160.0,25.0
Hedgehog,HedgehogCBC,default,SinglePreserve,substTop_no_shift_back,8,Failed,42,0,12,7,0,1.400010660290718e-05,0.0007479998748749495,0.0012519999872893095,0.0007619999814778566,129,56,16,114.0,43.0
Hedgehog,HedgehogCBC,default,SinglePreserve,substTop_no_shift_back,9,Failed,52,0,14,10,0,1.400010660290718e-05,0.0008489999454468489,0.0015969998203217983,0.000863000052049756,185,73,16,170.0,60.0
Hedgehog,HedgehogCBC,default,MultiPreserve,substTop_no_shift_back,0,Failed,172,0,10,1,0,0.00011199992150068284,0.006145999999716878,0.0006580001208931208,0.006257999921217561,43,43,16,30.0,30.0
Hedgehog,HedgehogCBC,default,MultiPreserve,substTop_no_shift_back,1,Failed,322,0,11,1,0,0.00022799870930612087,0.011671001324430106,0.0007860001642256975,0.011899000033736227,20,20,16,7.0,7.0
Hedgehog,HedgehogCBC,default,MultiPreserve,substTop_no_shift_back,2,Failed,76,0,15,10,0,3.099953755736351e-05,0.0017840003129094837,0.001697000116109848,0.0018149998504668472,148,43,16,134.0,30.0
Hedgehog,HedgehogCBC,default,MultiPreserve,substTop_no_shift_back,3,Failed,67,0,15,7,0,4.100007936358452e-05,0.0021349999587982893,0.001686000032350421,0.002176000038161874,141,50,16,126.0,36.0
Hedgehog,HedgehogCBC,default,MultiPreserve,substTop_no_shift_back,4,Failed,42,0,9,4,0,1.800013706088066e-05,0.0009359999094158411,0.0009540000464767218,0.0009540000464767218,123,30,16,110.0,17.0
Hedgehog,HedgehogCBC,default,MultiPreserve,substTop_no_shift_back,5,Failed,44,0,11,4,0,2.200016751885414e-05,0.0009529998060315846,0.0015209999401122332,0.0009749999735504388,164,38,16,148.0,23.0
Hedgehog,HedgehogCBC,default,MultiPreserve,substTop_no_shift_back,6,Failed,446,0,12,8,0,0.0004019998013973236,0.015420000301674008,0.0012779999524354937,0.015822000103071332,62,43,16,48.0,27.0
Hedgehog,HedgehogCBC,default,MultiPreserve,substTop_no_shift_back,7,Failed,123,0,16,10,0,7.299985736608505e-05,0.004112000111490488,0.003987000091001391,0.004184999968856573,361,61,16,345.0,46.0
Hedgehog,HedgehogCBC,default,MultiPreserve,substTop_no_shift_back,8,Failed,40,0,10,6,0,1.400010660290718e-05,0.0007459998596459627,0.001285000005736947,0.0007599999662488699,127,28,16,113.0,15.0
Hedgehog,HedgehogCBC,default,MultiPreserve,substTop_no_shift_back,9,Failed,160,0,13,6,0,0.0001049996353685856,0.006442000390961766,0.0029039999935775995,0.006547000026330352,168,39,16,155.0,24.0
Falsify,Falsify,none,SinglePreserve,shift_var_none,0,Failed,176496,346179,3,1,3,0.04491700138896704,1.3086949987336993,1.00000761449337e-06,1.3536120001226664,48,48,16,34.0,34.0
Falsify,Falsify,none,SinglePreserve,shift_var_none,1,Failed,99346,194232,1,1,3,0.02463399362750351,0.7162280064076185,0,0.740862000035122,40,40,16,26.0,26.0
Falsify,Falsify,none,SinglePreserve,shift_var_none,2,Failed,414328,814858,5,1,3,0.10915799671784043,3.1708760033361614,1.00000761449337e-06,3.280034000054002,52,52,16,37.0,37.0
Falsify,Falsify,none,SinglePreserve,shift_var_none,3,Failed,583206,1150689,2,1,3,0.15363402757793665,4.3366959725972265,0,4.490330000175163,48,48,16,32.0,32.0
Falsify,Falsify,none,SinglePreserve,shift_var_none,4,Failed,104519,205717,2,1,3,0.02588000171817839,0.796164998319,0,0.8220450000371784,36,36,16,21.0,21.0
Falsify,Falsify,none,SinglePreserve,shift_var_none,5,Failed,115496,227799,2,1,3,0.029027003794908524,0.8785489962901919,1.00000761449337e-06,0.9075760000851004,44,44,16,29.0,29.0
Falsify,Falsify,none,SinglePreserve,shift_var_none,6,Failed,402666,794905,2,1,3,0.10072600631974638,3.0706639937125146,1.00000761449337e-06,3.171390000032261,48,48,16,33.0,33.0
Falsify,Falsify,none,SinglePreserve,shift_var_none,7,Failed,524975,1034475,2,1,3,0.13244997360743582,3.9935550265945494,9.997747838497162e-07,4.126005000201985,33,33,16,17.0,17.0
Falsify,Falsify,none,SinglePreserve,shift_var_none,8,Failed,67545,132481,3,1,3,0.017543001100420952,0.5792369989212602,1.00000761449337e-06,0.5967800000216812,32,32,16,17.0,17.0
Falsify,Falsify,none,SinglePreserve,shift_var_none,9,Failed,202888,398710,1,1,3,0.05590999871492386,1.6325760013423862,0,1.68848600005731,36,36,16,21.0,21.0
Falsify,Falsify,none,MultiPreserve,shift_var_none,0,Failed,286528,566101,1,1,3,0.3076690111774951,2.1522109888028353,1.00000761449337e-06,2.4598799999803305,16,16,16,1.0,1.0
Falsify,Falsify,none,MultiPreserve,shift_var_none,1,Failed,78879,154404,7,1,3,0.08492398797534406,0.584418011829257,1.00000761449337e-06,0.6693419998046011,28,28,16,13.0,13.0
Falsify,Falsify,none,MultiPreserve,shift_var_none,2,Failed,177034,347615,1,1,3,0.18574000732041895,1.2753189927898347,1.00000761449337e-06,1.4610590001102537,56,56,16,41.0,41.0
Falsify,Falsify,none,MultiPreserve,shift_var_none,3,Failed,42010,83256,1,1,3,0.061683994717895985,0.2919140050653368,0,0.3535979997832328,36,36,16,21.0,21.0
Falsify,Falsify,none,MultiPreserve,shift_var_none,4,Failed,814376,1604291,1,1,3,0.8880859513301402,6.32957504875958,1.00000761449337e-06,7.21766100008972,36,36,16,20.0,20.0
Falsify,Falsify,none,MultiPreserve,shift_var_none,5,Failed,174558,343720,2,1,3,0.1889480312820524,1.2658519686665386,1.00000761449337e-06,1.454799999948591,44,44,16,30.0,30.0
Falsify,Falsify,none,MultiPreserve,shift_var_none,6,Failed,810422,1592310,2,1,3,1.0748050005640837,5.93819799926132,1.00000761449337e-06,7.013002999825403,20,20,16,6.0,6.0
Falsify,Falsify,none,MultiPreserve,shift_var_none,7,Failed,1226582,2414023,2,1,3,1.3347839668858796,8.790146033046769,0,10.124929999932649,32,32,16,16.0,16.0
Falsify,Falsify,none,MultiPreserve,shift_var_none,8,Failed,690362,1356979,3,1,3,0.7574040011968464,4.917275998741388,1.00000761449337e-06,5.674679999938235,40,40,16,26.0,26.0
Falsify,Falsify,none,MultiPreserve,shift_var_none,9,Failed,548237,1079742,3,1,3,0.5805010001640767,4.032539999810979,1.00000761449337e-06,4.6130409999750555,52,52,16,37.0,37.0
Falsify,Falsify,none,SinglePreserve,shift_var_all,0,Failed,172123,338376,1,1,4,0.04275399190373719,1.276613007998094,1.00000761449337e-06,1.3193669999018312,20,20,16,5.0,5.0
Falsify,Falsify,none,SinglePreserve,shift_var_all,1,Failed,49643,98085,1,1,4,0.011793998535722494,0.3829340015072376,0,0.3947280000429601,24,24,16,9.0,9.0
Falsify,Falsify,none,SinglePreserve,shift_var_all,2,Failed,121169,239226,1,1,5,0.031326994532719254,0.9192690055351703,0,0.9505960000678896,20,20,16,4.0,4.0
Falsify,Falsify,none,SinglePreserve,shift_var_all,3,Failed,46335,92281,2,1,3,0.012074996018782258,0.34205300407484174,0,0.354128000093624,20,20,16,5.0,5.0
Falsify,Falsify,none,SinglePreserve,shift_var_all,4,Failed,522153,1030700,1,1,6,0.13093100301921368,3.973543996922672,0,4.1044749999418855,24,24,16,8.0,8.0
Falsify,Falsify,none,SinglePreserve,shift_var_all,5,Failed,130201,256374,2,1,3,0.03397299605421722,0.9943160039838403,0,1.0282890000380576,32,32,16,17.0,17.0
Falsify,Falsify,none,SinglePreserve,shift_var_all,6,Failed,231412,456939,1,1,5,0.06379201565869153,1.762569984421134,1.00000761449337e-06,1.8263620000798255,21,21,16,6.0,6.0
Falsify,Falsify,none,SinglePreserve,shift_var_all,7,Failed,41672,81049,3,1,3,0.010726000415161252,0.30646299943327904,1.00000761449337e-06,0.3171889998484403,32,32,16,17.0,17.0
Falsify,Falsify,none,SinglePreserve,shift_var_all,8,Failed,7553,15110,2,1,3,0.001740999286994338,0.05781400064006448,1.00000761449337e-06,0.059554999927058816,44,44,16,28.0,28.0
Falsify,Falsify,none,SinglePreserve,shift_var_all,9,Failed,40826,80303,2,1,3,0.010647003771737218,0.3030199962668121,9.997747838497162e-07,0.3136670000385493,32,32,16,16.0,16.0
Falsify,Falsify,none,MultiPreserve,shift_var_all,0,Failed,281365,554779,1,1,4,0.3043629885651171,2.082296011270955,1.00000761449337e-06,2.3866589998360723,24,24,16,9.0,9.0
Falsify,Falsify,none,MultiPreserve,shift_var_all,1,Failed,129751,255604,1,1,5,0.14644000586122274,0.9563059941865504,0,1.1027460000477731,20,20,16,4.0,4.0
Falsify,Falsify,none,MultiPreserve,shift_var_all,2,Failed,99119,194904,2,1,3,0.10489499755203724,0.7096350023057312,1.00000761449337e-06,0.8145299998577684,24,24,16,9.0,9.0
Falsify,Falsify,none,MultiPreserve,shift_var_all,3,Failed,17081,33608,1,1,7,0.02565200161188841,0.11928699840791523,1.00000761449337e-06,0.14493900001980364,20,20,16,5.0,5.0
Falsify,Falsify,none,MultiPreserve,shift_var_all,4,Failed,409598,806090,1,1,4,0.43218600121326745,3.111600998789072,1.00000761449337e-06,3.5437870000023395,20,20,16,5.0,5.0
Falsify,Falsify,none,MultiPreserve,shift_var_all,5,Failed,42859,84699,2,1,3,0.047590003814548254,0.30783699615858495,1.00000761449337e-06,0.3554269999731332,44,44,16,28.0,28.0
Falsify,Falsify,none,MultiPreserve,shift_var_all,6,Failed,67696,132727,1,1,5,0.07456099800765514,0.4999040018301457,1.00000761449337e-06,0.5744649998378009,16,16,16,0.0,0.0
Falsify,Falsify,none,MultiPreserve,shift_var_all,7,Failed,162392,320008,4,1,3,0.17365399305708706,1.1862350068986418,0,1.3598889999557289,20,20,16,5.0,5.0
Falsify,Falsify,none,MultiPreserve,shift_var_all,8,Failed,77867,153849,1,1,3,0.0878140099812299,0.5644359900616109,1.00000761449337e-06,0.6522500000428408,40,40,16,25.0,25.0
Falsify,Falsify,none,MultiPreserve,shift_var_all,9,Failed,74406,147055,2,1,3,0.09957601525820792,0.5293099845293909,1.00000761449337e-06,0.6288859997875988,20,20,16,5.0,5.0
Falsify,Falsify,none,SinglePreserve,shift_var_leq,0,timed_out,,,,,,,0,,,0,0,24,,
Falsify,Falsify,none,MultiPreserve,shift_var_leq,0,timed_out,,,,,,,0,,,0,0,24,,
Falsify,Falsify,none,SinglePreserve,shift_abs_no_incr,0,Failed,19664,38369,3,1,3,0.006424002116546035,0.16625599772669375,0,0.17267999984323978,20,20,16,4.0,4.0
Falsify,Falsify,none,SinglePreserve,shift_abs_no_incr,1,Failed,322533,633732,1,1,6,0.08583896583877504,2.3958350343164057,1.00000761449337e-06,2.4816740001551807,25,25,16,9.0,9.0
Falsify,Falsify,none,SinglePreserve,shift_abs_no_incr,2,Failed,367827,725736,4,1,3,0.0946779961232096,2.717429003911093,1.00000761449337e-06,2.8121070000343025,20,20,16,4.0,4.0
Falsify,Falsify,none,SinglePreserve,shift_abs_no_incr,3,Failed,116407,230349,1,1,4,0.029191990150138736,0.8978890099097044,1.00000761449337e-06,0.9270810000598432,20,20,16,5.0,5.0
Falsify,Falsify,none,SinglePreserve,shift_abs_no_incr,4,Failed,64092,125620,1,1,5,0.016350001795217395,0.4907619981095195,1.00000761449337e-06,0.5071119999047369,20,20,16,4.0,4.0
Falsify,Falsify,none,SinglePreserve,shift_abs_no_incr,5,Failed,106573,210648,4,1,3,0.027872998267412186,0.8276640016119927,1.00000761449337e-06,0.8555369998794049,37,37,16,21.0,21.0
Falsify,Falsify,none,SinglePreserve,shift_abs_no_incr,6,Failed,33145,65589,1,1,4,0.010260001057758927,0.24941399903036654,1.00000761449337e-06,0.25967400008812547,20,20,16,4.0,4.0
Falsify,Falsify,none,SinglePreserve,shift_abs_no_incr,7,Failed,116782,228961,3,1,3,0.030229007126763463,0.8932509929873049,1.00000761449337e-06,0.9234800001140684,24,24,16,9.0,9.0
Falsify,Falsify,none,SinglePreserve,shift_abs_no_incr,8,Failed,53633,105903,2,1,3,0.020087999757379293,0.4208320004399866,1.00000761449337e-06,0.4409200001973659,20,20,16,4.0,4.0
Falsify,Falsify,none,SinglePreserve,shift_abs_no_incr,9,Failed,125090,244695,1,1,5,0.0335869996342808,0.9427960002794862,1.00000761449337e-06,0.976382999913767,24,24,16,9.0,9.0
Falsify,Falsify,none,MultiPreserve,shift_abs_no_incr,0,Failed,97404,191787,6,1,7,0.1079040018375963,0.713969998061657,1.00000761449337e-06,0.8218739998992532,24,24,16,10.0,10.0
Falsify,Falsify,none,MultiPreserve,shift_abs_no_incr,1,Failed,326266,643144,1,1,3,0.3465479768346995,2.394343023188412,0,2.7408910000231117,40,40,16,25.0,25.0
Falsify,Falsify,none,MultiPreserve,shift_abs_no_incr,2,Failed,83633,165077,1,1,4,0.09858398442156611,0.6098050153814256,1.00000761449337e-06,0.7083889998029917,20,20,16,4.0,4.0
Falsify,Falsify,none,MultiPreserve,shift_abs_no_incr,3,Failed,493516,969449,1,1,4,0.5574399891775101,3.794605010887608,1.00000761449337e-06,4.352045000065118,20,20,16,4.0,4.0
Falsify,Falsify,none,MultiPreserve,shift_abs_no_incr,4,Failed,5949,11559,3,1,3,0.00632899790070951,0.043055002111941576,0,0.049384000012651086,20,20,16,5.0,5.0
Falsify,Falsify,none,MultiPreserve,shift_abs_no_incr,5,Failed,61263,121425,1,1,7,0.0764089822769165,0.4561200176831335,1.00000761449337e-06,0.53252899996005,20,20,16,5.0,5.0
Falsify,Falsify,none,MultiPreserve,shift_abs_no_incr,6,Failed,242459,478456,1,1,3,0.29635403072461486,1.7947219691704959,1.00000761449337e-06,2.0910759998951107,20,20,16,5.0,5.0
Falsify,Falsify,none,MultiPreserve,shift_abs_no_incr,7,Failed,111906,220856,1,1,4,0.12303200224414468,0.8575959976296873,0,0.980627999873832,20,20,16,4.0,4.0
Falsify,Falsify,none,MultiPreserve,shift_abs_no_incr,8,Failed,99365,195501,1,1,4,0.12851899885572493,0.7041370011866093,1.00000761449337e-06,0.8326560000423342,20,20,16,4.0,4.0
Falsify,Falsify,none,MultiPreserve,shift_abs_no_incr,9,Failed,55499,109696,1,1,7,0.0596220139414072,0.4270819858647883,1.00000761449337e-06,0.4867039998061955,25,25,16,10.0,10.0
Falsify,Falsify,none,SinglePreserve,subst_var_all,0,Failed,320495,630667,1,1,4,0.08095399476587772,2.4098830053117126,1.00000761449337e-06,2.4908370000775903,20,20,20,0.0,0.0
Falsify,Falsify,none,SinglePreserve,subst_var_all,1,Failed,158948,312718,2,1,3,0.04107399703934789,1.1666630029212683,0,1.2077369999606162,28,28,20,12.0,12.0
Falsify,Falsify,none,SinglePreserve,subst_var_all,2,Failed,116000,228543,1,1,5,0.028935012640431523,0.8788749873638153,1.00000761449337e-06,0.9078100000042468,20,20,20,0.0,0.0
Falsify,Falsify,none,SinglePreserve,subst_var_all,3,Failed,522769,1031720,2,1,3,0.1328759880270809,3.885449011810124,1.00000761449337e-06,4.018324999837205,44,44,20,32.0,32.0
Falsify,Falsify,none,SinglePreserve,subst_var_all,4,Failed,55306,108381,2,1,3,0.013854998629540203,0.42013600119389594,0,0.43399099982343614,25,25,20,6.0,6.0
Falsify,Falsify,none,SinglePreserve,subst_var_all,5,Failed,78960,154915,1,1,4,0.02142799878492951,0.5843320011626929,1.00000761449337e-06,0.6057599999476224,20,20,20,1.0,1.0
Falsify,Falsify,none,SinglePreserve,subst_var_all,6,Failed,101142,198922,3,1,3,0.027222998207435012,0.7862220017705113,1.00000761449337e-06,0.8134449999779463,25,25,20,5.0,5.0
Falsify,Falsify,none,SinglePreserve,subst_var_all,7,Failed,369846,728990,2,1,3,0.11233200412243605,2.676275995792821,1.00000761449337e-06,2.788607999915257,56,56,20,41.0,41.0
Falsify,Falsify,none,SinglePreserve,subst_var_all,8,Failed,159132,313153,1,1,4,0.05094000813551247,1.1566689917817712,1.00000761449337e-06,1.2076089999172837,25,25,20,6.0,6.0
Falsify,Falsify,none,SinglePreserve,subst_var_all,9,Failed,15469,30953,3,1,3,0.004778002854436636,0.11752299731597304,1.00000761449337e-06,0.12230100017040968,40,40,20,27.0,27.0
Falsify,Falsify,none,MultiPreserve,subst_var_all,0,Failed,431488,849871,4,1,3,0.4560089821461588,3.253527017775923,1.00000761449337e-06,3.709535999922082,56,56,20,44.0,44.0
Falsify,Falsify,none,MultiPreserve,subst_var_all,1,Failed,207287,407998,3,1,3,0.21860698703676465,1.5742670129984617,1.00000761449337e-06,1.7928740000352263,56,56,20,42.0,42.0
Falsify,Falsify,none,MultiPreserve,subst_var_all,2,Failed,612491,1207372,2,1,3,0.6413460171315819,4.4409839829895645,0,5.082330000121146,32,32,20,19.0,19.0
Falsify,Falsify,none,MultiPreserve,subst_var_all,3,Failed,14347,28067,1,1,4,0.02186299581080675,0.1039810043293983,0,0.12584400014020505,25,25,20,5.0,5.0
Falsify,Falsify,none,MultiPreserve,subst_var_all,4,Failed,198369,387322,1,1,4,0.2327919788658619,1.3746720210183412,1.00000761449337e-06,1.607463999884203,25,25,20,6.0,6.0
Falsify,Falsify,none,MultiPreserve,subst_var_all,5,Failed,216343,425113,3,1,3,0.2385410110000521,1.6089629889465868,1.00000761449337e-06,1.847503999946639,28,28,20,15.0,15.0
Falsify,Falsify,none,MultiPreserve,subst_var_all,6,Failed,199550,394172,1,1,4,0.26464198692701757,1.4769830130971968,0,1.7416250000242144,20,20,20,1.0,1.0
Falsify,Falsify,none,MultiPreserve,subst_var_all,7,Failed,292456,575727,1,1,3,0.4074120137374848,2.0310539864003654,1.00000761449337e-06,2.43846600013785,40,40,20,28.0,28.0
Falsify,Falsify,none,MultiPreserve,subst_var_all,8,Failed,17228,33964,1,1,3,0.017927009845152497,0.12735099019482732,0,0.14527800003997982,36,36,20,21.0,21.0
Falsify,Falsify,none,MultiPreserve,subst_var_all,9,Failed,13909,27185,5,1,3,0.015259996987879276,0.10250700288452208,1.00000761449337e-06,0.11776699987240136,48,48,20,34.0,34.0
Falsify,Falsify,none,SinglePreserve,subst_var_none,0,Failed,41113,80394,2,1,3,0.00986000313423574,0.32620699680410326,1.00000761449337e-06,0.336066999938339,20,20,12,9.0,9.0
Falsify,Falsify,none,SinglePreserve,subst_var_none,1,Failed,91256,179541,1,1,5,0.02777600195258856,0.6711229982320219,1.00000761449337e-06,0.6988990001846105,12,12,12,0.0,0.0
Falsify,Falsify,none,SinglePreserve,subst_var_none,2,Failed,23450,46598,1,1,3,0.008494999958202243,0.1765759999398142,0,0.18507099989801645,20,20,12,10.0,10.0
Falsify,Falsify,none,SinglePreserve,subst_var_none,3,Failed,110203,217299,0,1,4,0.028489015297964215,0.8441599847283214,0,0.8726490000262856,12,12,12,1.0,1.0
Falsify,Falsify,none,SinglePreserve,subst_var_none,4,Failed,12749,25104,1,1,4,0.0027940021827816963,0.09350599767640234,0,0.09629999985918404,12,12,12,0.0,0.0
Falsify,Falsify,none,SinglePreserve,subst_var_none,5,Failed,3585,6939,1,1,3,0.0011150005739182234,0.027312999358400706,0,0.02842799993231893,52,52,12,41.0,41.0
Falsify,Falsify,none,SinglePreserve,subst_var_none,6,Failed,47311,92788,1,1,3,0.013060996774584057,0.3465560032054782,1.00000761449337e-06,0.35961699998006225,28,28,12,16.0,16.0
Falsify,Falsify,none,SinglePreserve,subst_var_none,7,Failed,26026,51202,1,1,3,0.005634000059217215,0.20064599998295307,1.00000761449337e-06,0.2062800000421703,56,56,12,44.0,44.0
Falsify,Falsify,none,SinglePreserve,subst_var_none,8,Failed,34663,68014,5,1,3,0.00968599831685424,0.26312600169330835,0,0.2728120000101626,40,40,12,28.0,28.0
Falsify,Falsify,none,SinglePreserve,subst_var_none,9,Failed,18821,36809,1,1,4,0.005011992761865258,0.14085600711405277,0,0.14586799987591803,12,12,12,1.0,1.0
Falsify,Falsify,none,MultiPreserve,subst_var_none,0,Failed,12566,24545,1,1,3,0.012734996853396297,0.09022400318644941,0,0.1029590000398457,24,24,12,13.0,13.0
Falsify,Falsify,none,MultiPreserve,subst_var_none,1,Failed,78467,154656,1,1,4,0.08397900010459125,0.5705679997336119,1.00000761449337e-06,0.6545469998382032,12,12,12,1.0,1.0
Falsify,Falsify,none,MultiPreserve,subst_var_none,2,Failed,35279,69210,1,1,3,0.037222996819764376,0.25971200317144394,0,0.2969349999912083,12,12,12,1.0,1.0
Falsify,Falsify,none,MultiPreserve,subst_var_none,3,Failed,36704,72144,1,1,4,0.07620600960217416,0.2772929903585464,1.00000761449337e-06,0.35349899996072054,12,12,12,0.0,0.0
Falsify,Falsify,none,MultiPreserve,subst_var_none,4,Failed,21294,42338,2,1,3,0.023542003007605672,0.1557179968804121,1.00000761449337e-06,0.17925999988801777,40,40,12,29.0,29.0
Falsify,Falsify,none,MultiPreserve,subst_var_none,5,Failed,78853,154782,3,1,3,0.08761900034733117,0.5718229997437447,1.00000761449337e-06,0.6594420000910759,28,28,12,17.0,17.0
Falsify,Falsify,none,MultiPreserve,subst_var_none,6,Failed,22930,45484,2,1,3,0.02371199894696474,0.16670000087469816,1.00000761449337e-06,0.1904119998216629,48,48,12,36.0,36.0
Falsify,Falsify,none,MultiPreserve,subst_var_none,7,Failed,62911,123902,1,1,4,0.07092500454746187,0.46082799532450736,0,0.5317529998719692,12,12,12,0.0,0.0
Falsify,Falsify,none,MultiPreserve,subst_var_none,8,Failed,37241,74274,1,1,3,0.040874980157241225,0.2733350198250264,0,0.3142099999822676,36,36,12,25.0,25.0
Falsify,Falsify,none,MultiPreserve,subst_var_none,9,Failed,7821,15417,1,1,4,0.010155996773391962,0.05717800324782729,1.00000761449337e-06,0.06733400002121925,21,21,12,10.0,10.0
Falsify,Falsify,none,SinglePreserve,subst_abs_no_shift,0,timed_out,,,,,,,0,,,0,0,24,,
Falsify,Falsify,none,MultiPreserve,subst_abs_no_shift,0,timed_out,,,,,,,0,,,0,0,24,,
Falsify,Falsify,none,SinglePreserve,subst_abs_no_incr,0,Failed,62064,122186,1,1,4,0.015963998157531023,0.48531600181013346,1.00000761449337e-06,0.5012799999676645,20,20,20,0.0,0.0
Falsify,Falsify,none,SinglePreserve,subst_abs_no_incr,1,Failed,1029009,2024724,1,1,4,0.2657419943716377,7.623245005495846,1.00000761449337e-06,7.888986999867484,20,20,20,1.0,1.0
Falsify,Falsify,none,SinglePreserve,subst_abs_no_incr,2,Failed,757170,1490312,1,1,4,0.19387901481240988,5.8284589850809425,0,6.022337999893352,20,20,20,0.0,0.0
Falsify,Falsify,none,SinglePreserve,subst_abs_no_incr,3,Failed,636,1183,5,1,3,0.00036999955773353577,0.004509000573307276,9.997747838497162e-07,0.0048790001310408115,20,20,20,0.0,0.0
Falsify,Falsify,none,SinglePreserve,subst_abs_no_incr,4,Failed,214760,423086,1,1,13,0.05518200108781457,1.6433769988361746,1.00000761449337e-06,1.6985589999239892,25,25,20,6.0,6.0
Falsify,Falsify,none,SinglePreserve,subst_abs_no_incr,5,Failed,56264,111176,2,1,3,0.03582100081257522,0.4086989990901202,1.00000761449337e-06,0.4445199999026954,24,24,20,6.0,6.0
Falsify,Falsify,none,SinglePreserve,subst_abs_no_incr,6,Failed,125665,247871,1,1,5,0.043187002185732126,0.9323639979120343,0,0.9755510000977664,20,20,20,1.0,1.0
Falsify,Falsify,none,SinglePreserve,subst_abs_no_incr,7,Failed,246041,483267,2,1,3,0.06633298029191792,1.8992990197148172,1.00000761449337e-06,1.965632000006735,25,25,20,5.0,5.0
Falsify,Falsify,none,SinglePreserve,subst_abs_no_incr,8,Failed,23235,45529,1,1,4,0.0057579996064305305,0.16883900039829314,9.997747838497162e-07,0.17459700000472367,20,20,20,1.0,1.0
Falsify,Falsify,none,SinglePreserve,subst_abs_no_incr,9,Failed,98128,194661,2,1,3,0.024799008388072252,0.7659869915805757,1.00000761449337e-06,0.790785999968648,28,28,20,12.0,12.0
Falsify,Falsify,none,MultiPreserve,subst_abs_no_incr,0,Failed,82631,162703,1,1,6,0.10326598957180975,0.5900760104414076,0,0.6933420000132173,36,36,20,21.0,21.0
Falsify,Falsify,none,MultiPreserve,subst_abs_no_incr,1,Failed,159009,313140,1,1,4,0.1999219984281808,1.1365660014562309,1.00000761449337e-06,1.3364879998844117,20,20,20,1.0,1.0
Falsify,Falsify,none,MultiPreserve,subst_abs_no_incr,2,Failed,14950,29207,1,1,4,0.016435994766652584,0.11419000523164868,1.00000761449337e-06,0.13062599999830127,20,20,20,0.0,0.0
Falsify,Falsify,none,MultiPreserve,subst_abs_no_incr,3,Failed,392981,772090,2,1,3,0.41804701974615455,2.8130889802705497,1.00000761449337e-06,3.231136000016704,48,48,20,33.0,33.0
Falsify,Falsify,none,MultiPreserve,subst_abs_no_incr,4,Failed,17967,34872,2,1,3,0.01866300101391971,0.13373199896886945,0,0.15239499998278916,25,25,20,5.0,5.0
Falsify,Falsify,none,MultiPreserve,subst_abs_no_incr,5,Failed,864622,1700317,2,1,3,0.9193740161135792,6.45090798381716,2.00001522898674e-06,7.370281999930739,44,44,20,30.0,30.0
Falsify,Falsify,none,MultiPreserve,subst_abs_no_incr,6,Failed,190910,373601,1,1,4,0.20178298116661608,1.349284018855542,1.00000761449337e-06,1.551067000022158,29,29,20,15.0,15.0
Falsify,Falsify,none,MultiPreserve,subst_abs_no_incr,7,Failed,275264,542201,1,1,7,0.3367889844812453,1.9768480153288692,0,2.3136369998101145,25,25,20,6.0,6.0
Falsify,Falsify,none,MultiPreserve,subst_abs_no_incr,8,Failed,58471,114528,1,1,4,0.07444700901396573,0.4207299908157438,1.00000761449337e-06,0.49517699982970953,20,20,20,0.0,0.0
Falsify,Falsify,none,MultiPreserve,subst_abs_no_incr,9,Failed,98928,194132,1,1,4,0.11896901251748204,0.6913299874868244,1.00000761449337e-06,0.8102990000043064,20,20,20,0.0,0.0
Falsify,Falsify,none,SinglePreserve,substTop_no_shift,0,Failed,22653,44413,2,1,3,0.008715003030374646,0.18400199711322784,0,0.1927170001436025,48,48,16,33.0,33.0
Falsify,Falsify,none,SinglePreserve,substTop_no_shift,1,Failed,84644,165440,2,1,3,0.021116004092618823,0.6136939958669245,0,0.6348099999595433,44,44,16,29.0,29.0
Falsify,Falsify,none,SinglePreserve,substTop_no_shift,2,Failed,127106,250464,2,1,3,0.034261993831023574,0.95949600613676,0,0.9937579999677836,56,56,16,40.0,40.0
Falsify,Falsify,none,SinglePreserve,substTop_no_shift,3,Failed,307231,603081,2,1,3,0.07858699909411371,2.2459210008382797,1.00000761449337e-06,2.3245079999323934,32,32,16,17.0,17.0
Falsify,Falsify,none,SinglePreserve,substTop_no_shift,4,Failed,154677,304223,2,1,3,0.039795011980459094,1.1398429879918692,0,1.1796379999723283,20,20,16,5.0,5.0
Falsify,Falsify,none,SinglePreserve,substTop_no_shift,5,Failed,36559,73040,3,1,3,0.009335001930594444,0.2740199980325997,1.00000761449337e-06,0.28335499996319413,16,16,16,1.0,1.0
Falsify,Falsify,none,SinglePreserve,substTop_no_shift,6,Failed,104363,205646,2,1,3,0.024427993455901745,0.7991990065202117,1.00000761449337e-06,0.8236269999761134,36,36,16,22.0,22.0
Falsify,Falsify,none,SinglePreserve,substTop_no_shift,7,Failed,260588,513636,1,1,3,0.06442300137132406,1.9304039985872807,1.00000761449337e-06,1.9948269999586048,48,48,16,33.0,33.0
Falsify,Falsify,none,SinglePreserve,substTop_no_shift,8,Failed,517374,1020002,1,1,3,0.30773600190877914,3.671416998142377,1.00000761449337e-06,3.979153000051156,60,60,16,45.0,45.0
Falsify,Falsify,none,SinglePreserve,substTop_no_shift,9,Failed,20912,41785,2,1,3,0.004276999505236745,0.1561220004223287,0,0.16039899992756546,52,52,16,37.0,37.0
Falsify,Falsify,none,MultiPreserve,substTop_no_shift,0,Failed,124468,244811,1,1,3,0.17090098513290286,0.8788640149869023,0,1.0497650001198051,28,28,16,14.0,14.0
Falsify,Falsify,none,MultiPreserve,substTop_no_shift,1,Failed,31350,62069,2,1,3,0.032531985780224204,0.2361200142186135,0,0.2686519999988377,40,40,16,25.0,25.0
Falsify,Falsify,none,MultiPreserve,substTop_no_shift,2,Failed,165004,326438,1,1,3,0.17534501873888075,1.2175329811871052,0,1.392877999925986,44,44,16,29.0,29.0
Falsify,Falsify,none,MultiPreserve,substTop_no_shift,3,Failed,35719,70469,2,1,3,0.051941002486273646,0.25250299740582705,1.00000761449337e-06,0.3044439998921007,36,36,16,21.0,21.0
Falsify,Falsify,none,MultiPreserve,substTop_no_shift,4,Failed,234094,459866,2,1,3,0.2740520052611828,1.7401179948356003,1.00000761449337e-06,2.014170000096783,32,32,16,16.0,16.0
Falsify,Falsify,none,MultiPreserve,substTop_no_shift,5,Failed,394671,778876,3,1,3,0.41476995847187936,3.0078990415204316,0,3.422668999992311,44,44,16,29.0,29.0
Falsify,Falsify,none,MultiPreserve,substTop_no_shift,6,Failed,221410,433087,1,1,3,0.24429800966754556,1.6698349902871996,1.00000761449337e-06,1.9141329999547452,41,41,16,25.0,25.0
Falsify,Falsify,none,MultiPreserve,substTop_no_shift,7,Failed,137212,270351,1,1,3,0.17278400855138898,1.0095929915551096,1.00000761449337e-06,1.1823770001064986,48,48,16,34.0,34.0
Falsify,Falsify,none,MultiPreserve,substTop_no_shift,8,Failed,3059,6185,3,1,3,0.003452000441029668,0.022883999394252896,1.00000761449337e-06,0.026335999835282564,44,44,16,29.0,29.0
Falsify,Falsify,none,MultiPreserve,substTop_no_shift,9,Failed,43482,86240,2,1,3,0.048181998543441296,0.31952400133013725,1.00000761449337e-06,0.36770599987357855,40,40,16,25.0,25.0
Falsify,Falsify,none,SinglePreserve,substTop_no_shift_back,0,Failed,690396,1363950,3,1,3,0.17824399913661182,5.068525000941008,1.00000761449337e-06,5.24676900007762,32,32,16,19.0,19.0
Falsify,Falsify,none,SinglePreserve,substTop_no_shift_back,1,Failed,117893,232699,3,1,3,0.02835700032301247,0.8868379995692521,1.00000761449337e-06,0.9151949998922646,32,32,16,19.0,19.0
Falsify,Falsify,none,SinglePreserve,substTop_no_shift_back,2,Failed,69275,136176,2,1,3,0.017186009092256427,0.5152119908016175,0,0.5323979998938739,40,40,16,27.0,27.0
Falsify,Falsify,none,SinglePreserve,substTop_no_shift_back,3,Failed,435817,856495,5,1,3,0.11187800276093184,3.3244029972702265,1.00000761449337e-06,3.4362810000311583,44,44,16,31.0,31.0
Falsify,Falsify,none,SinglePreserve,substTop_no_shift_back,4,Failed,378103,745553,1,1,3,0.09109299001283944,2.8037160101812333,1.00000761449337e-06,2.8948090001940727,36,36,16,23.0,23.0
Falsify,Falsify,none,SinglePreserve,substTop_no_shift_back,5,Failed,257564,505748,4,1,3,0.06668599625118077,1.9341540036257356,0,2.0008399998769164,60,60,16,47.0,47.0
Falsify,Falsify,none,SinglePreserve,substTop_no_shift_back,6,Failed,611279,1198691,3,1,3,0.1608630169648677,4.527667983202264,1.00000761449337e-06,4.688531000167131,48,48,16,35.0,35.0
Falsify,Falsify,none,SinglePreserve,substTop_no_shift_back,7,Failed,51390,100732,2,1,3,0.012399007566273212,0.3944589924067259,1.00000761449337e-06,0.4068579999729991,40,40,16,27.0,27.0
Falsify,Falsify,none,SinglePreserve,substTop_no_shift_back,8,Failed,127594,251310,1,1,3,0.03247800329700112,0.9692499968223274,1.00000761449337e-06,1.0017280001193285,48,48,16,35.0,35.0
Falsify,Falsify,none,SinglePreserve,substTop_no_shift_back,9,Failed,358284,704388,7,1,3,0.09355099964886904,2.660379000473768,1.00000761449337e-06,2.753930000122637,48,48,16,35.0,35.0
Falsify,Falsify,none,MultiPreserve,substTop_no_shift_back,0,Failed,411556,812139,3,1,3,0.4417890068143606,3.152757993200794,1.00000761449337e-06,3.5945470000151545,56,56,16,43.0,43.0
Falsify,Falsify,none,MultiPreserve,substTop_no_shift_back,1,Failed,419675,829454,1,1,3,0.44216399593278766,3.1606430041138083,0,3.602807000046596,20,20,16,7.0,7.0
Falsify,Falsify,none,MultiPreserve,substTop_no_shift_back,2,Failed,297508,585147,2,1,3,0.32267300016246736,2.156930999830365,1.00000761449337e-06,2.4796039999928325,41,41,16,28.0,28.0
Falsify,Falsify,none,MultiPreserve,substTop_no_shift_back,3,Failed,21296,42066,3,1,3,0.02256099507212639,0.1526800049468875,1.00000761449337e-06,0.17524100001901388,40,40,16,27.0,27.0
Falsify,Falsify,none,MultiPreserve,substTop_no_shift_back,4,Failed,1092884,2150450,7,1,3,1.3266730092000216,7.819627990713343,1.00000761449337e-06,9.146300999913365,20,20,16,7.0,7.0
Falsify,Falsify,none,MultiPreserve,substTop_no_shift_back,5,Failed,40456,78629,1,1,3,0.05064999498426914,0.28387500485405326,0,0.3345249998383224,48,48,16,35.0,35.0
Falsify,Falsify,none,MultiPreserve,substTop_no_shift_back,6,Failed,97011,191070,1,1,3,0.10143298772163688,0.6855370122939348,1.00000761449337e-06,0.7869700000155717,52,52,16,39.0,39.0
Falsify,Falsify,none,MultiPreserve,substTop_no_shift_back,7,Failed,435081,854356,2,1,3,0.46505499933846295,3.2377380006946628,0,3.7027930000331257,45,45,16,32.0,32.0
Falsify,Falsify,none,MultiPreserve,substTop_no_shift_back,8,Failed,335856,660622,1,1,3,0.48708502133376896,2.2746559786610305,1.00000761449337e-06,2.7617409999947995,44,44,16,31.0,31.0
Falsify,Falsify,none,MultiPreserve,substTop_no_shift_back,9,Failed,901397,1775701,4,1,3,1.0515370413195342,6.659172958694398,1.00000761449337e-06,7.710710000013933,40,40,16,27.0,27.0
Falsify,FalsifyCBC,none,SinglePreserve,shift_var_none,0,Failed,750,0,5,1,0,0.01273699919693172,0.0009610007982701063,1.00000761449337e-06,0.013697999995201826,48,48,16,33.0,33.0
Falsify,FalsifyCBC,none,SinglePreserve,shift_var_none,1,Failed,791,0,5,1,0,0.008646999718621373,0.0005630000960081833,1.00000761449337e-06,0.009209999814629556,32,32,16,17.0,17.0
Falsify,FalsifyCBC,none,SinglePreserve,shift_var_none,2,Failed,792,0,5,1,0,0.007168999640271068,0.0004790003877133131,1.00000761449337e-06,0.007648000027984381,73,73,16,57.0,57.0
Falsify,FalsifyCBC,none,SinglePreserve,shift_var_none,3,Failed,238,0,5,1,0,0.002571999793872237,0.0001630003098398447,0,0.002735000103712082,61,61,16,47.0,47.0
Falsify,FalsifyCBC,none,SinglePreserve,shift_var_none,4,Failed,573,0,5,1,0,0.004118999699130654,0.0007680002599954605,1.00000761449337e-06,0.004886999959126115,24,24,16,9.0,9.0
Falsify,FalsifyCBC,none,SinglePreserve,shift_var_none,5,Failed,174,0,6,1,0,0.001588999992236495,0.00014100014232099056,0,0.0017300001345574856,57,57,16,41.0,41.0
Falsify,FalsifyCBC,none,SinglePreserve,shift_var_none,6,Failed,214,0,7,1,0,0.0014309999532997608,0.00014899997040629409,0,0.001579999923706055,32,32,16,16.0,16.0
Falsify,FalsifyCBC,none,SinglePreserve,shift_var_none,7,Failed,203,0,5,1,0,0.0014529998879879713,0.00013900012709200382,0,0.0015920000150799751,24,24,16,9.0,9.0
Falsify,FalsifyCBC,none,SinglePreserve,shift_var_none,8,Failed,39,0,5,1,0,0.0002789997961372137,6.200000643730164e-05,0,0.00034099980257451534,56,56,16,41.0,41.0
Falsify,FalsifyCBC,none,SinglePreserve,shift_var_none,9,Failed,114,0,6,1,0,0.0007200001273304224,8.699996396899223e-05,9.997747838497162e-07,0.0008070000912994146,48,48,16,32.0,32.0
Falsify,FalsifyCBC,none,MultiPreserve,shift_var_none,0,Failed,68,0,5,1,0,0.0004129998851567507,6.50002621114254e-05,0,0.0004780001472681761,97,97,16,81.0,81.0
Falsify,FalsifyCBC,none,MultiPreserve,shift_var_none,1,Failed,91,0,5,1,0,0.00064699980430305,7.800012826919556e-05,0,0.0007249999325722456,28,28,16,13.0,13.0
Falsify,FalsifyCBC,none,MultiPreserve,shift_var_none,2,Failed,53,0,6,1,0,0.00044599990360438824,5.5999960750341415e-05,1.00000761449337e-06,0.0005019998643547297,25,25,16,9.0,9.0
Falsify,FalsifyCBC,none,MultiPreserve,shift_var_none,3,Failed,140,0,7,1,0,0.0014490000903606417,0.0001540000084787605,1.00000761449337e-06,0.0016030000988394022,49,49,16,33.0,33.0
Falsify,FalsifyCBC,none,MultiPreserve,shift_var_none,4,Failed,302,0,5,1,0,0.002628999762237072,0.0001910002902150154,0,0.0028200000524520874,77,77,16,62.0,62.0
Falsify,FalsifyCBC,none,MultiPreserve,shift_var_none,5,Failed,50,0,5,1,0,0.00037199980579316616,4.9000140279531425e-05,0,0.0004209999460726976,24,24,16,9.0,9.0
Falsify,FalsifyCBC,none,MultiPreserve,shift_var_none,6,Failed,732,0,5,1,0,0.005793999182060361,0.0011540008708834648,1.00000761449337e-06,0.006948000052943826,49,49,16,33.0,33.0
Falsify,FalsifyCBC,none,MultiPreserve,shift_var_none,7,Failed,224,0,5,1,0,0.0021599987521767616,0.00017700111493468285,1.00000761449337e-06,0.0023369998671114445,16,16,16,0.0,0.0
Falsify,FalsifyCBC,none,MultiPreserve,shift_var_none,8,Failed,293,0,6,1,0,0.0023020009975880384,0.00016799895092844963,1.00000761449337e-06,0.002469999948516488,33,33,16,17.0,17.0
Falsify,FalsifyCBC,none,MultiPreserve,shift_var_none,9,Failed,25,0,8,1,0,0.0001759999431669712,3.700004890561104e-05,0,0.00021299999207258224,40,40,16,25.0,25.0
Falsify,FalsifyCBC,none,SinglePreserve,shift_var_all,0,Failed,101,0,6,1,0,0.0017640003934502602,0.000393999507650733,0,0.002157999901100993,16,16,16,0.0,0.0
Falsify,FalsifyCBC,none,SinglePreserve,shift_var_all,1,Failed,504,0,6,1,0,0.0070329997688531876,0.00044200033880770206,0,0.00747500010766089,16,16,16,1.0,1.0
Falsify,FalsifyCBC,none,SinglePreserve,shift_var_all,2,Failed,55,0,7,1,0,0.000438999617472291,6.700027734041214e-05,0,0.0005059998948127031,16,16,16,1.0,1.0
Falsify,FalsifyCBC,none,SinglePreserve,shift_var_all,3,Failed,257,0,5,1,0,0.002713999943807721,0.00018500001169741154,1.00000761449337e-06,0.0028989999555051327,16,16,16,1.0,1.0
Falsify,FalsifyCBC,none,SinglePreserve,shift_var_all,4,Failed,131,0,5,1,0,0.0011799994390457869,0.00011000060476362705,0,0.001290000043809414,16,16,16,0.0,0.0
Falsify,FalsifyCBC,none,SinglePreserve,shift_var_all,5,Failed,133,0,5,1,0,0.0013139997608959677,0.00011300016194581942,1.00000761449337e-06,0.0014269999228417871,72,72,16,57.0,57.0
Falsify,FalsifyCBC,none,SinglePreserve,shift_var_all,6,Failed,235,0,6,1,0,0.0022640004754066467,0.0001409994438290596,1.00000761449337e-06,0.0024049999192357063,69,69,16,54.0,54.0
Falsify,FalsifyCBC,none,SinglePreserve,shift_var_all,7,Failed,346,0,7,1,0,0.0030800001695752144,0.0002009999006986618,0,0.003281000070273876,74,74,16,58.0,58.0
Falsify,FalsifyCBC,none,SinglePreserve,shift_var_all,8,Failed,72,0,5,1,0,0.0004919995553791523,7.700035348534584e-05,1.00000761449337e-06,0.0005689999088644981,24,24,16,10.0,10.0
Falsify,FalsifyCBC,none,SinglePreserve,shift_var_all,9,Failed,1600,0,5,1,0,0.014274997869506478,0.00090000219643116,1.00000761449337e-06,0.015175000065937638,65,65,16,49.0,49.0
Falsify,FalsifyCBC,none,MultiPreserve,shift_var_all,0,Failed,814,0,6,1,0,0.00710199773311615,0.00043400214053690434,0,0.007535999873653054,62,62,16,46.0,46.0
Falsify,FalsifyCBC,none,MultiPreserve,shift_var_all,1,Failed,50,0,10,1,0,0.00043100002221763134,6.400002166628838e-05,1.00000761449337e-06,0.0004950000438839197,56,56,16,40.0,40.0
Falsify,FalsifyCBC,none,MultiPreserve,shift_var_all,2,Failed,699,0,5,1,0,0.005925999255850911,0.0008510008919984102,1.00000761449337e-06,0.006777000147849321,16,16,16,0.0,0.0
Falsify,FalsifyCBC,none,MultiPreserve,shift_var_all,3,Failed,462,0,5,1,0,0.003766000038012862,0.0002739999908953905,0,0.004040000028908253,49,49,16,33.0,33.0
Falsify,FalsifyCBC,none,MultiPreserve,shift_var_all,4,Failed,117,0,5,1,0,0.0011390005238354206,8.699949830770493e-05,0,0.0012260000221431255,24,24,16,10.0,10.0
Falsify,FalsifyCBC,none,MultiPreserve,shift_var_all,5,Failed,1361,0,5,1,0,0.012066998286172748,0.001054001506417988,0,0.013120999792590736,32,32,16,16.0,16.0
Falsify,FalsifyCBC,none,MultiPreserve,shift_var_all,6,Failed,406,0,5,1,0,0.0035899996291846037,0.0002330003771930933,0,0.003823000006377697,24,24,16,8.0,8.0
Falsify,FalsifyCBC,none,MultiPreserve,shift_var_all,7,Failed,452,0,5,1,0,0.0035899998620152473,0.0002630001399666071,0,0.0038530000019818544,32,32,16,17.0,17.0
Falsify,FalsifyCBC,none,MultiPreserve,shift_var_all,8,Failed,132,0,6,1,0,0.0010720000136643648,0.00010899989865720272,0,0.0011809999123215675,42,42,16,26.0,26.0
Falsify,FalsifyCBC,none,MultiPreserve,shift_var_all,9,Failed,341,0,5,1,0,0.0028090004343539476,0.00018799956887960434,1.00000761449337e-06,0.002997000003233552,16,16,16,1.0,1.0
Falsify,FalsifyCBC,none,SinglePreserve,shift_var_leq,0,timed_out,,,,,,,0,,,0,0,24,,
Falsify,FalsifyCBC,none,MultiPreserve,shift_var_leq,0,timed_out,,,,,,,0,,,0,0,24,,
Falsify,FalsifyCBC,none,SinglePreserve,shift_abs_no_incr,0,Failed,423,0,4,1,0,0.005059000803157687,0.0003629992716014385,1.00000761449337e-06,0.005422000074759126,66,66,16,50.0,50.0
Falsify,FalsifyCBC,none,SinglePreserve,shift_abs_no_incr,1,Failed,176,0,5,1,0,0.0014129993505775928,0.00012900051660835765,0,0.0015419998671859505,73,73,16,58.0,58.0
Falsify,FalsifyCBC,none,SinglePreserve,shift_abs_no_incr,2,Failed,536,0,6,1,0,0.004784999880939722,0.000745000084862113,0,0.005529999965801835,24,24,16,9.0,9.0
Falsify,FalsifyCBC,none,SinglePreserve,shift_abs_no_incr,3,Failed,258,0,5,1,0,0.0025179991498589516,0.00016200076788663864,1.00000761449337e-06,0.00267999991774559,33,33,16,17.0,17.0
Falsify,FalsifyCBC,none,SinglePreserve,shift_abs_no_incr,4,Failed,176,0,5,1,0,0.0016920003108680248,0.0001279998105019331,0,0.001820000121369958,24,24,16,8.0,8.0
Falsify,FalsifyCBC,none,SinglePreserve,shift_abs_no_incr,5,Failed,25,0,6,1,0,0.00018900027498602867,3.8999598473310443e-05,1.00000761449337e-06,0.00022799987345933911,70,70,16,54.0,54.0
Falsify,FalsifyCBC,none,SinglePreserve,shift_abs_no_incr,6,Failed,506,0,5,1,0,0.0048610009253025055,0.0002839991357177496,0,0.005145000061020255,114,114,16,99.0,99.0
Falsify,FalsifyCBC,none,SinglePreserve,shift_abs_no_incr,7,Failed,153,0,6,1,0,0.0014490000903606417,0.0001189999748021362,0,0.001568000065162778,90,90,16,74.0,74.0
Falsify,FalsifyCBC,none,SinglePreserve,shift_abs_no_incr,8,Failed,465,0,5,1,0,0.00394399999640882,0.0007609999738633633,1.00000761449337e-06,0.004704999970272183,57,57,16,41.0,41.0
Falsify,FalsifyCBC,none,SinglePreserve,shift_abs_no_incr,9,Failed,237,0,5,1,0,0.002509999554604292,0.00016400031745433807,1.00000761449337e-06,0.00267399987205863,34,34,16,18.0,18.0
Falsify,FalsifyCBC,none,MultiPreserve,shift_abs_no_incr,0,Failed,8,0,5,1,0,0.00012199999764561652,4.300009459257127e-05,0,0.0001650000922381878,68,68,16,53.0,53.0
Falsify,FalsifyCBC,none,MultiPreserve,shift_abs_no_incr,1,Failed,4,0,5,1,0,8.399994112551212e-05,4.300009459257126e-05,0,0.00012700003571808338,74,74,16,58.0,58.0
Falsify,FalsifyCBC,none,MultiPreserve,shift_abs_no_incr,2,Failed,174,0,5,1,0,0.0014080011751502752,0.0001309989020228386,0,0.0015390000771731138,25,25,16,9.0,9.0
Falsify,FalsifyCBC,none,MultiPreserve,shift_abs_no_incr,3,Failed,137,0,5,1,0,0.00114799989387393,0.00010300008580088594,0,0.001250999979674816,48,48,16,33.0,33.0
Falsify,FalsifyCBC,none,MultiPreserve,shift_abs_no_incr,4,Failed,11,0,6,1,0,0.00012100022286176682,3.5999808460474014e-05,0,0.00015700003132224083,64,64,16,49.0,49.0
Falsify,FalsifyCBC,none,MultiPreserve,shift_abs_no_incr,5,Failed,10,0,5,1,0,0.00013700011186301708,4.2999861761927605e-05,1.00000761449337e-06,0.0001799999736249447,57,57,16,42.0,42.0
Falsify,FalsifyCBC,none,MultiPreserve,shift_abs_no_incr,6,Failed,212,0,5,1,0,0.0022920002229511738,0.0001349998638033867,0,0.0024270000867545605,44,44,16,29.0,29.0
Falsify,FalsifyCBC,none,MultiPreserve,shift_abs_no_incr,7,Failed,418,0,5,1,0,0.003540999256074429,0.00023900065571069674,1.00000761449337e-06,0.0037799999117851257,89,89,16,73.0,73.0
Falsify,FalsifyCBC,none,MultiPreserve,shift_abs_no_incr,8,Failed,119,0,5,1,0,0.0007160000968724489,8.299993351101875e-05,0,0.0007990000303834677,40,40,16,24.0,24.0
Falsify,FalsifyCBC,none,MultiPreserve,shift_abs_no_incr,9,Failed,66,0,5,1,0,0.0004700000863522291,6.099976599216461e-05,1.00000761449337e-06,0.0005309998523443937,24,24,16,9.0,9.0
Falsify,FalsifyCBC,none,SinglePreserve,subst_var_all,0,Failed,23,0,3,1,0,0.0008880000095814466,0.0003349999897181988,0,0.0012229999992996454,36,36,20,21.0,21.0
Falsify,FalsifyCBC,none,SinglePreserve,subst_var_all,1,Failed,33,0,7,1,0,0.0004259999841451645,7.00000673532486e-05,0,0.0004960000514984131,48,48,20,33.0,33.0
Falsify,FalsifyCBC,none,SinglePreserve,subst_var_all,2,Failed,75,0,12,1,0,0.000608999514952302,8.50004144012928e-05,0,0.0006939999293535948,36,36,20,21.0,21.0
Falsify,FalsifyCBC,none,SinglePreserve,subst_var_all,3,Failed,77,0,5,1,0,0.0004779996816068888,9.400048293173308e-05,0,0.0005720001645386219,78,78,20,58.0,58.0
Falsify,FalsifyCBC,none,SinglePreserve,subst_var_all,4,Failed,521,0,4,1,0,0.004722000099718571,0.0002889998722821474,1.00000761449337e-06,0.005010999972000718,71,71,20,51.0,51.0
Falsify,FalsifyCBC,none,SinglePreserve,subst_var_all,5,Failed,38,0,4,1,0,0.0002810000441968441,3.600004129111767e-05,1.00000761449337e-06,0.00031700008548796177,66,66,20,48.0,48.0
Falsify,FalsifyCBC,none,SinglePreserve,subst_var_all,6,Failed,476,0,5,1,0,0.0035479997750371695,0.0002690001856535673,0,0.0038169999606907368,37,37,20,21.0,21.0
Falsify,FalsifyCBC,none,SinglePreserve,subst_var_all,7,Failed,78,0,5,1,0,0.0004519997164607048,6.700027734041214e-05,0,0.0005189999938011169,61,61,20,42.0,42.0
Falsify,FalsifyCBC,none,SinglePreserve,subst_var_all,8,Failed,36,0,3,1,0,0.00029199966229498386,6.300024688243866e-05,0,0.0003549999091774225,40,40,20,25.0,25.0
Falsify,FalsifyCBC,none,SinglePreserve,subst_var_all,9,Failed,207,0,4,1,0,0.0015600004699081182,0.00013699941337108612,1.00000761449337e-06,0.0016969998832792044,32,32,20,16.0,16.0
Falsify,FalsifyCBC,none,MultiPreserve,subst_var_all,0,Failed,169,0,6,1,0,0.001311000203713775,0.00010299985297024228,0,0.0014140000566840172,41,41,20,26.0,26.0
Falsify,FalsifyCBC,none,MultiPreserve,subst_var_all,1,Failed,827,0,4,1,0,0.006130999652668834,0.0006920003797858953,1.00000761449337e-06,0.006823000032454729,131,131,20,113.0,113.0
Falsify,FalsifyCBC,none,MultiPreserve,subst_var_all,2,Failed,196,0,6,1,0,0.0015590009279549122,0.00015499908477067947,1.00000761449337e-06,0.0017140000127255917,78,78,20,58.0,58.0
Falsify,FalsifyCBC,none,MultiPreserve,subst_var_all,3,Failed,11,0,4,1,0,0.0001129999291151762,3.100000321865082e-05,0,0.00014399993233382702,24,24,20,11.0,11.0
Falsify,FalsifyCBC,none,MultiPreserve,subst_var_all,4,Failed,221,0,4,1,0,0.0015089998487383127,0.00014700018800795078,0,0.0016560000367462635,37,37,20,21.0,21.0
Falsify,FalsifyCBC,none,MultiPreserve,subst_var_all,5,Failed,170,0,5,1,0,0.0012789997272193432,0.00010400032624602318,0,0.0013830000534653664,29,29,20,10.0,10.0
Falsify,FalsifyCBC,none,MultiPreserve,subst_var_all,6,Failed,25,0,4,1,0,0.0002089997287839651,4.300009459257126e-05,0,0.00025199982337653637,47,47,20,28.0,28.0
Falsify,FalsifyCBC,none,MultiPreserve,subst_var_all,7,Failed,238,0,6,1,0,0.0019209994934499264,0.00016000051982700781,1.00000761449337e-06,0.002081000013276934,62,62,20,44.0,44.0
Falsify,FalsifyCBC,none,MultiPreserve,subst_var_all,8,Failed,417,0,4,1,0,0.0033650004770606756,0.00024299952201545238,0,0.003607999999076128,41,41,20,26.0,26.0
Falsify,FalsifyCBC,none,MultiPreserve,subst_var_all,9,Failed,308,0,4,1,0,0.0024300008080899715,0.00018999935127794743,0,0.002620000159367919,66,66,20,50.0,50.0
Falsify,FalsifyCBC,none,SinglePreserve,subst_var_none,0,Failed,11,0,3,1,0,0.0007799998857080936,0.0003290001768618824,1.00000761449337e-06,0.001109000062569976,37,37,12,26.0,26.0
Falsify,FalsifyCBC,none,SinglePreserve,subst_var_none,1,Failed,20,0,4,1,0,0.0002540003042668104,5.799951031804085e-05,1.00000761449337e-06,0.00031199981458485126,41,41,12,30.0,30.0
Falsify,FalsifyCBC,none,SinglePreserve,subst_var_none,2,Failed,18,0,3,1,0,0.00017000013031065464,4.6999892219901085e-05,1.00000761449337e-06,0.00021700002253055573,12,12,12,0.0,0.0
Falsify,FalsifyCBC,none,SinglePreserve,subst_var_none,3,Failed,28,0,4,1,0,0.00022400007583200932,4.600011743605137e-05,0,0.0002700001932680607,29,29,12,17.0,17.0
Falsify,FalsifyCBC,none,SinglePreserve,subst_var_none,4,Failed,62,0,3,1,0,0.0004199999384582042,7.50001054257155e-05,0,0.0004950000438839197,38,38,12,26.0,26.0
Falsify,FalsifyCBC,none,SinglePreserve,subst_var_none,5,Failed,2,0,4,1,0,5.200016312301159e-05,5.5999960750341415e-05,0,0.000108000123873353,38,38,12,27.0,27.0
Falsify,FalsifyCBC,none,SinglePreserve,subst_var_none,6,Failed,95,0,4,1,0,0.0006639999337494373,8.200015872716904e-05,0,0.0007460000924766064,21,21,12,9.0,9.0
Falsify,FalsifyCBC,none,SinglePreserve,subst_var_none,7,Failed,71,0,3,1,0,0.0004699996206909418,6.1000464484095573e-05,1.00000761449337e-06,0.0005310000851750374,12,12,12,1.0,1.0
Falsify,FalsifyCBC,none,SinglePreserve,subst_var_none,8,Failed,85,0,4,1,0,0.0004660000558942557,7.099984213709826e-05,0,0.000536999898031354,12,12,12,1.0,1.0
Falsify,FalsifyCBC,none,SinglePreserve,subst_var_none,9,Failed,18,0,3,1,0,9.799981489777564e-05,3.300001844763757e-05,1.00000761449337e-06,0.0001309998333454132,55,55,12,44.0,44.0
Falsify,FalsifyCBC,none,MultiPreserve,subst_var_none,0,Failed,2,0,3,1,0,5.000014789402485e-05,2.6999972760677338e-05,0,7.700012065470219e-05,12,12,12,0.0,0.0
Falsify,FalsifyCBC,none,MultiPreserve,subst_var_none,1,Failed,80,0,3,1,0,0.0004420001059770584,6.599980406463146e-05,0,0.0005079999100416899,12,12,12,0.0,0.0
Falsify,FalsifyCBC,none,MultiPreserve,subst_var_none,2,Failed,1,0,5,1,0,4.600011743605137e-05,2.5999965146183968e-05,1.00000761449337e-06,7.200008258223534e-05,12,12,12,0.0,0.0
Falsify,FalsifyCBC,none,MultiPreserve,subst_var_none,3,Failed,61,0,5,1,0,0.000430000014603138,9.499979205429549e-05,0,0.0005249998066574335,54,54,12,43.0,43.0
Falsify,FalsifyCBC,none,MultiPreserve,subst_var_none,4,Failed,87,0,3,1,0,0.0006490000523626804,8.599995635449886e-05,1.00000761449337e-06,0.0007350000087171793,12,12,12,0.0,0.0
Falsify,FalsifyCBC,none,MultiPreserve,subst_var_none,5,Failed,28,0,3,1,0,0.00023400015197694304,3.999983891844747e-05,1.00000761449337e-06,0.0002739999908953905,34,34,12,22.0,22.0
Falsify,FalsifyCBC,none,MultiPreserve,subst_var_none,6,Failed,3,0,3,1,0,7.100007496774197e-05,4.899990744888784e-05,0,0.0001199999824166298,29,29,12,18.0,18.0
Falsify,FalsifyCBC,none,MultiPreserve,subst_var_none,7,Failed,13,0,8,1,0,8.899997919797897e-05,3.50000336766243e-05,0,0.00012400001287460327,60,60,12,48.0,48.0
Falsify,FalsifyCBC,none,MultiPreserve,subst_var_none,8,Failed,40,0,3,1,0,0.00029699993319809437,5.5999960750341415e-05,1.00000761449337e-06,0.0003529998939484358,12,12,12,0.0,0.0
Falsify,FalsifyCBC,none,MultiPreserve,subst_var_none,9,Failed,3,0,3,1,0,5.2999937906861305e-05,2.8999987989664078e-05,1.00000761449337e-06,8.199992589652538e-05,37,37,12,26.0,26.0
Falsify,FalsifyCBC,none,SinglePreserve,subst_abs_no_shift,0,Failed,3108,0,5,1,0,0.04213799675926566,0.004628003342077136,1.00000761449337e-06,0.0467660001013428,48,48,24,25.0,25.0
Falsify,FalsifyCBC,none,SinglePreserve,subst_abs_no_shift,1,Failed,26806,0,14,1,0,0.24075398920103908,0.01920901075936854,1.00000761449337e-06,0.2599629999604076,24,24,24,0.0,0.0
Falsify,FalsifyCBC,none,SinglePreserve,subst_abs_no_shift,2,Failed,7196,0,4,1,0,0.06439099949784577,0.005283000413328409,0,0.06967399991117418,32,32,24,8.0,8.0
Falsify,FalsifyCBC,none,SinglePreserve,subst_abs_no_shift,3,Failed,18688,0,6,1,0,0.18186299689114097,0.011796003207564326,1.00000761449337e-06,0.1936590000987053,119,119,24,96.0,96.0
Falsify,FalsifyCBC,none,SinglePreserve,subst_abs_no_shift,4,Failed,17185,0,13,1,0,0.14966000523418188,0.012060994748026133,1.00000761449337e-06,0.161720999982208,38,38,24,14.0,14.0
Falsify,FalsifyCBC,none,SinglePreserve,subst_abs_no_shift,5,Failed,47084,0,5,1,0,0.4299330040812493,0.0303789959289133,1.00000761449337e-06,0.4603120000101626,106,106,24,82.0,82.0
Falsify,FalsifyCBC,none,SinglePreserve,subst_abs_no_shift,6,Failed,26243,0,4,1,0,0.21836799918673933,0.03765500080771744,1.00000761449337e-06,0.25602299999445677,24,24,24,0.0,0.0
Falsify,FalsifyCBC,none,SinglePreserve,subst_abs_no_shift,7,Failed,2814,0,3,1,0,0.02569500240497291,0.0012879977002739906,1.00000761449337e-06,0.0269830001052469,32,32,24,8.0,8.0
Falsify,FalsifyCBC,none,SinglePreserve,subst_abs_no_shift,8,Failed,20498,0,4,1,0,0.19327299809083345,0.0171780018135905,1.00000761449337e-06,0.21045099990442395,50,50,24,29.0,29.0
Falsify,FalsifyCBC,none,SinglePreserve,subst_abs_no_shift,9,Failed,26372,0,4,1,0,0.2366959920618683,0.020465007983148098,1.00000761449337e-06,0.2571610000450164,24,24,24,0.0,0.0
Falsify,FalsifyCBC,none,MultiPreserve,subst_abs_no_shift,0,Failed,121800,0,5,1,0,1.0814860165119171,0.0827189835254103,0,1.1642050000373274,28,28,24,13.0,13.0
Falsify,FalsifyCBC,none,MultiPreserve,subst_abs_no_shift,1,Failed,16309,0,3,1,0,0.1444850026164204,0.009823997505009174,0,0.15430900012142956,28,28,24,4.0,4.0
Falsify,FalsifyCBC,none,MultiPreserve,subst_abs_no_shift,2,Failed,58027,0,5,1,0,0.5210010115988553,0.05017998837865889,1.00000761449337e-06,0.5711809999775141,51,51,24,27.0,27.0
Falsify,FalsifyCBC,none,MultiPreserve,subst_abs_no_shift,3,Failed,59140,0,6,1,0,0.5296240008901805,0.03726699901744723,1.00000761449337e-06,0.5668909999076277,33,33,24,9.0,9.0
Falsify,FalsifyCBC,none,MultiPreserve,subst_abs_no_shift,4,Failed,60497,0,5,1,0,0.5389039907604456,0.037449009250849485,1.00000761449337e-06,0.5763530000112951,24,24,24,0.0,0.0
Falsify,FalsifyCBC,none,MultiPreserve,subst_abs_no_shift,5,Failed,48766,0,5,1,0,0.44673100439831614,0.03153599565848708,1.00000761449337e-06,0.4782670000568032,63,63,24,45.0,45.0
Falsify,FalsifyCBC,none,MultiPreserve,subst_abs_no_shift,6,Failed,4119,0,6,1,0,0.033869001315906644,0.004702998790889978,1.00000761449337e-06,0.03857200010679662,50,50,24,27.0,27.0
Falsify,FalsifyCBC,none,MultiPreserve,subst_abs_no_shift,7,Failed,9014,0,6,1,0,0.0830010031349957,0.005334996851161122,1.00000761449337e-06,0.08833599998615682,32,32,24,10.0,10.0
Falsify,FalsifyCBC,none,MultiPreserve,subst_abs_no_shift,8,Failed,39237,0,5,1,0,0.3710089977830648,0.027864002389833387,0,0.3988730001728982,45,45,24,30.0,30.0
Falsify,FalsifyCBC,none,MultiPreserve,subst_abs_no_shift,9,Failed,28772,0,4,1,0,0.2659790061879903,0.017360993893817067,1.00000761449337e-06,0.2833400000818074,28,28,24,4.0,4.0
Falsify,FalsifyCBC,none,SinglePreserve,subst_abs_no_incr,0,Failed,354,0,5,1,0,0.00734200025908649,0.000672999769449234,1.00000761449337e-06,0.008015000028535724,81,81,20,63.0,63.0
Falsify,FalsifyCBC,none,SinglePreserve,subst_abs_no_incr,1,Failed,80,0,4,1,0,0.0009309998713433744,0.00013400008901953686,1.00000761449337e-06,0.0010649999603629112,66,66,20,46.0,46.0
Falsify,FalsifyCBC,none,SinglePreserve,subst_abs_no_incr,2,Failed,139,0,5,1,0,0.001308000646531582,0.00013499939814209916,0,0.0014430000446736813,24,24,20,4.0,4.0
Falsify,FalsifyCBC,none,SinglePreserve,subst_abs_no_incr,3,Failed,256,0,6,1,0,0.0024129992816597223,0.00014500063844025135,0,0.0025579999200999737,38,38,20,23.0,23.0
Falsify,FalsifyCBC,none,SinglePreserve,subst_abs_no_incr,4,Failed,240,0,3,1,0,0.002521999878808856,0.00015700003132224083,1.00000761449337e-06,0.002678999910131097,40,40,20,24.0,24.0
Falsify,FalsifyCBC,none,SinglePreserve,subst_abs_no_incr,5,Failed,748,0,4,1,0,0.006255999207496643,0.0003590008709579706,1.00000761449337e-06,0.006615000078454614,113,113,20,94.0,94.0
Falsify,FalsifyCBC,none,SinglePreserve,subst_abs_no_incr,6,Failed,23,0,3,1,0,0.0002000001259148121,4.399986937642095e-05,0,0.00024399999529123304,74,74,20,56.0,56.0
Falsify,FalsifyCBC,none,SinglePreserve,subst_abs_no_incr,7,Failed,30,0,10,1,0,0.00020499993115663528,6.0999998822808266e-05,0,0.00026599992997944355,71,71,20,51.0,51.0
Falsify,FalsifyCBC,none,SinglePreserve,subst_abs_no_incr,8,Failed,164,0,4,1,0,0.0013050001580268145,0.00011699995957314946,1.00000761449337e-06,0.001422000117599964,20,20,20,1.0,1.0
Falsify,FalsifyCBC,none,SinglePreserve,subst_abs_no_incr,9,Failed,632,0,5,1,0,0.006130001042038202,0.00034299888648092747,1.00000761449337e-06,0.00647299992851913,44,44,20,25.0,25.0
Falsify,FalsifyCBC,none,MultiPreserve,subst_abs_no_incr,0,Failed,167,0,5,1,0,0.0013400004245340824,0.00010599964298307896,0,0.0014460000675171614,32,32,20,19.0,19.0
Falsify,FalsifyCBC,none,MultiPreserve,subst_abs_no_incr,1,Failed,30,0,3,1,0,0.0002410002052783966,5.8999983593821526e-05,9.997747838497162e-07,0.00030000018887221813,28,28,20,10.0,10.0
Falsify,FalsifyCBC,none,MultiPreserve,subst_abs_no_incr,2,Failed,106,0,7,1,0,0.001344999996945262,0.00014899997040629387,1.00000761449337e-06,0.0014939999673515558,103,103,20,83.0,83.0
Falsify,FalsifyCBC,none,MultiPreserve,subst_abs_no_incr,3,Failed,784,0,5,1,0,0.005960999988019466,0.0006859998684376478,0,0.006646999856457114,46,46,20,28.0,28.0
Falsify,FalsifyCBC,none,MultiPreserve,subst_abs_no_incr,4,Failed,85,0,5,1,0,0.0005100001581013203,8.199992589652538e-05,1.00000761449337e-06,0.0005920000839978456,40,40,20,26.0,26.0
Falsify,FalsifyCBC,none,MultiPreserve,subst_abs_no_incr,5,Failed,343,0,6,1,0,0.003453000681474805,0.00020299921743571758,0,0.0036559998989105225,55,55,20,36.0,36.0
Falsify,FalsifyCBC,none,MultiPreserve,subst_abs_no_incr,6,Failed,82,0,12,1,0,0.0005190002266317606,7.099984213709831e-05,0,0.0005900000687688589,61,61,20,44.0,44.0
Falsify,FalsifyCBC,none,MultiPreserve,subst_abs_no_incr,7,Failed,162,0,4,1,0,0.001427000854164362,0.00012399931438267253,1.00000761449337e-06,0.0015510001685470345,48,48,20,29.0,29.0
Falsify,FalsifyCBC,none,MultiPreserve,subst_abs_no_incr,8,Failed,74,0,4,1,0,0.0005320000927895308,7.499987259507179e-05,0,0.0006069999653846025,44,44,20,28.0,28.0
Falsify,FalsifyCBC,none,MultiPreserve,subst_abs_no_incr,9,Failed,450,0,7,1,0,0.0036740002688020463,0.00023699970915913625,1.00000761449337e-06,0.003910999977961183,87,87,20,67.0,67.0
Falsify,FalsifyCBC,none,SinglePreserve,substTop_no_shift,0,Failed,337,0,5,1,0,0.007271000184118748,0.0006389997433871031,1.00000761449337e-06,0.00790999992750585,32,32,16,17.0,17.0
Falsify,FalsifyCBC,none,SinglePreserve,substTop_no_shift,1,Failed,36,0,4,1,0,0.0003340004477649927,6.799958646297455e-05,0,0.00040200003422796726,29,29,16,13.0,13.0
Falsify,FalsifyCBC,none,SinglePreserve,substTop_no_shift,2,Failed,43,0,4,1,0,0.00038499990478158,7.100007496774191e-05,1.00000761449337e-06,0.00045599997974932194,65,65,16,49.0,49.0
Falsify,FalsifyCBC,none,SinglePreserve,substTop_no_shift,3,Failed,1,0,4,1,0,5.2999937906861305e-05,4.600011743605137e-05,1.00000761449337e-06,9.900005534291267e-05,33,33,16,17.0,17.0
Falsify,FalsifyCBC,none,SinglePreserve,substTop_no_shift,4,Failed,53,0,4,1,0,0.0006839998532086611,0.000108000123873353,1.00000761449337e-06,0.0007919999770820141,42,42,16,26.0,26.0
Falsify,FalsifyCBC,none,SinglePreserve,substTop_no_shift,5,Failed,106,0,4,1,0,0.0006379999686032534,8.599995635449886e-05,0,0.0007239999249577522,84,84,16,68.0,68.0
Falsify,FalsifyCBC,none,SinglePreserve,substTop_no_shift,6,Failed,525,0,3,1,0,0.00535099976696074,0.00033900002017617226,1.00000761449337e-06,0.005689999787136912,57,57,16,42.0,42.0
Falsify,FalsifyCBC,none,SinglePreserve,substTop_no_shift,7,Failed,790,0,5,1,0,0.0059490015264600515,0.0011849983129650354,1.00000761449337e-06,0.007133999839425087,47,47,16,31.0,31.0
Falsify,FalsifyCBC,none,SinglePreserve,substTop_no_shift,8,Failed,307,0,4,1,0,0.002420000731945038,0.00017999927513301373,0,0.0026000000070780516,83,83,16,67.0,67.0
Falsify,FalsifyCBC,none,SinglePreserve,substTop_no_shift,9,Failed,132,0,4,1,0,0.001133000012487173,8.299993351101875e-05,1.00000761449337e-06,0.0012159999459981918,81,81,16,65.0,65.0
Falsify,FalsifyCBC,none,MultiPreserve,substTop_no_shift,0,Failed,82,0,5,1,0,0.0006340001709759235,0.0003309999592602253,1.00000761449337e-06,0.0009650001302361488,25,25,16,9.0,9.0
Falsify,FalsifyCBC,none,MultiPreserve,substTop_no_shift,1,Failed,21,0,4,1,0,0.000169999897480011,5.099992267787454e-05,1.00000761449337e-06,0.00022099982015788555,76,76,16,60.0,60.0
Falsify,FalsifyCBC,none,MultiPreserve,substTop_no_shift,2,Failed,44,0,6,1,0,0.00033900002017617226,5.0999922677874565e-05,1.00000761449337e-06,0.0003899999428540468,68,68,16,52.0,52.0
Falsify,FalsifyCBC,none,MultiPreserve,substTop_no_shift,3,Failed,176,0,7,1,0,0.0013770002406090498,0.0001219997648149731,0,0.0014990000054240229,16,16,16,0.0,0.0
Falsify,FalsifyCBC,none,MultiPreserve,substTop_no_shift,4,Failed,3,0,4,1,0,6.699981167912483e-05,3.800005652010441e-05,1.00000761449337e-06,0.00010499986819922924,40,40,16,25.0,25.0
Falsify,FalsifyCBC,none,MultiPreserve,substTop_no_shift,5,Failed,180,0,4,1,0,0.0017900001257658005,0.00015999982133507707,0,0.0019499999471008775,29,29,16,14.0,14.0
Falsify,FalsifyCBC,none,MultiPreserve,substTop_no_shift,6,Failed,744,0,5,1,0,0.006198001094162464,0.00038899900391697884,1.00000761449337e-06,0.006587000098079443,32,32,16,17.0,17.0
Falsify,FalsifyCBC,none,MultiPreserve,substTop_no_shift,7,Failed,402,0,4,1,0,0.006588000105693936,0.0003019999712705612,1.00000761449337e-06,0.0068900000769644976,69,69,16,53.0,53.0
Falsify,FalsifyCBC,none,MultiPreserve,substTop_no_shift,8,Failed,519,0,4,1,0,0.005699000554159284,0.0003169993869960308,1.00000761449337e-06,0.0060159999411553144,47,47,16,31.0,31.0
Falsify,FalsifyCBC,none,MultiPreserve,substTop_no_shift,9,Failed,211,0,6,1,0,0.0015930007211863997,0.00011899927631020524,1.00000761449337e-06,0.001711999997496605,81,81,16,66.0,66.0
Falsify,FalsifyCBC,none,SinglePreserve,substTop_no_shift_back,0,Failed,639,0,6,1,0,0.012619999703019856,0.0009610000997781771,1.00000761449337e-06,0.013580999802798033,24,24,16,9.0,9.0
Falsify,FalsifyCBC,none,SinglePreserve,substTop_no_shift_back,1,Failed,481,0,4,1,0,0.005814000498503447,0.00039999932050704956,1.00000761449337e-06,0.006213999819010496,21,21,16,6.0,6.0
Falsify,FalsifyCBC,none,SinglePreserve,substTop_no_shift_back,2,Failed,264,0,4,1,0,0.0026589997578412294,0.00019300030544400215,0,0.0028520000632852316,33,33,16,20.0,20.0
Falsify,FalsifyCBC,none,SinglePreserve,substTop_no_shift_back,3,Failed,751,0,5,1,0,0.005384000251069665,0.0015079996082931757,0,0.006891999859362841,104,104,16,88.0,88.0
Falsify,FalsifyCBC,none,SinglePreserve,substTop_no_shift_back,4,Failed,85,0,4,1,0,0.0005980003625154495,8.199969306588173e-05,0,0.0006800000555813313,25,25,16,10.0,10.0
Falsify,FalsifyCBC,none,SinglePreserve,substTop_no_shift_back,5,Failed,99,0,5,1,0,0.0006640003994107246,8.199969306588173e-05,1.00000761449337e-06,0.0007460000924766064,68,68,16,53.0,53.0
Falsify,FalsifyCBC,none,SinglePreserve,substTop_no_shift_back,6,Failed,13,0,4,1,0,0.00010999990627169608,3.500003367662431e-05,0,0.0001449999399483204,30,30,16,14.0,14.0
Falsify,FalsifyCBC,none,SinglePreserve,substTop_no_shift_back,7,Failed,73,0,4,1,0,0.0005210000090301037,6.900005973875523e-05,1.00000761449337e-06,0.0005900000687688589,46,46,16,33.0,33.0
Falsify,FalsifyCBC,none,SinglePreserve,substTop_no_shift_back,8,Failed,49,0,4,1,0,0.0003249999135732651,6.0999998822808266e-05,0,0.00038599991239607334,72,72,16,59.0,59.0
Falsify,FalsifyCBC,none,SinglePreserve,substTop_no_shift_back,9,Failed,379,0,4,1,0,0.002819000044837594,0.00016999989748001099,1.00000761449337e-06,0.002988999942317605,45,45,16,31.0,31.0
Falsify,FalsifyCBC,none,MultiPreserve,substTop_no_shift_back,0,Failed,142,0,3,1,0,0.0011490005999803543,0.00010299938730895519,1.00000761449337e-06,0.0012519999872893095,32,32,16,19.0,19.0
Falsify,FalsifyCBC,none,MultiPreserve,substTop_no_shift_back,1,Failed,39,0,5,1,0,0.0002829998265951872,4.300009459257126e-05,0,0.00032599992118775845,49,49,16,36.0,36.0
Falsify,FalsifyCBC,none,MultiPreserve,substTop_no_shift_back,2,Failed,346,0,5,1,0,0.003176000202074647,0.00021299999207258224,0,0.003389000194147229,42,42,16,28.0,28.0
Falsify,FalsifyCBC,none,MultiPreserve,substTop_no_shift_back,3,Failed,59,0,3,1,0,0.0004390003159642219,5.599949508905416e-05,0,0.0004949998110532761,32,32,16,19.0,19.0
Falsify,FalsifyCBC,none,MultiPreserve,substTop_no_shift_back,4,Failed,16,0,4,1,0,0.00014899997040629387,3.300001844763756e-05,0,0.00018199998885393143,39,39,16,24.0,24.0
Falsify,FalsifyCBC,none,MultiPreserve,substTop_no_shift_back,5,Failed,219,0,4,1,0,0.0021149993408471346,0.00014200061559677124,0,0.002256999956443906,48,48,16,33.0,33.0
Falsify,FalsifyCBC,none,MultiPreserve,substTop_no_shift_back,6,Failed,421,0,4,1,0,0.004054000601172447,0.0002749993000179529,1.00000761449337e-06,0.0043289999011904,49,49,16,33.0,33.0
Falsify,FalsifyCBC,none,MultiPreserve,substTop_no_shift_back,7,Failed,791,0,4,1,0,0.005795999662950635,0.0007000002078711987,0,0.006495999870821834,28,28,16,15.0,15.0
Falsify,FalsifyCBC,none,MultiPreserve,substTop_no_shift_back,8,Failed,36,0,4,1,0,0.00028200005181133747,3.300001844763756e-05,0,0.00031500007025897503,32,32,16,17.0,17.0
Falsify,FalsifyCBC,none,MultiPreserve,substTop_no_shift_back,9,Failed,518,0,3,1,0,0.00412199879065156,0.0011520010884851217,1.00000761449337e-06,0.0052739998791366816,32,32,16,19.0,19.0
Falsify,Falsify,default,SinglePreserve,shift_var_none,0,Failed,581808,1142513,266,17,252,0.1506479848176241,4.325254015158862,0.12271300004795194,4.475901999976486,16,16,16,1.0,0.0
Falsify,Falsify,default,SinglePreserve,shift_var_none,1,Failed,36784,72432,354,16,277,0.00835499307140708,0.27599300700239837,0.005512000061571598,0.28434800007380545,20,20,16,5.0,5.0
Falsify,Falsify,default,SinglePreserve,shift_var_none,2,Failed,1488,2137,493,21,235,0.00020400085486471653,0.007211999269202352,0.0026149998884648085,0.007416000124067068,36,20,16,21.0,5.0
Falsify,Falsify,default,SinglePreserve,shift_var_none,3,Failed,250700,494016,778,25,262,0.06481399782933295,1.8975330020766707,0.05266500008292496,1.9623469999060037,56,24,16,40.0,9.0
Falsify,Falsify,default,SinglePreserve,shift_var_none,4,Failed,693476,1364712,370,20,209,0.17823003139346838,5.133362968685105,0.14280099980533123,5.311593000078574,40,16,16,25.0,0.0
Falsify,Falsify,default,SinglePreserve,shift_var_none,5,Failed,595922,1174964,425,18,275,0.15255598351359367,4.417194016510621,0.11891299998387694,4.569750000024214,52,20,16,38.0,5.0
Falsify,Falsify,default,SinglePreserve,shift_var_none,6,Failed,169910,333176,237,16,237,0.045688989572227,1.260738010518253,0.03548299986869097,1.30642700009048,16,16,16,0.0,0.0
Falsify,Falsify,default,SinglePreserve,shift_var_none,7,Failed,289571,571110,270,18,260,0.07440400193445385,2.18112199800089,0.05992899998091161,2.255525999935344,41,16,16,25.0,0.0
Falsify,Falsify,default,SinglePreserve,shift_var_none,8,Failed,416187,819749,338,18,192,0.1026299949735403,3.297540005063638,0.0887589999474585,3.4001700000371784,44,16,16,28.0,0.0
Falsify,Falsify,default,SinglePreserve,shift_var_none,9,Failed,75726,149364,552,22,225,0.020402993774041533,0.5568530063610524,0.010878999950364232,0.5772560001350939,32,20,16,17.0,5.0
Falsify,Falsify,default,MultiPreserve,shift_var_none,0,Failed,361757,713465,387,27,610,0.5107540052849799,2.4683859946671873,0.0737100001424551,2.9791399999521673,21,21,16,5.0,5.0
Falsify,Falsify,default,MultiPreserve,shift_var_none,1,Failed,185950,365043,500,24,324,0.2008040207438171,1.3392509794794023,0.04014899977482855,1.5400550002232194,40,20,16,26.0,5.0
Falsify,Falsify,default,MultiPreserve,shift_var_none,2,Failed,335807,661024,338,18,192,0.35207300866022706,2.3983859913423657,0.06866899994201958,2.750459000002593,16,16,16,1.0,0.0
Falsify,Falsify,default,MultiPreserve,shift_var_none,3,Failed,9988,18991,439,24,538,0.0097699963953346,0.06916100368835032,0.004516999935731292,0.07893100008368492,28,28,16,13.0,13.0
Falsify,Falsify,default,MultiPreserve,shift_var_none,4,Failed,360872,709512,430,19,286,0.3792300117202103,2.5941489881370217,0.07138999993912876,2.973378999857232,56,20,16,42.0,5.0
Falsify,Falsify,default,MultiPreserve,shift_var_none,5,Failed,125655,246985,311,19,267,0.13626699871383607,0.9252110011875629,0.023429000051692128,1.061477999901399,20,20,16,5.0,5.0
Falsify,Falsify,default,MultiPreserve,shift_var_none,6,Failed,266895,523328,729,29,337,0.31476998422294855,1.9138730159029365,0.05447599990293384,2.228643000125885,48,24,16,32.0,8.0
Falsify,Falsify,default,MultiPreserve,shift_var_none,7,Failed,168885,333335,698,27,350,0.2234290004707873,1.1773599996231496,0.03762399987317622,1.400789000093937,48,24,16,32.0,9.0
Falsify,Falsify,default,MultiPreserve,shift_var_none,8,Failed,574425,1127863,566,23,226,0.6115280254743993,4.182443974539638,0.12049599993042648,4.793972000014037,36,20,16,21.0,5.0
Falsify,Falsify,default,MultiPreserve,shift_var_none,9,Failed,482089,947414,544,22,228,0.5843709546606988,3.470985045423731,0.09498099982738496,4.05535600008443,56,20,16,41.0,5.0
Falsify,Falsify,default,SinglePreserve,shift_var_all,0,Failed,237552,468361,170,14,188,0.06291500991210341,1.814917990239337,0.050598999951034784,1.8778330001514405,48,20,16,33.0,6.0
Falsify,Falsify,default,SinglePreserve,shift_var_all,1,Failed,297474,585746,194,11,115,0.07408399949781597,2.208199000451714,0.062480000080540776,2.2822829999495298,20,20,16,5.0,6.0
Falsify,Falsify,default,SinglePreserve,shift_var_all,2,Failed,151549,299455,20,19,634,0.03699501045048237,1.1410529895219952,0.03709300002083182,1.1780479999724776,21,21,16,5.0,6.0
Falsify,Falsify,default,SinglePreserve,shift_var_all,3,Failed,56253,111611,100,17,300,0.014982997672632337,0.43512100237421697,0.007654000073671341,0.4501040000468493,24,16,16,9.0,1.0
Falsify,Falsify,default,SinglePreserve,shift_var_all,4,Failed,237853,468851,191,16,229,0.06135300057940185,1.8072649994865062,0.07358400011435151,1.868618000065908,33,16,16,18.0,1.0
Falsify,Falsify,default,SinglePreserve,shift_var_all,5,Failed,108720,213511,156,12,160,0.026742002461105585,0.844056997448206,0.015465999953448772,0.8707989999093115,20,20,16,4.0,6.0
Falsify,Falsify,default,SinglePreserve,shift_var_all,6,Failed,79056,156653,91,15,288,0.04845800274051726,0.5588029974605888,0.010366000002250075,0.6072610002011061,20,16,16,4.0,1.0
Falsify,Falsify,default,SinglePreserve,shift_var_all,7,Failed,50308,98680,182,11,116,0.013159000547602773,0.3625249993056059,0.006435000104829669,0.37568399985320866,20,20,16,4.0,6.0
Falsify,Falsify,default,SinglePreserve,shift_var_all,8,Failed,11917,23675,91,14,270,0.003473997814580798,0.0876590022817254,0.001881999894976616,0.0911330000963062,24,16,16,9.0,1.0
Falsify,Falsify,default,SinglePreserve,shift_var_all,9,Failed,111581,220067,67,11,217,0.027638006024062634,0.860021993983537,0.01841800007969141,0.8876600000075996,24,16,16,9.0,1.0
Falsify,Falsify,default,MultiPreserve,shift_var_all,0,Failed,226647,447285,226,14,134,0.25992802740074694,1.6938009725417942,0.04666300001554191,1.9537289999425411,20,20,16,5.0,6.0
Falsify,Falsify,default,MultiPreserve,shift_var_all,1,Failed,42267,82921,161,14,193,0.046591990161687136,0.3087820098735392,0.004838000051677227,0.35537400003522635,24,16,16,9.0,1.0
Falsify,Falsify,default,MultiPreserve,shift_var_all,2,Failed,37638,74139,155,15,187,0.0412569884210825,0.27279901155270636,0.004427999956533313,0.31405599997378886,20,16,16,4.0,1.0
Falsify,Falsify,default,MultiPreserve,shift_var_all,3,Failed,191419,378291,63,11,205,0.22860799869522452,1.3528560013510287,0.03848999994806945,1.5814640000462532,24,16,16,9.0,1.0
Falsify,Falsify,default,MultiPreserve,shift_var_all,4,Failed,36923,72607,72,13,231,0.041233006631955504,0.27457199338823557,0.004062999971210957,0.3158050000201911,24,16,16,8.0,1.0
Falsify,Falsify,default,MultiPreserve,shift_var_all,5,Failed,121809,239668,94,13,257,0.12723899609409273,0.9050450038630518,0.018814000068232417,1.0322839999571445,20,16,16,4.0,1.0
Falsify,Falsify,default,MultiPreserve,shift_var_all,6,Failed,324757,639485,152,13,192,0.3480909666977823,2.3705970332957804,0.06173399998806417,2.7186879999935627,20,16,16,5.0,1.0
Falsify,Falsify,default,MultiPreserve,shift_var_all,7,Failed,11432,21836,197,17,215,0.011667997110635042,0.0804470027796924,0.00215600011870265,0.09211499989032744,49,20,16,34.0,6.0
Falsify,Falsify,default,MultiPreserve,shift_var_all,8,Failed,48939,96352,156,13,171,0.0612139985896647,0.3421060014516115,0.005369999911636114,0.4033200000412762,44,20,16,29.0,6.0
Falsify,Falsify,default,MultiPreserve,shift_var_all,9,Failed,248214,489166,120,9,130,0.3547279853373766,1.7494500146713108,0.04761900007724762,2.1041780000086874,48,20,16,33.0,6.0
Falsify,Falsify,default,SinglePreserve,shift_var_leq,0,timed_out,,,,,,,0,,,0,0,24,,
Falsify,Falsify,default,MultiPreserve,shift_var_leq,0,timed_out,,,,,,,0,,,0,0,24,,
Falsify,Falsify,default,SinglePreserve,shift_abs_no_incr,0,Failed,44658,87825,191,15,204,0.012723998399451377,0.34858400165103376,0.0052449998911470175,0.36130800005048513,48,20,16,32.0,6.0
Falsify,Falsify,default,SinglePreserve,shift_abs_no_incr,1,Failed,78635,154504,173,12,102,0.020031005842611194,0.5797989941202104,0.009343999903649092,0.5998299999628216,40,20,16,25.0,6.0
Falsify,Falsify,default,SinglePreserve,shift_abs_no_incr,2,Failed,91805,180389,79,15,250,0.0231990038882941,0.6776059961412102,0.011510999873280523,0.7008050000295043,25,16,16,10.0,1.0
Falsify,Falsify,default,SinglePreserve,shift_abs_no_incr,3,Failed,444935,873732,99,16,293,0.10768698318861424,3.3560120170004666,0.09182899980805814,3.463699000189081,20,16,16,5.0,1.0
Falsify,Falsify,default,SinglePreserve,shift_abs_no_incr,4,Failed,366391,721131,127,11,152,0.09423801698721944,2.6789149830583487,0.07482099998742342,2.773153000045568,20,16,16,4.0,1.0
Falsify,Falsify,default,SinglePreserve,shift_abs_no_incr,5,Failed,61975,121667,159,13,188,0.016007005237042904,0.46831299480982125,0.006937999976798892,0.48432000004686415,20,16,16,5.0,1.0
Falsify,Falsify,default,SinglePreserve,shift_abs_no_incr,6,Failed,31741,61859,216,12,129,0.009235001867637038,0.234802998136729,0.0037429998628795143,0.24403800000436604,20,20,16,4.0,6.0
Falsify,Falsify,default,SinglePreserve,shift_abs_no_incr,7,Failed,321017,632077,57,12,190,0.08430399699136615,2.358018002938479,0.06559400004334748,2.4423219999298453,25,16,16,10.0,1.0
Falsify,Falsify,default,SinglePreserve,shift_abs_no_incr,8,Failed,193471,381090,75,14,246,0.05600699712522328,1.5022550027351826,0.03940799995325506,1.558261999860406,24,16,16,8.0,1.0
Falsify,Falsify,default,SinglePreserve,shift_abs_no_incr,9,Failed,28097,55453,140,12,158,0.007074996829032898,0.2157280030660331,0.003367000026628375,0.222802999895066,32,20,16,17.0,6.0
Falsify,Falsify,default,MultiPreserve,shift_abs_no_incr,0,Failed,227931,447313,189,17,229,0.28817497799173,1.73783602216281,0.04905399982817471,2.02601100015454,20,16,16,4.0,1.0
Falsify,Falsify,default,MultiPreserve,shift_abs_no_incr,1,Failed,1781,3362,155,13,166,0.0024260003119707108,0.011431999504566193,0.0009620001073926688,0.013857999816536903,20,20,16,5.0,6.0
Falsify,Falsify,default,MultiPreserve,shift_abs_no_incr,2,Failed,60505,116963,72,12,216,0.08915900066494942,0.4241909992415458,0.007150999968871474,0.5133499999064952,20,16,16,4.0,1.0
Falsify,Falsify,default,MultiPreserve,shift_abs_no_incr,3,Failed,195516,384712,123,9,126,0.2125370076391846,1.498693992383778,0.03972999984398484,1.7112310000229627,48,20,16,33.0,6.0
Falsify,Falsify,default,MultiPreserve,shift_abs_no_incr,4,Failed,214567,421921,184,12,111,0.28145298268646,1.577526017324999,0.04711599997244775,1.858979000011459,44,20,16,29.0,6.0
Falsify,Falsify,default,MultiPreserve,shift_abs_no_incr,5,Failed,59275,116218,88,15,269,0.06518799788318574,0.4463890022598207,0.00799299986101687,0.5115770001430064,25,16,16,9.0,1.0
Falsify,Falsify,default,MultiPreserve,shift_abs_no_incr,6,Failed,474128,934372,96,15,274,0.5066480210516602,3.532803979003802,0.09347199997864664,4.039452000055462,24,16,16,9.0,1.0
Falsify,Falsify,default,MultiPreserve,shift_abs_no_incr,7,Failed,46273,90359,67,10,185,0.04854999203234911,0.33351900801062584,0.005176999839022756,0.38206900004297495,16,16,16,0.0,1.0
Falsify,Falsify,default,MultiPreserve,shift_abs_no_incr,8,Failed,238853,470875,60,12,200,0.2484799982048571,1.7953290017321706,0.04712100001052022,2.0438089999370277,25,16,16,10.0,1.0
Falsify,Falsify,default,MultiPreserve,shift_abs_no_incr,9,Failed,12777,25453,163,15,199,0.01469199499115348,0.09644200513139368,0.0022730000782758,0.11113400012254716,20,16,16,4.0,1.0
Falsify,Falsify,default,SinglePreserve,subst_var_all,0,Failed,171059,336127,634,21,266,0.04379599029198289,1.256884009577334,0.036703000077977777,1.3006799998693168,37,20,20,27.0,14.0
Falsify,Falsify,default,SinglePreserve,subst_var_all,1,Failed,130364,255663,254,18,226,0.03466299828141928,0.9715560018084943,0.023132999893277884,1.0062190000899136,20,20,20,1.0,1.0
Falsify,Falsify,default,SinglePreserve,subst_var_all,2,Failed,129549,254886,140,16,257,0.03392999293282628,0.9711570069193842,0.02390900021418929,1.0050869998522105,20,20,20,0.0,1.0
Falsify,Falsify,default,SinglePreserve,subst_var_all,3,Failed,66954,130289,660,24,315,0.016915998188778758,0.49470100179314613,0.010934999911114572,0.5116169999819249,32,24,20,20.0,12.0
Falsify,Falsify,default,SinglePreserve,subst_var_all,4,Failed,144503,284942,115,11,236,0.036569004179909825,1.0694779958575964,0.028058999916538596,1.1060470000375062,25,20,20,5.0,1.0
Falsify,Falsify,default,SinglePreserve,subst_var_all,5,Failed,368300,725315,534,19,175,0.09234699746593832,2.6770540026482195,0.07630599988624454,2.769401000114158,44,24,20,30.0,14.0
Falsify,Falsify,default,SinglePreserve,subst_var_all,6,Failed,30220,58613,593,25,272,0.008127988781780005,0.22935401112772524,0.006003000074997544,0.23748199990950525,28,24,20,15.0,12.0
Falsify,Falsify,default,SinglePreserve,subst_var_all,7,Failed,109117,214647,151,16,280,0.04812700999900699,0.8104159901849926,0.01783799985423684,0.8585430001839995,20,20,20,0.0,1.0
Falsify,Falsify,default,SinglePreserve,subst_var_all,8,Failed,55815,109829,165,15,283,0.015987994382157922,0.4215070055797696,0.007249000016599894,0.43749499996192753,20,20,20,0.0,1.0
Falsify,Falsify,default,SinglePreserve,subst_var_all,9,Failed,280331,551601,160,10,161,0.06744399759918451,2.0712770025711507,0.05562499980442226,2.138721000170335,25,20,20,5.0,1.0
Falsify,Falsify,default,MultiPreserve,subst_var_all,0,Failed,57764,113666,710,25,348,0.06060400418937206,0.42801899579353636,0.010378999868407844,0.4886229999829084,52,24,20,40.0,12.0
Falsify,Falsify,default,MultiPreserve,subst_var_all,1,Failed,469785,927217,290,19,245,0.5375840039923787,3.593953995965421,0.0943480001296848,4.1315379999578,24,20,20,6.0,1.0
Falsify,Falsify,default,MultiPreserve,subst_var_all,2,Failed,77847,153162,192,13,338,0.09787000948563218,0.5471839904785156,0.010562999872490764,0.6450539999641478,28,28,20,13.0,14.0
Falsify,Falsify,default,MultiPreserve,subst_var_all,3,Failed,2818,4558,625,23,304,0.002282998524606228,0.01634400151669979,0.0037739998660981655,0.01862700004130602,32,24,20,20.0,12.0
Falsify,Falsify,default,MultiPreserve,subst_var_all,4,Failed,166130,328032,728,26,355,0.17781500658020377,1.2129329934250563,0.03689200012013316,1.39074800000526,52,24,20,37.0,12.0
Falsify,Falsify,default,MultiPreserve,subst_var_all,5,Failed,429773,846658,623,22,206,0.4585799840278923,3.2306950159836565,0.08659399999305606,3.689275000011549,40,24,20,27.0,14.0
Falsify,Falsify,default,MultiPreserve,subst_var_all,6,Failed,137645,269862,788,29,380,0.14924699836410582,1.0282300014514476,0.029574000043794513,1.1774769998155534,56,24,20,42.0,12.0
Falsify,Falsify,default,MultiPreserve,subst_var_all,7,Failed,174182,342761,110,12,204,0.1848330011125654,1.2723349987063557,0.035272000124678016,1.457167999818921,20,20,20,0.0,1.0
Falsify,Falsify,default,MultiPreserve,subst_var_all,8,Failed,28845,58322,418,44,2201,0.031195000279694796,0.2143759997561574,0.017042999854311347,0.2455710000358522,57,45,20,44.0,32.0
Falsify,Falsify,default,MultiPreserve,subst_var_all,9,Failed,23564,45259,544,25,356,0.02535999519750476,0.16703800484538076,0.006795000052079558,0.19239800004288551,32,20,20,17.0,14.0
Falsify,Falsify,default,SinglePreserve,subst_var_none,0,Failed,20480,40450,49,8,95,0.005616000387817621,0.17033199965953827,0.002650999929755926,0.1759480000473559,12,12,12,1.0,1.0
Falsify,Falsify,default,SinglePreserve,subst_var_none,1,Failed,53959,105477,239,16,166,0.01395800174213946,0.41561399842612445,0.011205999879166484,0.4295720001682639,52,20,12,41.0,10.0
Falsify,Falsify,default,SinglePreserve,subst_var_none,2,Failed,10327,20432,175,12,127,0.0019959991332143545,0.07654500100761652,0.0014269999228417871,0.07854100014083087,56,20,12,45.0,10.0
Falsify,Falsify,default,SinglePreserve,subst_var_none,3,Failed,43574,85641,145,13,90,0.015031992923468351,0.31565900705754757,0.004599000094458461,0.3306909999810159,16,16,12,5.0,6.0
Falsify,Falsify,default,SinglePreserve,subst_var_none,4,Failed,215281,423398,9,8,135,0.05430400720797479,1.6425109929405153,0.04297699988819659,1.69681500014849,12,12,12,0.0,1.0
Falsify,Falsify,default,SinglePreserve,subst_var_none,5,Failed,7082,13912,69,12,141,0.0018920006696134808,0.05513499933294952,0.000788999954238534,0.057027000002563,12,12,12,1.0,1.0
Falsify,Falsify,default,SinglePreserve,subst_var_none,6,Failed,6451,12848,52,9,129,0.0019569983705878258,0.04992300155572593,0.0007050000131130219,0.05187999992631376,12,12,12,0.0,1.0
Falsify,Falsify,default,SinglePreserve,subst_var_none,7,Failed,83828,165149,60,10,133,0.020522997248917815,0.614464002661407,0.010084999958053231,0.6349869999103248,12,12,12,0.0,1.0
Falsify,Falsify,default,SinglePreserve,subst_var_none,8,Failed,50911,99318,201,13,127,0.012007997604086997,0.3688410024624318,0.005747999995946884,0.3808490000665188,28,20,12,17.0,10.0
Falsify,Falsify,default,SinglePreserve,subst_var_none,9,Failed,10564,21333,10,9,163,0.002431001281365752,0.08012999873608351,0.0011269999668002129,0.08256100001744926,12,12,12,1.0,1.0
Falsify,Falsify,default,MultiPreserve,subst_var_none,0,Failed,74997,147472,102,10,127,0.08068999741226435,0.5509250026661903,0.010224999859929085,0.6316150000784546,32,16,12,21.0,6.0
Falsify,Falsify,default,MultiPreserve,subst_var_none,1,Failed,1816,3445,126,9,82,0.0016920005436986685,0.013285999419167638,0.0005769999697804451,0.014977999962866306,16,16,12,4.0,6.0
Falsify,Falsify,default,MultiPreserve,subst_var_none,2,Failed,11280,22448,8,7,128,0.012199001386761664,0.0821959984023124,0.000960000092163682,0.09439499978907406,12,12,12,0.0,1.0
Falsify,Falsify,default,MultiPreserve,subst_var_none,3,Failed,23121,45148,86,10,111,0.02368500642478466,0.16698899352923038,0.0023250000085681677,0.19067399995401504,16,16,12,5.0,6.0
Falsify,Falsify,default,MultiPreserve,subst_var_none,4,Failed,36725,72747,109,12,141,0.04451599973253906,0.26571000018157065,0.0043669999577105045,0.3102259999141097,16,16,12,4.0,6.0
Falsify,Falsify,default,MultiPreserve,subst_var_none,5,Failed,45951,90257,48,8,96,0.0518960056360811,0.33115599444136024,0.004763999953866005,0.38305200007744133,12,12,12,0.0,1.0
Falsify,Falsify,default,MultiPreserve,subst_var_none,6,Failed,25473,50252,55,9,114,0.02822501002810895,0.18387398985214531,0.0027480002027004957,0.21209899988025427,12,12,12,1.0,1.0
Falsify,Falsify,default,MultiPreserve,subst_var_none,7,Failed,19196,38368,9,8,173,0.020386999705806375,0.14611400035209954,0.0022109998390078545,0.1665010000579059,12,12,12,0.0,1.0
Falsify,Falsify,default,MultiPreserve,subst_var_none,8,Failed,17316,34761,11,10,204,0.01714700390584767,0.1299349961336702,0.0019409998785704376,0.14708200003951788,12,12,12,0.0,1.0
Falsify,Falsify,default,MultiPreserve,subst_var_none,9,Failed,13510,26852,163,17,313,0.01607499923557043,0.10050000087358057,0.002474999986588955,0.116575000109151,44,24,12,33.0,14.0
Falsify,Falsify,default,SinglePreserve,subst_abs_no_shift,0,timed_out,,,,,,,0,,,0,0,24,,
Falsify,Falsify,default,MultiPreserve,subst_abs_no_shift,0,timed_out,,,,,,,0,,,0,0,24,,
Falsify,Falsify,default,SinglePreserve,subst_abs_no_incr,0,Failed,147867,291192,214,16,199,0.03939699847251177,1.1402190015651286,0.027107000118121505,1.1796160000376403,20,20,20,1.0,1.0
Falsify,Falsify,default,SinglePreserve,subst_abs_no_incr,1,Failed,513854,1012467,148,15,265,0.13499600137583911,3.9469519986305386,0.10743799991905688,4.081948000006378,20,20,20,1.0,1.0
Falsify,Falsify,default,SinglePreserve,subst_abs_no_incr,2,Failed,171647,340445,153,16,277,0.06717299693264067,1.2577810031361878,0.03324100002646446,1.3249540000688285,24,20,20,5.0,1.0
Falsify,Falsify,default,SinglePreserve,subst_abs_no_incr,3,Failed,77726,153016,180,17,325,0.019979995442554355,0.5844520046375692,0.010326999938115478,0.6044320000801235,20,20,20,0.0,1.0
Falsify,Falsify,default,SinglePreserve,subst_abs_no_incr,4,Failed,230269,452202,194,13,181,0.06136100413277745,1.7995109958574176,0.04525700001977384,1.860871999990195,20,20,20,0.0,1.0
Falsify,Falsify,default,SinglePreserve,subst_abs_no_incr,5,Failed,108031,212049,193,20,342,0.02882500272244215,0.8204989973455667,0.015171000035479665,0.8493240000680089,20,20,20,0.0,1.0
Falsify,Falsify,default,SinglePreserve,subst_abs_no_incr,6,Failed,88449,175186,160,14,273,0.02280699461698532,0.648813005303964,0.01154200010932982,0.6716199999209493,20,20,20,1.0,1.0
Falsify,Falsify,default,SinglePreserve,subst_abs_no_incr,7,Failed,256953,506388,226,18,355,0.06962699838913977,1.9481600015424192,0.05642100004479289,2.017786999931559,28,28,20,12.0,14.0
Falsify,Falsify,default,SinglePreserve,subst_abs_no_incr,8,Failed,207696,407998,215,14,198,0.05231801001355052,1.6096899900585413,0.042769999941810966,1.6620080000720918,20,20,20,1.0,1.0
Falsify,Falsify,default,SinglePreserve,subst_abs_no_incr,9,Failed,22621,44979,160,15,276,0.006389999063685536,0.16552100097760558,0.0031010000966489315,0.17191100004129112,20,20,20,1.0,1.0
Falsify,Falsify,default,MultiPreserve,subst_abs_no_incr,0,Failed,71366,141058,155,14,256,0.07697598449885845,0.5333360156510025,0.00906699988991022,0.610312000149861,20,20,20,0.0,1.0
Falsify,Falsify,default,MultiPreserve,subst_abs_no_incr,1,Failed,134588,265714,242,15,229,0.1439110015053302,1.0212989985011518,0.02536799991503358,1.165210000006482,52,28,20,36.0,14.0
Falsify,Falsify,default,MultiPreserve,subst_abs_no_incr,2,Failed,197960,389584,154,15,281,0.23306898307055235,1.5122540169395506,0.04097800003364682,1.745323000010103,20,20,20,0.0,1.0
Falsify,Falsify,default,MultiPreserve,subst_abs_no_incr,3,Failed,261890,512461,142,12,241,0.2832629808690399,1.951026018941775,0.0506650002207607,2.234288999810815,20,20,20,0.0,1.0
Falsify,Falsify,default,MultiPreserve,subst_abs_no_incr,4,Failed,100154,197782,221,18,355,0.12311900057829916,0.7107879994437099,0.014721999876201153,0.833907000022009,28,28,20,13.0,14.0
Falsify,Falsify,default,MultiPreserve,subst_abs_no_incr,5,Failed,200039,394690,215,15,195,0.2188470244873315,1.537602975498885,0.04220100003294647,1.7564499999862164,20,20,20,1.0,1.0
Falsify,Falsify,default,MultiPreserve,subst_abs_no_incr,6,Failed,412081,813455,180,16,319,0.44735501892864704,3.229985981015488,0.08756599994376302,3.677340999944135,20,20,20,1.0,1.0
Falsify,Falsify,default,MultiPreserve,subst_abs_no_incr,7,Failed,159094,313880,258,17,250,0.166976994369179,1.1709660056512803,0.0312349998857826,1.3379430000204593,25,20,20,6.0,1.0
Falsify,Falsify,default,MultiPreserve,subst_abs_no_incr,8,Failed,479298,945356,117,12,204,0.6287320074625313,3.5332929925061762,0.09712400007992984,4.162024999968708,20,20,20,2.0,1.0
Falsify,Falsify,default,MultiPreserve,subst_abs_no_incr,9,Failed,218543,429936,253,15,253,0.30404298892244697,1.595120010897517,0.04873000015504658,1.899162999819964,25,20,20,6.0,1.0
Falsify,Falsify,default,SinglePreserve,substTop_no_shift,0,Failed,6871,12964,442,30,704,0.0024279968347400427,0.06797700305469334,0.005148000083863735,0.07040499988943338,37,25,16,22.0,10.0
Falsify,Falsify,default,SinglePreserve,substTop_no_shift,1,Failed,147120,289821,647,26,304,0.038091013906523585,1.103154986165464,0.029895999934524298,1.1412460000719875,48,24,16,32.0,8.0
Falsify,Falsify,default,SinglePreserve,substTop_no_shift,2,Failed,154573,304292,693,25,332,0.038834000239148736,1.1435799996834248,0.03370100003667176,1.1824139999225736,28,24,16,12.0,9.0
Falsify,Falsify,default,SinglePreserve,substTop_no_shift,3,Failed,310586,610499,416,21,270,0.08199099730700254,2.3035390025470406,0.0635049999691546,2.385529999854043,48,20,16,33.0,5.0
Falsify,Falsify,default,SinglePreserve,substTop_no_shift,4,Failed,110808,216747,267,18,278,0.02862301142886281,0.8462479885201901,0.017165999859571457,0.8748709999490529,44,16,16,29.0,0.0
Falsify,Falsify,default,SinglePreserve,substTop_no_shift,5,Failed,307301,604107,223,15,216,0.07917599892243743,2.2909150009509176,0.06327800010330975,2.370090999873355,32,16,16,17.0,0.0
Falsify,Falsify,default,SinglePreserve,substTop_no_shift,6,Failed,585425,1151082,355,17,226,0.1510369973257184,4.339171002851799,0.11731099989265203,4.4902080001775175,40,20,16,25.0,5.0
Falsify,Falsify,default,SinglePreserve,substTop_no_shift,7,Failed,361992,711501,282,17,288,0.09688701410777868,2.66799298604019,0.07413299987092614,2.7648800001479685,36,16,16,20.0,0.0
Falsify,Falsify,default,SinglePreserve,substTop_no_shift,8,Failed,311306,611902,744,28,371,0.07905401336029172,2.320666986517608,0.06719999993219972,2.3997209998779,28,24,16,12.0,9.0
Falsify,Falsify,default,SinglePreserve,substTop_no_shift,9,Failed,237232,466584,515,20,217,0.06771999946795404,1.8138870005495848,0.05030699982307851,1.8816070000175389,48,20,16,34.0,5.0
Falsify,Falsify,default,MultiPreserve,substTop_no_shift,0,Failed,240627,473660,297,30,964,0.30376797053031623,1.7996780294924974,0.05175199988298118,2.1034460000228137,37,25,16,21.0,10.0
Falsify,Falsify,default,MultiPreserve,substTop_no_shift,1,Failed,70088,138973,247,18,241,0.07862000679597259,0.518910993123427,0.009159999899566174,0.5975309999193996,40,16,16,24.0,0.0
Falsify,Falsify,default,MultiPreserve,substTop_no_shift,2,Failed,130552,255024,764,29,358,0.16035101213492453,0.9426529877819121,0.02708799997344613,1.1030039999168366,48,24,16,33.0,9.0
Falsify,Falsify,default,MultiPreserve,substTop_no_shift,3,Failed,8448,16165,321,23,325,0.01142899552360177,0.05790200433693826,0.002320999978110194,0.06933099986054003,44,16,16,29.0,0.0
Falsify,Falsify,default,MultiPreserve,substTop_no_shift,4,Failed,348019,682355,832,27,284,0.4548569924663752,2.4348080076742917,0.07214599987491965,2.889665000140667,56,24,16,40.0,9.0
Falsify,Falsify,default,MultiPreserve,substTop_no_shift,5,Failed,299728,591916,493,23,308,0.4513319740071893,2.0722290261182934,0.05955899995751679,2.5235610001254827,44,20,16,30.0,5.0
Falsify,Falsify,default,MultiPreserve,substTop_no_shift,6,Failed,144668,282742,709,26,226,0.15870599052868783,1.0780600095167756,0.031710000010207295,1.2367660000454634,48,24,16,33.0,8.0
Falsify,Falsify,default,MultiPreserve,substTop_no_shift,7,Failed,517743,1019596,533,23,226,0.5542060169391334,3.833282982930541,0.10319599998183548,4.3874889998696744,28,20,16,13.0,5.0
Falsify,Falsify,default,MultiPreserve,substTop_no_shift,8,Failed,23236,45929,299,17,185,0.024666996905580163,0.1714170030318201,0.003128000069409609,0.19608399993740025,32,20,16,17.0,5.0
Falsify,Falsify,default,MultiPreserve,substTop_no_shift,9,Failed,63601,123846,718,27,343,0.06658598966896534,0.4713340103626251,0.010983000043779612,0.5379200000315905,52,24,16,37.0,9.0
Falsify,Falsify,default,SinglePreserve,substTop_no_shift_back,0,Failed,125190,245990,510,21,265,0.0349079966545105,0.9595280033536255,0.02643899992108345,0.994436000008136,20,16,16,7.0,0.0
Falsify,Falsify,default,SinglePreserve,substTop_no_shift_back,1,Failed,692530,1359844,746,27,256,0.17930302023887634,5.108216979773715,0.14041499979794023,5.2875200000125915,48,24,16,35.0,8.0
Falsify,Falsify,default,SinglePreserve,substTop_no_shift_back,2,Failed,96836,190459,496,22,265,0.026374002685770392,0.715963997412473,0.015390999848023055,0.7423380000982434,24,16,16,11.0,0.0
Falsify,Falsify,default,SinglePreserve,substTop_no_shift_back,3,Failed,25713,50141,402,21,238,0.00827099196612835,0.1963030081242323,0.00495600001886487,0.20457400009036064,36,16,16,23.0,0.0
Falsify,Falsify,default,SinglePreserve,substTop_no_shift_back,4,Failed,636835,1253128,399,23,356,0.16720101074315608,4.695347989210859,0.12857699999585748,4.862548999954015,24,16,16,11.0,0.0
Falsify,Falsify,default,SinglePreserve,substTop_no_shift_back,5,Failed,156731,308587,334,25,515,0.04273999622091651,1.2219640037510544,0.032035999931395054,1.264703999971971,36,24,16,23.0,9.0
Falsify,Falsify,default,SinglePreserve,substTop_no_shift_back,6,Failed,171546,338526,775,27,252,0.04520999290980399,1.2538510072045028,0.034730999963358045,1.2990610001143068,48,24,16,35.0,11.0
Falsify,Falsify,default,SinglePreserve,substTop_no_shift_back,7,Failed,379094,747274,664,22,229,0.09616401023231448,2.805508989840746,0.07916600001044571,2.9016730000730604,60,24,16,47.0,11.0
Falsify,Falsify,default,SinglePreserve,substTop_no_shift_back,8,Failed,61402,120107,760,27,371,0.0162880034185946,0.4652279964648187,0.010599000146612523,0.4815159998834133,48,24,16,35.0,11.0
Falsify,Falsify,default,SinglePreserve,substTop_no_shift_back,9,Failed,741951,1461204,808,28,261,0.2038969926070422,5.432965007377788,0.1502300000283867,5.636861999984831,56,24,16,43.0,11.0
Falsify,Falsify,default,MultiPreserve,substTop_no_shift_back,0,Failed,55772,108878,321,22,498,0.05886399839073419,0.4193940015975386,0.009138999972492456,0.4782579999882728,36,24,16,23.0,9.0
Falsify,Falsify,default,MultiPreserve,substTop_no_shift_back,1,Failed,97113,191482,291,21,310,0.10913399467244744,0.6967210052534938,0.014532000059261918,0.8058549999259412,32,16,16,19.0,0.0
Falsify,Falsify,default,MultiPreserve,substTop_no_shift_back,2,Failed,109166,214851,439,25,391,0.14294600998982787,0.7901869900524617,0.017709000036120415,0.9331330000422896,20,16,16,7.0,0.0
Falsify,Falsify,default,MultiPreserve,substTop_no_shift_back,3,Failed,95393,186933,302,23,320,0.1189560005441308,0.6813569995574653,0.018305999925360084,0.8003130001015961,44,16,16,31.0,0.0
Falsify,Falsify,default,MultiPreserve,substTop_no_shift_back,4,Failed,70060,136618,792,29,394,0.09369500959292054,0.4885559903923422,0.012027999851852655,0.5822509999852628,56,24,16,43.0,11.0
Falsify,Falsify,default,MultiPreserve,substTop_no_shift_back,5,Failed,230339,452065,601,24,245,0.294491023523733,1.7030559766571969,0.049911999842152,1.99754700018093,52,20,16,39.0,5.0
Falsify,Falsify,default,MultiPreserve,substTop_no_shift_back,6,Failed,576436,1132576,430,20,277,0.6075710328295827,4.300802967045456,0.11378500005230308,4.908373999875039,44,20,16,31.0,5.0
Falsify,Falsify,default,MultiPreserve,substTop_no_shift_back,7,Failed,182172,357895,368,21,167,0.19444799539633095,1.3151920046657322,0.03738999995402992,1.5096400000620631,32,24,16,17.0,8.0
Falsify,Falsify,default,MultiPreserve,substTop_no_shift_back,8,Failed,36610,71311,689,27,324,0.038428999250754714,0.26379300095140934,0.007081999909132719,0.30222200020216405,52,24,16,39.0,11.0
Falsify,Falsify,default,MultiPreserve,substTop_no_shift_back,9,Failed,422414,832858,338,20,298,0.4533119788393378,3.16866002115421,0.08424300001934171,3.621971999993548,32,16,16,19.0,0.0
Falsify,FalsifyCBC,default,SinglePreserve,shift_var_none,0,Failed,601,0,564,21,0,0.0008310000412166119,0.00035799993202090263,0.007008000044152141,0.0011889999732375145,50,16,16,34.0,1.0
Falsify,FalsifyCBC,default,SinglePreserve,shift_var_none,1,Failed,1372,0,909,23,0,0.006101000122725964,0.0006909999065101147,0.0065119999926537275,0.006792000029236078,37,20,16,21.0,5.0
Falsify,FalsifyCBC,default,SinglePreserve,shift_var_none,2,Failed,585,0,544,18,0,0.000232999911531806,7.00000673532486e-05,0.0027260000351816416,0.0003029999788850546,24,24,16,9.0,9.0
Falsify,FalsifyCBC,default,SinglePreserve,shift_var_none,3,Failed,909,0,882,26,0,4.6999892219901085e-05,2.8999987989664078e-05,0.00457100011408329,7.599988020956516e-05,30,21,16,14.0,6.0
Falsify,FalsifyCBC,default,SinglePreserve,shift_var_none,4,Failed,1492,0,1247,32,0,0.0018900001887232063,0.00015399977564811728,0.007179999956861138,0.0020439999643713236,63,20,16,48.0,6.0
Falsify,FalsifyCBC,default,SinglePreserve,shift_var_none,5,Failed,1029,0,829,21,0,0.0017919996753335,0.00028500030748546124,0.0045010000467300415,0.002076999982818961,21,21,16,5.0,6.0
Falsify,FalsifyCBC,default,SinglePreserve,shift_var_none,6,Failed,1449,0,1399,33,0,0.00014899997040629387,3.100000321865082e-05,0.007231999887153506,0.0001799999736249447,32,20,16,17.0,6.0
Falsify,FalsifyCBC,default,SinglePreserve,shift_var_none,7,Failed,875,0,843,22,0,8.399994112551212e-05,3.300001844763756e-05,0.004961000056937337,0.00011699995957314968,28,20,16,13.0,5.0
Falsify,FalsifyCBC,default,SinglePreserve,shift_var_none,8,Failed,1080,0,867,27,0,0.0013100006617605686,0.00010799942538142226,0.00432599987834692,0.0014180000871419909,48,24,16,33.0,9.0
Falsify,FalsifyCBC,default,SinglePreserve,shift_var_none,9,Failed,1367,0,1336,29,0,0.0001759999431669712,0.00010300008580088615,0.008935000048950315,0.00027900002896785736,51,34,16,35.0,19.0
Falsify,FalsifyCBC,default,MultiPreserve,shift_var_none,0,Failed,1186,0,717,25,0,0.003156000282615423,0.0005679996684193607,0.0032579998951405287,0.003723999951034784,93,16,16,77.0,1.0
Falsify,FalsifyCBC,default,MultiPreserve,shift_var_none,1,Failed,1568,0,980,29,0,0.005578999174758792,0.000289000803604722,0.004796000197529793,0.005867999978363514,21,21,16,5.0,6.0
Falsify,FalsifyCBC,default,MultiPreserve,shift_var_none,2,Failed,904,0,811,27,0,0.0003890001680701971,5.899975076317787e-05,0.0037350000347942114,0.000447999918833375,32,16,16,16.0,1.0
Falsify,FalsifyCBC,default,MultiPreserve,shift_var_none,3,Failed,2096,0,1431,31,0,0.005240000318735838,0.0010969997383654118,0.008480999851599336,0.00633700005710125,53,28,16,39.0,14.0
Falsify,FalsifyCBC,default,MultiPreserve,shift_var_none,4,Failed,909,0,610,20,0,0.0024339999072253704,0.0001650000922381878,0.0030980000738054514,0.002598999999463558,16,16,16,0.0,1.0
Falsify,FalsifyCBC,default,MultiPreserve,shift_var_none,5,Failed,2378,0,2054,41,0,0.002459999406710267,0.00015200069174170494,0.02128200000151992,0.002612000098451972,70,29,16,55.0,15.0
Falsify,FalsifyCBC,default,MultiPreserve,shift_var_none,6,Failed,1225,0,832,25,0,0.0032189988996833563,0.0002500009723007679,0.004156999988481402,0.003468999871984124,82,29,16,66.0,14.0
Falsify,FalsifyCBC,default,MultiPreserve,shift_var_none,7,Failed,943,0,742,20,0,0.0014560003764927387,0.00011999951675534248,0.003449999960139394,0.0015759998932480812,24,16,16,9.0,1.0
Falsify,FalsifyCBC,default,MultiPreserve,shift_var_none,8,Failed,1149,0,751,23,0,0.003257000120356679,0.0002159997820854187,0.0030330000445246696,0.0034729999024420977,28,16,16,12.0,1.0
Falsify,FalsifyCBC,default,MultiPreserve,shift_var_none,9,Failed,1316,0,930,28,0,0.003150000935420394,0.000231998972594738,0.0057749999687075615,0.003381999908015132,30,21,16,14.0,6.0
Falsify,FalsifyCBC,default,SinglePreserve,shift_var_all,0,Failed,796,0,640,22,0,0.0028350003995001316,0.0004379996098577976,0.00945799984037876,0.0032730000093579292,50,16,16,34.0,1.0
Falsify,FalsifyCBC,default,SinglePreserve,shift_var_all,1,Failed,1579,0,752,23,0,0.008660998428240418,0.0006110016256570816,0.006862999871373177,0.0092720000538975,67,24,16,51.0,9.0
Falsify,FalsifyCBC,default,SinglePreserve,shift_var_all,2,Failed,671,0,536,17,0,0.000761999748647213,8.800043724477291e-05,0.0040599999483674765,0.0008500001858919859,33,16,16,18.0,1.0
Falsify,FalsifyCBC,default,SinglePreserve,shift_var_all,3,Failed,512,0,472,17,0,0.00018800003454089165,4.300009459257126e-05,0.002741999924182892,0.0002310001291334629,44,16,16,28.0,1.0
Falsify,FalsifyCBC,default,SinglePreserve,shift_var_all,4,Failed,835,0,774,25,0,0.00024999980814754963,6.600026972591877e-05,0.006776999915018678,0.0003160000778734684,76,24,16,60.0,9.0
Falsify,FalsifyCBC,default,SinglePreserve,shift_var_all,5,Failed,955,0,636,18,0,0.0031790004577487707,0.0002779995556920767,0.003926000092178583,0.0034570000134408474,54,21,16,38.0,6.0
Falsify,FalsifyCBC,default,SinglePreserve,shift_var_all,6,Failed,1334,0,660,21,0,0.005572999594733119,0.00037100049667060375,0.00507299997843802,0.005944000091403723,88,21,16,72.0,6.0
Falsify,FalsifyCBC,default,SinglePreserve,shift_var_all,7,Failed,1671,0,648,20,0,0.009726000484079124,0.0005529995542019606,0.003166999900713563,0.010279000038281085,21,21,16,5.0,6.0
Falsify,FalsifyCBC,default,SinglePreserve,shift_var_all,8,Failed,1065,0,842,26,0,0.0017650006338953972,0.00014299945905804634,0.00558099988847971,0.0019080000929534435,41,24,16,25.0,9.0
Falsify,FalsifyCBC,default,SinglePreserve,shift_var_all,9,Failed,864,0,724,24,0,0.0014729993417859075,0.0001270005013793709,0.005493000149726868,0.0015999998431652784,71,16,16,56.0,1.0
Falsify,FalsifyCBC,default,MultiPreserve,shift_var_all,0,Failed,1445,0,1388,31,0,0.00024899980053305626,6.800028495490551e-05,0.015350000001490116,0.00031700008548796177,70,24,16,54.0,9.0
Falsify,FalsifyCBC,default,MultiPreserve,shift_var_all,1,Failed,1082,0,1009,27,0,0.0002990004140883684,5.79997431486845e-05,0.007422999944537878,0.0003570001572370529,54,29,16,38.0,14.0
Falsify,FalsifyCBC,default,MultiPreserve,shift_var_all,2,Failed,639,0,484,14,0,0.001493000891059637,0.00014099921099841595,0.003063999814912677,0.001634000102058053,24,24,16,9.0,9.0
Falsify,FalsifyCBC,default,MultiPreserve,shift_var_all,3,Failed,2621,0,2575,41,0,8.399994112551212e-05,4.600011743605137e-05,0.024314000038430095,0.0001300000585615635,64,40,16,49.0,26.0
Falsify,FalsifyCBC,default,MultiPreserve,shift_var_all,4,Failed,672,0,569,19,0,0.0007249996997416019,9.900028817355633e-05,0.004278999986127019,0.0008239999879151583,32,16,16,17.0,1.0
Falsify,FalsifyCBC,default,MultiPreserve,shift_var_all,5,Failed,1046,0,617,20,0,0.0031500014010816813,0.00025399867445230484,0.00367600005120039,0.003404000075533986,32,16,16,18.0,1.0
Falsify,FalsifyCBC,default,MultiPreserve,shift_var_all,6,Failed,1213,0,984,26,0,0.0016500004567205906,0.00015299953520297982,0.006692999973893166,0.0018029999919235704,44,24,16,29.0,9.0
Falsify,FalsifyCBC,default,MultiPreserve,shift_var_all,7,Failed,1472,0,710,22,0,0.005638000322505832,0.0006509996019303799,0.006154000060632825,0.006288999924436212,67,21,16,51.0,6.0
Falsify,FalsifyCBC,default,MultiPreserve,shift_var_all,8,Failed,990,0,559,22,0,0.003826000727713108,0.0002869991585612297,0.0033319999929517508,0.004112999886274338,65,16,16,50.0,1.0
Falsify,FalsifyCBC,default,MultiPreserve,shift_var_all,9,Failed,746,0,650,22,0,0.0004920000210404396,7.00000673532486e-05,0.005254999967291951,0.0005620000883936882,58,16,16,44.0,1.0
Falsify,FalsifyCBC,default,SinglePreserve,shift_var_leq,0,Failed,55562,0,1808,35,0,0.5053290009964257,0.03626599907875061,0.018183999927714467,0.5415950000751764,41,33,24,18.0,10.0
Falsify,FalsifyCBC,default,SinglePreserve,shift_var_leq,1,Failed,93843,0,1487,29,0,0.8655879753641784,0.05960602452978481,0.020729999989271164,0.9251939998939632,24,24,24,0.0,0.0
Falsify,FalsifyCBC,default,SinglePreserve,shift_var_leq,2,Failed,24036,0,1452,34,0,0.2572079966776073,0.013597003417089581,0.011312999995425344,0.2708050000946969,57,33,24,33.0,9.0
Falsify,FalsifyCBC,default,SinglePreserve,shift_var_leq,3,Failed,33305,0,2732,46,0,0.27227099775336683,0.02120400220155716,0.025932000018656257,0.293474999954924,41,41,24,17.0,17.0
Falsify,FalsifyCBC,default,SinglePreserve,shift_var_leq,4,Failed,21487,0,3209,44,0,0.1781889961566776,0.01346300379373136,0.03326799999922514,0.19165199995040896,28,37,24,5.0,15.0
Falsify,FalsifyCBC,default,SinglePreserve,shift_var_leq,5,Failed,11952,0,2182,39,0,0.08887699875049293,0.010724001331254826,0.01676600007340312,0.09960100008174776,33,33,24,9.0,9.0
Falsify,FalsifyCBC,default,SinglePreserve,shift_var_leq,6,Failed,42305,0,2600,45,0,0.3447330028284341,0.07203299715183675,0.025016000028699636,0.41676599998027086,33,42,24,9.0,18.0
Falsify,FalsifyCBC,default,SinglePreserve,shift_var_leq,7,Failed,12564,0,2665,42,0,0.0904470004606992,0.009780999505892396,0.032706999918445945,0.1002279999665916,104,58,24,81.0,36.0
Falsify,FalsifyCBC,default,SinglePreserve,shift_var_leq,8,Failed,73348,0,1380,30,0,0.6195330063346773,0.05264399363659322,0.016333000035956502,0.6721769999712706,24,24,24,0.0,0.0
Falsify,FalsifyCBC,default,SinglePreserve,shift_var_leq,9,Failed,80484,0,1446,30,0,0.7519820011220872,0.048690998926758766,0.017534999875351787,0.800673000048846,24,24,24,0.0,0.0
Falsify,FalsifyCBC,default,MultiPreserve,shift_var_leq,0,Failed,41688,0,2646,43,0,0.33561600209213793,0.03416499774903059,0.029464000137522817,0.3697809998411685,67,38,24,44.0,14.0
Falsify,FalsifyCBC,default,MultiPreserve,shift_var_leq,1,Failed,58224,0,2341,39,0,0.498157000169158,0.03630499984137714,0.022875000024214387,0.5344620000105351,28,28,24,4.0,4.0
Falsify,FalsifyCBC,default,MultiPreserve,shift_var_leq,2,Failed,51239,0,1542,34,0,0.416408997727558,0.06767000211402774,0.014304999960586429,0.48407899984158576,24,24,24,0.0,0.0
Falsify,FalsifyCBC,default,MultiPreserve,shift_var_leq,3,Failed,18448,0,3319,46,0,0.12894599698483944,0.01545000309124589,0.033503999933600426,0.14439600007608533,45,45,24,29.0,29.0
Falsify,FalsifyCBC,default,MultiPreserve,shift_var_leq,4,Failed,31767,0,2457,41,0,0.26151900202967227,0.016536998096853495,0.022212999872863293,0.27805600012652576,58,41,24,34.0,17.0
Falsify,FalsifyCBC,default,MultiPreserve,shift_var_leq,5,Failed,29068,0,2867,43,0,0.2422510066535324,0.01608999329619107,0.026488000061362985,0.2583409999497235,37,37,24,22.0,22.0
Falsify,FalsifyCBC,default,MultiPreserve,shift_var_leq,6,Failed,104115,0,1596,32,0,0.9330099863000214,0.0647530136629938,0.024517999961972237,0.9977629999630152,24,24,24,0.0,0.0
Falsify,FalsifyCBC,default,MultiPreserve,shift_var_leq,7,Failed,50061,0,1337,31,0,0.4428790034726262,0.031581996474415064,0.01359700015746057,0.4744609999470413,73,33,24,49.0,9.0
Falsify,FalsifyCBC,default,MultiPreserve,shift_var_leq,8,Failed,15004,0,2841,41,0,0.11190800415351988,0.00736799580045043,0.0233320000115782,0.11927599995397031,57,37,24,33.0,13.0
Falsify,FalsifyCBC,default,MultiPreserve,shift_var_leq,9,Failed,23659,0,1550,34,0,0.20397400110960007,0.01590699888765812,0.010719999903813004,0.2198809999972582,24,24,24,0.0,0.0
Falsify,FalsifyCBC,default,SinglePreserve,shift_abs_no_incr,0,Failed,871,0,722,22,0,0.003047000151127577,0.0004749998915940523,0.009885999839752913,0.003522000042721629,32,16,16,16.0,1.0
Falsify,FalsifyCBC,default,SinglePreserve,shift_abs_no_incr,1,Failed,1063,0,854,21,0,0.0019480003975331783,0.00018499954603612423,0.007280000019818544,0.0021329999435693026,46,38,16,31.0,23.0
Falsify,FalsifyCBC,default,SinglePreserve,shift_abs_no_incr,2,Failed,1463,0,1359,36,0,0.00046099978499114513,8.00001434981823e-05,0.012095999903976916,0.0005409999284893274,50,38,16,36.0,23.0
Falsify,FalsifyCBC,default,SinglePreserve,shift_abs_no_incr,3,Failed,1023,0,959,25,0,0.00023999973200261593,5.300017073750496e-05,0.006676000077277422,0.0002929999027401209,54,38,16,38.0,23.0
Falsify,FalsifyCBC,default,SinglePreserve,shift_abs_no_incr,4,Failed,1530,0,1244,33,0,0.002841999288648367,0.00020900066010653973,0.007092999992892146,0.0030509999487549067,96,38,16,80.0,23.0
Falsify,FalsifyCBC,default,SinglePreserve,shift_abs_no_incr,5,Failed,839,0,657,22,0,0.00100800022482872,0.00037499982863664627,0.004162999801337719,0.0013830000534653664,33,16,16,17.0,1.0
Falsify,FalsifyCBC,default,SinglePreserve,shift_abs_no_incr,6,Failed,1610,0,1402,30,0,0.001215000171214342,0.00012699980288743994,0.009811999974772334,0.0013419999741017818,46,46,16,30.0,31.0
Falsify,FalsifyCBC,default,SinglePreserve,shift_abs_no_incr,7,Failed,950,0,895,30,0,0.00021999981254339215,5.4000178351998356e-05,0.0062200000975281,0.0002739999908953905,53,24,16,38.0,9.0
Falsify,FalsifyCBC,default,SinglePreserve,shift_abs_no_incr,8,Failed,1268,0,632,21,0,0.005280000157654285,0.0003179998602718115,0.004102000035345554,0.005598000017926097,46,16,16,30.0,1.0
Falsify,FalsifyCBC,default,SinglePreserve,shift_abs_no_incr,9,Failed,743,0,585,23,0,0.0012139996979385614,9.500025771558306e-05,0.004781000083312392,0.0013089999556541445,38,16,16,23.0,1.0
Falsify,FalsifyCBC,default,MultiPreserve,shift_abs_no_incr,0,Failed,1185,0,787,24,0,0.003616999369114638,0.00022700079716741995,0.005768999923020601,0.0038440001662820578,44,24,16,31.0,9.0
Falsify,FalsifyCBC,default,MultiPreserve,shift_abs_no_incr,1,Failed,2196,0,593,19,0,0.013792998623102903,0.0011210015509277582,0.004179999930784106,0.014914000174030662,75,16,16,59.0,1.0
Falsify,FalsifyCBC,default,MultiPreserve,shift_abs_no_incr,2,Failed,681,0,659,20,0,0.00019400031305849552,6.999983452260494e-05,0.004411999834701419,0.00026400014758110046,51,16,16,35.0,1.0
Falsify,FalsifyCBC,default,MultiPreserve,shift_abs_no_incr,3,Failed,3602,0,1983,44,0,0.01279499987140298,0.0014369999989867193,0.02102799993008375,0.0142319998703897,69,32,16,55.0,18.0
Falsify,FalsifyCBC,default,MultiPreserve,shift_abs_no_incr,4,Failed,1472,0,1070,26,0,0.003755999496206641,0.000243000453338027,0.008652999997138977,0.003998999949544668,45,24,16,33.0,9.0
Falsify,FalsifyCBC,default,MultiPreserve,shift_abs_no_incr,5,Failed,2234,0,1298,30,0,0.007366000441834331,0.0008039996027946463,0.011004999978467822,0.008170000044628978,89,20,16,74.0,5.0
Falsify,FalsifyCBC,default,MultiPreserve,shift_abs_no_incr,6,Failed,912,0,777,24,0,0.0006280001252889633,7.499987259507179e-05,0.005793000105768442,0.0007029999978840351,44,24,16,28.0,9.0
Falsify,FalsifyCBC,default,MultiPreserve,shift_abs_no_incr,7,Failed,1940,0,1390,32,0,0.0047510003205388784,0.0002879996318370104,0.011529000010341406,0.005038999952375889,32,20,16,17.0,5.0
Falsify,FalsifyCBC,default,MultiPreserve,shift_abs_no_incr,8,Failed,1344,0,691,21,0,0.005535000702366233,0.0007069993298500776,0.004588000010699034,0.0062420000322163105,33,16,16,18.0,1.0
Falsify,FalsifyCBC,default,MultiPreserve,shift_abs_no_incr,9,Failed,653,0,597,17,0,0.0002639999147504568,5.400017835199833e-05,0.004435000009834766,0.00031800009310245514,52,16,16,36.0,1.0
Falsify,FalsifyCBC,default,SinglePreserve,subst_var_all,0,Failed,835,0,681,20,0,0.0029759996104985476,0.00047000031918287277,0.011498000007122757,0.0034459999296814203,58,24,20,40.0,13.0
Falsify,FalsifyCBC,default,SinglePreserve,subst_var_all,1,Failed,2041,0,1916,41,0,0.0007569999434053898,9.80000477284193e-05,0.020764000015333295,0.0008549999911338091,99,50,20,79.0,31.0
Falsify,FalsifyCBC,default,SinglePreserve,subst_var_all,2,Failed,1129,0,1023,31,0,0.0004929997958242893,9.300000965595245e-05,0.008273000130429864,0.0005859998054802418,85,29,20,66.0,11.0
Falsify,FalsifyCBC,default,SinglePreserve,subst_var_all,3,Failed,2230,0,2130,37,0,0.00039199949242174625,8.700042963027954e-05,0.017161000054329634,0.0004789999220520258,76,50,20,58.0,34.0
Falsify,FalsifyCBC,default,SinglePreserve,subst_var_all,4,Failed,1022,0,927,24,0,0.0005529997870326042,0.00014400039799511433,0.005402999930083752,0.0006970001850277185,20,20,20,13.0,14.0
Falsify,FalsifyCBC,default,SinglePreserve,subst_var_all,5,Failed,1361,0,822,22,0,0.0041579995304346085,0.0002920003607869148,0.00495900004170835,0.004449999891221523,32,24,20,17.0,13.0
Falsify,FalsifyCBC,default,SinglePreserve,subst_var_all,6,Failed,2246,0,1258,29,0,0.007589999120682478,0.00048800092190504074,0.008435999974608421,0.008078000042587519,50,46,20,31.0,27.0
Falsify,FalsifyCBC,default,SinglePreserve,subst_var_all,7,Failed,1140,0,1043,27,0,0.0003660002257674933,6.899982690811152e-05,0.005865999963134527,0.0004350000526756048,35,25,20,25.0,17.0
Falsify,FalsifyCBC,default,SinglePreserve,subst_var_all,8,Failed,1146,0,1083,27,0,0.0002460000105202198,4.700012505054474e-05,0.01116700004786253,0.00029300013557076454,71,29,20,54.0,15.0
Falsify,FalsifyCBC,default,SinglePreserve,subst_var_all,9,Failed,1642,0,1402,36,0,0.001445000059902668,0.00012600002810359,0.009605999803170562,0.001571000088006258,40,20,20,25.0,14.0
Falsify,FalsifyCBC,default,MultiPreserve,subst_var_all,0,Failed,1555,0,1122,29,0,0.004120000172406435,0.00021199975162744522,0.010075999889522793,0.00433199992403388,79,29,20,61.0,15.0
Falsify,FalsifyCBC,default,MultiPreserve,subst_var_all,1,Failed,2645,0,2570,42,0,0.000232999911531806,4.900014027953148e-05,0.024782999884337187,0.00028200005181133747,69,45,20,50.0,27.0
Falsify,FalsifyCBC,default,MultiPreserve,subst_var_all,2,Failed,921,0,674,21,0,0.0024559996090829372,0.00015700049698352857,0.005395999876782298,0.002613000106066466,36,24,20,21.0,13.0
Falsify,FalsifyCBC,default,MultiPreserve,subst_var_all,3,Failed,675,0,653,20,0,6.200000643730164e-05,3.1000003218650804e-05,0.00380200007930398,9.300000965595244e-05,24,24,20,9.0,10.0
Falsify,FalsifyCBC,default,MultiPreserve,subst_var_all,4,Failed,1054,0,975,26,0,0.0003100000321865082,7.100007496774197e-05,0.005188999930396676,0.00038100010715425014,20,20,20,13.0,14.0
Falsify,FalsifyCBC,default,MultiPreserve,subst_var_all,5,Failed,1660,0,1464,34,0,0.0013039999175816774,0.00010100007057189941,0.013749000150710344,0.0014049999881535769,57,28,20,38.0,13.0
Falsify,FalsifyCBC,default,MultiPreserve,subst_var_all,6,Failed,1392,0,1320,28,0,0.00031400052830576897,6.29995483905077e-05,0.011952999979257584,0.00037700007669627666,48,28,20,29.0,13.0
Falsify,FalsifyCBC,default,MultiPreserve,subst_var_all,7,Failed,1205,0,819,20,0,0.003148999996483326,0.00018800003454089165,0.004830999998375773,0.0033370000310242176,38,29,20,19.0,11.0
Falsify,FalsifyCBC,default,MultiPreserve,subst_var_all,8,Failed,1112,0,620,19,0,0.0037180008366703983,0.0007909992709755902,0.005013999994844198,0.0045090001076459885,109,24,20,91.0,13.0
Falsify,FalsifyCBC,default,MultiPreserve,subst_var_all,9,Failed,2231,0,1777,42,0,0.00381799996830523,0.00028000003658235073,0.011842999840155244,0.004098000004887581,69,33,20,54.0,18.0
Falsify,FalsifyCBC,default,SinglePreserve,subst_var_none,0,Failed,276,0,247,14,0,0.0007499998901039362,0.00036600022576749325,0.0017460000235587358,0.0011160001158714294,12,12,12,1.0,1.0
Falsify,FalsifyCBC,default,SinglePreserve,subst_var_none,1,Failed,593,0,530,23,0,0.00047699990682303905,9.099999442696571e-05,0.004575000144541264,0.0005679999012500048,50,20,12,39.0,9.0
Falsify,FalsifyCBC,default,SinglePreserve,subst_var_none,2,Failed,343,0,282,17,0,0.0002789997961372137,5.800020880997181e-05,0.0016469999682158232,0.0003370000049471855,72,12,12,60.0,1.0
Falsify,FalsifyCBC,default,SinglePreserve,subst_var_none,3,Failed,370,0,348,16,0,6.700004450976849e-05,2.9999995604157434e-05,0.001459999941289425,9.700004011392592e-05,21,12,12,9.0,1.0
Falsify,FalsifyCBC,default,SinglePreserve,subst_var_none,4,Failed,557,0,537,18,0,5.2999937906861305e-05,2.9999995604157448e-05,0.0034080001059919596,8.299993351101875e-05,20,20,12,8.0,9.0
Falsify,FalsifyCBC,default,SinglePreserve,subst_var_none,5,Failed,1188,0,1152,28,0,9.699980728328228e-05,3.400002606213093e-05,0.010756000177934766,0.0001309998333454132,55,29,12,43.0,18.0
Falsify,FalsifyCBC,default,SinglePreserve,subst_var_none,6,Failed,286,0,266,16,0,5.6999968364834785e-05,3.100000321865082e-05,0.00101500004529953,8.79999715834856e-05,12,12,12,0.0,1.0
Falsify,FalsifyCBC,default,SinglePreserve,subst_var_none,7,Failed,769,0,723,19,0,0.00016799988225102425,4.200008697807786e-05,0.006195000139996409,0.0002099999692291021,51,34,12,39.0,23.0
Falsify,FalsifyCBC,default,SinglePreserve,subst_var_none,8,Failed,301,0,275,13,0,9.300000965595244e-05,5.599996075034143e-05,0.001183000160381198,0.00014899997040629387,21,12,12,9.0,1.0
Falsify,FalsifyCBC,default,SinglePreserve,subst_var_none,9,Failed,324,0,295,15,0,0.00011499994434416294,3.200001083314419e-05,0.0011439998634159565,0.00014699995517730713,46,12,12,34.0,1.0
Falsify,FalsifyCBC,default,MultiPreserve,subst_var_none,0,Failed,2295,0,2246,38,0,0.0001420003827661276,3.599980846047399e-05,0.02341599995270371,0.0001780001912266016,45,36,12,33.0,25.0
Falsify,FalsifyCBC,default,MultiPreserve,subst_var_none,1,Failed,389,0,292,19,0,0.0005199997685849667,7.300032302737236e-05,0.0017969999462366104,0.000593000091612339,79,12,12,67.0,1.0
Falsify,FalsifyCBC,default,MultiPreserve,subst_var_none,2,Failed,361,0,333,17,0,0.00014599994756281376,3.700004890561104e-05,0.0012890000361949203,0.0001829999964684248,12,12,12,1.0,1.0
Falsify,FalsifyCBC,default,MultiPreserve,subst_var_none,3,Failed,331,0,312,18,0,0.0001309998333454132,3.600004129111767e-05,0.0017500000540167091,0.00016699987463653088,12,12,12,0.0,1.0
Falsify,FalsifyCBC,default,MultiPreserve,subst_var_none,4,Failed,820,0,734,21,0,0.0004369998350739479,6.900005973875523e-05,0.003906999947503209,0.0005059998948127031,25,25,12,14.0,14.0
Falsify,FalsifyCBC,default,MultiPreserve,subst_var_none,5,Failed,487,0,390,22,0,0.0004950000438839197,6.299978122115135e-05,0.0016900000628083944,0.0005579998251050711,63,12,12,52.0,1.0
Falsify,FalsifyCBC,default,MultiPreserve,subst_var_none,6,Failed,1225,0,1090,30,0,0.0009719999507069588,7.899990305304527e-05,0.007071000058203936,0.001050999853760004,45,20,12,33.0,9.0
Falsify,FalsifyCBC,default,MultiPreserve,subst_var_none,7,Failed,331,0,299,19,0,0.00012400001287460327,3.300001844763756e-05,0.0016840000171214342,0.00015700003132224083,98,12,12,86.0,1.0
Falsify,FalsifyCBC,default,MultiPreserve,subst_var_none,8,Failed,643,0,576,21,0,0.0003080002497881651,4.699965938925743e-05,0.0033180001191794872,0.0003549999091774225,45,20,12,35.0,9.0
Falsify,FalsifyCBC,default,MultiPreserve,subst_var_none,9,Failed,750,0,706,22,0,0.0001750001683831215,4.399963654577732e-05,0.0035730001982301474,0.0002189998049288988,29,21,12,18.0,10.0
Falsify,FalsifyCBC,default,SinglePreserve,subst_abs_no_shift,0,Failed,4375,0,3455,54,0,0.014982998603954911,0.001744001405313611,0.039050000021234155,0.016727000009268522,80,33,24,57.0,18.0
Falsify,FalsifyCBC,default,SinglePreserve,subst_abs_no_shift,1,Failed,8045,0,3352,45,0,0.04495699866674841,0.0028900012839585473,0.03213700000196695,0.04784699995070696,73,49,24,50.0,26.0
Falsify,FalsifyCBC,default,SinglePreserve,subst_abs_no_shift,2,Failed,32227,0,2681,45,0,0.2623380017466843,0.0189099982380867,0.03184999991208315,0.281247999984771,109,42,24,85.0,18.0
Falsify,FalsifyCBC,default,SinglePreserve,subst_abs_no_shift,3,Failed,38170,0,1558,32,0,0.31832600804045796,0.021364992018789053,0.016468999907374382,0.339691000059247,67,33,24,43.0,9.0
Falsify,FalsifyCBC,default,SinglePreserve,subst_abs_no_shift,4,Failed,48196,0,4487,61,0,0.41172100347466767,0.028070996515452917,0.05942000006325543,0.4397919999901206,87,55,24,63.0,31.0
Falsify,FalsifyCBC,default,SinglePreserve,subst_abs_no_shift,5,Failed,125567,0,2286,40,0,1.0768069906625897,0.09045900939963758,0.042779000010341406,1.1672660000622272,24,41,24,0.0,18.0
Falsify,FalsifyCBC,default,SinglePreserve,subst_abs_no_shift,6,Failed,18369,0,1507,32,0,0.14511500298976898,0.01269099721685052,0.009409999940544369,0.1578060002066195,24,24,24,0.0,0.0
Falsify,FalsifyCBC,default,SinglePreserve,subst_abs_no_shift,7,Failed,19342,0,1535,32,0,0.155008003115654,0.011990996776148677,0.010008000070229173,0.16699899989180267,24,24,24,0.0,0.0
Falsify,FalsifyCBC,default,SinglePreserve,subst_abs_no_shift,8,Failed,48611,0,2227,41,0,0.4309219899587333,0.030523010063916445,0.018623000010848045,0.46144500002264977,28,28,24,13.0,13.0
Falsify,FalsifyCBC,default,SinglePreserve,subst_abs_no_shift,9,Failed,19789,0,2655,49,0,0.1485920015256852,0.0168539984151721,0.02708799997344613,0.1654459999408573,117,34,24,93.0,18.0
Falsify,FalsifyCBC,default,MultiPreserve,subst_abs_no_shift,0,Failed,10118,0,1526,36,0,0.07557099941186607,0.004963000770658255,0.009477999992668629,0.08053400018252432,24,24,24,0.0,0.0
Falsify,FalsifyCBC,default,MultiPreserve,subst_abs_no_shift,1,Failed,130184,0,4911,62,0,1.2174129968043417,0.0845030031632632,0.07817499991506338,1.3019159999676049,49,41,24,30.0,22.0
Falsify,FalsifyCBC,default,MultiPreserve,subst_abs_no_shift,2,Failed,31852,0,3213,47,0,0.2533159954473376,0.017469004495069385,0.03073900006711483,0.270784999942407,53,45,24,30.0,22.0
Falsify,FalsifyCBC,default,MultiPreserve,subst_abs_no_shift,3,Failed,46840,0,2364,38,0,0.4117300042416901,0.027841995935887043,0.020737000042572618,0.43957200017757714,24,33,24,0.0,10.0
Falsify,FalsifyCBC,default,MultiPreserve,subst_abs_no_shift,4,Failed,103143,0,2372,41,0,0.803574004676193,0.18356399540789425,0.036241999827325344,0.9871380000840873,99,42,24,76.0,19.0
Falsify,FalsifyCBC,default,MultiPreserve,subst_abs_no_shift,5,Failed,133944,0,2621,38,0,1.1731969937682152,0.08343000616878271,0.04374500014819205,1.256626999936998,28,33,24,13.0,17.0
Falsify,FalsifyCBC,default,MultiPreserve,subst_abs_no_shift,6,Failed,177071,0,2285,41,0,1.6313789868727326,0.13322301302105166,0.07907500001601875,1.7646019998937843,69,37,24,45.0,13.0
Falsify,FalsifyCBC,default,MultiPreserve,subst_abs_no_shift,7,Failed,93074,0,1696,37,0,0.8467230000533164,0.05828300002031028,0.023546999786049128,0.9050060000736266,24,24,24,0.0,0.0
Falsify,FalsifyCBC,default,MultiPreserve,subst_abs_no_shift,8,Failed,96887,0,1606,35,0,0.8727279966697097,0.06703800335526466,0.0291399999987334,0.9397660000249743,28,24,24,4.0,0.0
Falsify,FalsifyCBC,default,MultiPreserve,subst_abs_no_shift,9,Failed,21346,0,1322,29,0,0.1665729908272624,0.017416009213775396,0.009228999959304929,0.1839890000410378,24,24,24,0.0,0.0
Falsify,FalsifyCBC,default,SinglePreserve,subst_abs_no_incr,0,Failed,782,0,752,24,0,0.0006789998151361942,0.00034300005063414574,0.012860000133514404,0.00102199986577034,45,20,20,26.0,2.0
Falsify,FalsifyCBC,default,SinglePreserve,subst_abs_no_incr,1,Failed,1328,0,1257,35,0,0.00041099986992776394,5.5000185966491753e-05,0.015266999835148454,0.0004660000558942557,63,24,20,44.0,13.0
Falsify,FalsifyCBC,default,SinglePreserve,subst_abs_no_incr,2,Failed,1196,0,759,24,0,0.003284999867901206,0.0005710001569241285,0.005373999942094088,0.0038560000248253345,50,20,20,31.0,2.0
Falsify,FalsifyCBC,default,SinglePreserve,subst_abs_no_incr,3,Failed,850,0,699,22,0,0.000817000400274992,0.0003789996262639761,0.005345999961718917,0.001196000026538968,62,24,20,42.0,13.0
Falsify,FalsifyCBC,default,SinglePreserve,subst_abs_no_incr,4,Failed,1428,0,1282,30,0,0.0010280001442879438,0.0001029998529702425,0.014006000012159348,0.0011309999972581863,122,46,20,103.0,28.0
Falsify,FalsifyCBC,default,SinglePreserve,subst_abs_no_incr,5,Failed,1199,0,928,25,0,0.0020120004191994667,0.00014599948190152645,0.00610000011511147,0.002157999901100993,32,20,20,13.0,2.0
Falsify,FalsifyCBC,default,SinglePreserve,subst_abs_no_incr,6,Failed,2743,0,2246,39,0,0.0035640005953609943,0.00022899941541254477,0.031651000026613474,0.003793000010773539,72,28,20,52.0,9.0
Falsify,FalsifyCBC,default,SinglePreserve,subst_abs_no_incr,7,Failed,830,0,707,22,0,0.0005799999926239252,7.800012826919556e-05,0.00595899997279048,0.0006580001208931208,61,24,20,41.0,13.0
Falsify,FalsifyCBC,default,SinglePreserve,subst_abs_no_incr,8,Failed,1168,0,749,22,0,0.004265000810846686,0.00023499922826886177,0.00508899986743927,0.004500000039115548,46,20,20,27.0,2.0
Falsify,FalsifyCBC,default,SinglePreserve,subst_abs_no_incr,9,Failed,1565,0,1224,26,0,0.0032700002193450928,0.00022099982015788555,0.009239000035449862,0.0034910000395029783,36,28,20,18.0,10.0
Falsify,FalsifyCBC,default,MultiPreserve,subst_abs_no_incr,0,Failed,1095,0,971,28,0,0.000691999914124608,0.00023400015197694312,0.007760999957099557,0.0009260000661015512,54,24,20,38.0,13.0
Falsify,FalsifyCBC,default,MultiPreserve,subst_abs_no_incr,1,Failed,1317,0,1058,30,0,0.002691000234335661,0.00016099982894957066,0.009468999924138188,0.0028520000632852316,80,29,20,61.0,11.0
Falsify,FalsifyCBC,default,MultiPreserve,subst_abs_no_incr,2,Failed,1341,0,742,22,0,0.00467900070361793,0.0005849993322044611,0.006292999954894185,0.0052640000358223915,62,29,20,43.0,11.0
Falsify,FalsifyCBC,default,MultiPreserve,subst_abs_no_incr,3,Failed,1152,0,1094,30,0,0.00039399974048137665,6.700027734041214e-05,0.007818999933078885,0.0004610000178217888,32,24,20,17.0,13.0
Falsify,FalsifyCBC,default,MultiPreserve,subst_abs_no_incr,4,Failed,1455,0,845,23,0,0.0059819999150931835,0.00041200011037290096,0.006630999967455864,0.0063940000254660845,42,20,20,23.0,2.0
Falsify,FalsifyCBC,default,MultiPreserve,subst_abs_no_incr,5,Failed,1477,0,879,31,0,0.004459999036043882,0.0009280010126531124,0.006166000152006745,0.005388000048696995,46,20,20,26.0,2.0
Falsify,FalsifyCBC,default,MultiPreserve,subst_abs_no_incr,6,Failed,915,0,740,23,0,0.0015819997061043978,0.00020600040443241575,0.005694999825209379,0.0017880001105368135,37,20,20,19.0,2.0
Falsify,FalsifyCBC,default,MultiPreserve,subst_abs_no_incr,7,Failed,2024,0,1314,28,0,0.005987000884488225,0.00037899892777204514,0.011144000105559826,0.00636599981226027,40,24,20,21.0,5.0
Falsify,FalsifyCBC,default,MultiPreserve,subst_abs_no_incr,8,Failed,1210,0,878,23,0,0.0026069998275488615,0.0001880002673715353,0.00583599996753037,0.002795000094920397,40,24,20,23.0,13.0
Falsify,FalsifyCBC,default,MultiPreserve,subst_abs_no_incr,9,Failed,943,0,833,26,0,0.0005250000394880772,7.79998954385519e-05,0.006373000098392367,0.0006029999349266291,36,24,20,19.0,13.0
Falsify,FalsifyCBC,default,SinglePreserve,substTop_no_shift,0,Failed,1244,0,705,22,0,0.010496999835595489,0.0008540002163499594,0.0052189999260008335,0.011351000051945448,40,24,16,24.0,9.0
Falsify,FalsifyCBC,default,SinglePreserve,substTop_no_shift,1,Failed,1443,0,929,24,0,0.0055420000571757555,0.00039299996569752693,0.0063229999504983425,0.005935000022873282,37,20,16,21.0,5.0
Falsify,FalsifyCBC,default,SinglePreserve,substTop_no_shift,2,Failed,1779,0,1397,28,0,0.0033129993826150894,0.00020700064487755299,0.010098000057041643,0.0035200000274926424,79,38,16,63.0,23.0
Falsify,FalsifyCBC,default,SinglePreserve,substTop_no_shift,3,Failed,1480,0,821,27,0,0.00537899904884398,0.0007180010434240103,0.005767999915406108,0.00609700009226799,63,29,16,47.0,14.0
Falsify,FalsifyCBC,default,SinglePreserve,substTop_no_shift,4,Failed,1431,0,1356,33,0,0.00025199982337653637,4.600011743605137e-05,0.011710999999195336,0.00029799994081258774,58,25,16,43.0,10.0
Falsify,FalsifyCBC,default,SinglePreserve,substTop_no_shift,5,Failed,1055,0,970,27,0,0.00037299981340765953,5.600019358098507e-05,0.005300999851897359,0.0004290000069886446,21,21,16,5.0,6.0
Falsify,FalsifyCBC,default,SinglePreserve,substTop_no_shift,6,Failed,2517,0,2337,41,0,0.0012789994943886995,9.900052100419998e-05,0.01978700002655387,0.0013780000153928995,71,50,16,56.0,36.0
Falsify,FalsifyCBC,default,SinglePreserve,substTop_no_shift,7,Failed,967,0,785,24,0,0.001096000662073493,0.0001209992915391922,0.004469000035896897,0.0012169999536126852,33,16,16,18.0,1.0
Falsify,FalsifyCBC,default,SinglePreserve,substTop_no_shift,8,Failed,1972,0,1649,34,0,0.0024029994383454323,0.00015600048936903477,0.010968000162392856,0.002558999927714467,24,24,16,9.0,10.0
Falsify,FalsifyCBC,default,SinglePreserve,substTop_no_shift,9,Failed,1820,0,1379,28,0,0.0036880001425743103,0.00022499985061585903,0.008993000024929643,0.003912999993190169,56,32,16,41.0,18.0
Falsify,FalsifyCBC,default,MultiPreserve,substTop_no_shift,0,Failed,910,0,759,22,0,0.001339999958872795,9.700004011392593e-05,0.003412000136449933,0.001436999998986721,57,16,16,41.0,1.0
Falsify,FalsifyCBC,default,MultiPreserve,substTop_no_shift,1,Failed,738,0,657,24,0,0.0003220001235604286,7.499987259507179e-05,0.0036269999109208584,0.0003969999961555004,66,24,16,51.0,9.0
Falsify,FalsifyCBC,default,MultiPreserve,substTop_no_shift,2,Failed,2563,0,1306,30,0,0.01156400190666318,0.0006679981015622598,0.013671000022441149,0.01223200000822544,57,25,16,41.0,11.0
Falsify,FalsifyCBC,default,MultiPreserve,substTop_no_shift,3,Failed,985,0,937,28,0,0.00015000044368207455,4.099961370229721e-05,0.006087000016123056,0.00019100005738437176,47,21,16,31.0,6.0
Falsify,FalsifyCBC,default,MultiPreserve,substTop_no_shift,4,Failed,1030,0,811,24,0,0.0014319999609142542,0.00010600010864436626,0.0040599999483674765,0.0015380000695586205,21,21,16,5.0,6.0
Falsify,FalsifyCBC,default,MultiPreserve,substTop_no_shift,5,Failed,806,0,747,25,0,0.00027600000612437725,4.700012505054474e-05,0.004083999898284674,0.000323000131174922,37,24,16,22.0,9.0
Falsify,FalsifyCBC,default,MultiPreserve,substTop_no_shift,6,Failed,1522,0,882,24,0,0.005522999679669738,0.0003520003519952297,0.004462999990209937,0.0058750000316649675,21,21,16,5.0,6.0
Falsify,FalsifyCBC,default,MultiPreserve,substTop_no_shift,7,Failed,1719,0,1320,28,0,0.0030129996594041586,0.0007650002371519804,0.008467000210657716,0.003777999896556139,37,24,16,21.0,9.0
Falsify,FalsifyCBC,default,MultiPreserve,substTop_no_shift,8,Failed,1828,0,930,26,0,0.007076000329107046,0.0009019996505230665,0.0062339999713003635,0.007977999979630113,64,21,16,49.0,6.0
Falsify,FalsifyCBC,default,MultiPreserve,substTop_no_shift,9,Failed,1262,0,824,29,0,0.0033200006000697613,0.0002719992771744728,0.0036650002002716064,0.003591999877244234,33,24,16,17.0,9.0
Falsify,FalsifyCBC,default,SinglePreserve,substTop_no_shift_back,0,Failed,929,0,714,21,0,0.003626000368967652,0.00047999969683587594,0.007688999874517322,0.004106000065803528,21,21,16,8.0,8.0
Falsify,FalsifyCBC,default,SinglePreserve,substTop_no_shift_back,1,Failed,1171,0,1102,30,0,0.0003609997220337391,6.200023926794529e-05,0.007978000212460756,0.0004229999613016844,49,20,16,36.0,7.0
Falsify,FalsifyCBC,default,SinglePreserve,substTop_no_shift_back,2,Failed,1682,0,1297,30,0,0.0033390005119144917,0.0002359994687139988,0.009251999901607633,0.0035749999806284904,64,39,16,48.0,23.0
Falsify,FalsifyCBC,default,SinglePreserve,substTop_no_shift_back,3,Failed,1760,0,1682,32,0,0.00029799994081258774,6.3000014051795e-05,0.01436099992133677,0.00036099995486438274,46,29,16,33.0,16.0
Falsify,FalsifyCBC,default,SinglePreserve,substTop_no_shift_back,4,Failed,1072,0,900,25,0,0.0012119996827095747,0.0001050001010298729,0.006797000067308545,0.0013169997837394476,98,21,16,85.0,5.0
Falsify,FalsifyCBC,default,SinglePreserve,substTop_no_shift_back,5,Failed,801,0,773,24,0,5.5999960750341415e-05,2.7999980375170708e-05,0.0035490000154823065,8.399994112551212e-05,32,16,16,19.0,3.0
Falsify,FalsifyCBC,default,SinglePreserve,substTop_no_shift_back,6,Failed,991,0,941,23,0,0.00016399985179305077,6.400025449693203e-05,0.010861000046133997,0.0002280001062899828,122,25,16,107.0,12.0
Falsify,FalsifyCBC,default,SinglePreserve,substTop_no_shift_back,7,Failed,1116,0,1062,25,0,0.0002189998049288988,4.000007174909115e-05,0.010572999948635696,0.00025899987667798996,72,39,16,56.0,23.0
Falsify,FalsifyCBC,default,SinglePreserve,substTop_no_shift_back,8,Failed,1768,0,1539,34,0,0.0019069993868470192,0.0001550004817545414,0.01266800006851554,0.0020619998686015606,74,50,16,61.0,37.0
Falsify,FalsifyCBC,default,SinglePreserve,substTop_no_shift_back,9,Failed,1733,0,1480,31,0,0.001978000393137336,0.0001419996842741962,0.01485899998806417,0.0021200000774115324,49,37,16,34.0,24.0
Falsify,FalsifyCBC,default,MultiPreserve,substTop_no_shift_back,0,Failed,1115,0,752,24,0,0.002771999454125762,0.0002130006905645132,0.0031389999203383923,0.002985000144690275,16,16,16,3.0,3.0
Falsify,FalsifyCBC,default,MultiPreserve,substTop_no_shift_back,1,Failed,1008,0,846,24,0,0.001131999772042036,0.00010400009341537952,0.004198000067844987,0.0012359998654574156,38,21,16,25.0,5.0
Falsify,FalsifyCBC,default,MultiPreserve,substTop_no_shift_back,2,Failed,843,0,600,18,0,0.0015850008931010962,0.00013099913485348225,0.0026779999025166035,0.0017160000279545784,20,16,16,7.0,0.0
Falsify,FalsifyCBC,default,MultiPreserve,substTop_no_shift_back,3,Failed,869,0,785,26,0,0.0003279999364167452,6.100023165345192e-05,0.004267999902367592,0.0003890001680701971,33,16,16,20.0,0.0
Falsify,FalsifyCBC,default,MultiPreserve,substTop_no_shift_back,4,Failed,838,0,789,25,0,0.00016799988225102425,3.40000260621309e-05,0.003920000046491623,0.00020199990831315515,21,21,16,6.0,5.0
Falsify,FalsifyCBC,default,MultiPreserve,substTop_no_shift_back,5,Failed,1073,0,838,25,0,0.0015940002631396055,0.00012499978765845277,0.003728999989107251,0.0017190000507980583,16,16,16,0.0,0.0
Falsify,FalsifyCBC,default,MultiPreserve,substTop_no_shift_back,6,Failed,933,0,878,28,0,0.00018900004215538504,4.600011743605137e-05,0.004658999852836132,0.0002350001595914364,24,16,16,11.0,3.0
Falsify,FalsifyCBC,default,MultiPreserve,substTop_no_shift_back,7,Failed,1316,0,802,25,0,0.0038499990478158,0.0005880009848624464,0.003378000110387802,0.0044380000326782465,16,16,16,3.0,3.0
Falsify,FalsifyCBC,default,MultiPreserve,substTop_no_shift_back,8,Failed,2389,0,1093,27,0,0.011563000502064824,0.0009099994786083698,0.007742000045254827,0.012472999980673194,69,34,16,56.0,21.0
Falsify,FalsifyCBC,default,MultiPreserve,substTop_no_shift_back,9,Failed,1611,0,1443,30,0,0.0008639995940029621,0.00033600046299397945,0.009938000002875924,0.0012000000569969416,20,20,16,5.0,5.0
